X,W,Z,Y
1.1370547405609435,1.221767788349106,0.32782924746671177,1.9445320685408851
-0.112905256,0.46583489,0.5996499668860954,0.6555135542290456
2.077755426518279,1.795413628632273,-0.063392915,5.9344114863659225
0.45637250999113665,-0.512159471,1.177412747942099,-0.188064437
-1.012401633,0.08000163,-0.275697064,-0.533774824
1.4676744733815226,-0.029919767,0.15553792152263668,0.41684946755330654
-1.179811094,-1.043382743,-1.493909938,-2.057473098
0.6322854250077281,-0.448065411,-0.602200077,0.913496531
0.2791692450758849,0.9097357024447489,-0.035662996,2.656630815112056
0.4146627710778069,0.068679622,0.811900015,-0.409498378
0.1910086050840319,-0.271011245,0.1798279875877647,-0.616053568
-0.757682161,-0.054602871,-1.235193509,-1.539077322
0.6894063540359674,0.5786385760864454,-0.211805141,2.0740945321221123
0.20126055497639173,-0.542160738,-0.417861815,-0.465570409
-0.596379752,0.3162333222397774,1.974393469,-2.323706311
1.6897329832972112,0.8562748920243404,0.8416829402189068,0.7395667000285004
-1.192235249,-0.75782905,-1.616800533,-1.003826808
-0.157611312,0.13961624912793025,-0.954305674,1.2453480354690776
-0.509371443,-1.306530785,-0.351028208,-2.694809116
-0.892952591,-0.37777839,-1.593340314,0.6679846776529705
1.8022796422637954,0.580372459,-0.704568507,4.241204468027532
-1.847461097,-0.813952494,0.040438781,-2.904099204
-0.980713972,0.6153276160877601,0.040381178,-1.519074688
0.064942963,-0.847983111,1.488977297646728,-2.110103452
2.085969900650647,1.3349748720943786,-0.169625203,6.432303058492498
-1.294691923,-0.634220725,-0.170055862,-1.452209903
-0.076756882,-0.485385203,-0.538372648,0.18784782294486396
-2.70563074,-1.676483794,-0.460086125,-2.874310757
2.4752776127104763,1.7182374848038617,-3.124529756,7.870342733374083
0.231254673,-0.424061229,0.9365056015465602,-0.914149111
1.7548848182318277,1.341518693571907,-0.819272529,5.1904704045867245
-0.702908881,0.9545304971920205,1.2059298223690047,-1.107802486
-1.711620323,-1.043547586,-0.156211459,-3.246205079
-0.212939751,-0.805524945,-0.198009396,-2.518765187
-0.659769201,-0.10555279,1.0345276577738252,-2.22426148
-0.945935464,0.28694711893775854,0.67377131,-1.804788386
-0.164902952,0.7790598625241971,2.562749206481542,-2.717236737
-1.780669781,-2.518887969,1.0567463058662208,-3.642044711
-2.499612731,-1.944357504,2.078611006076176,-4.775240876
-1.014426043,-0.506347181,-0.971622022,-1.664894794
1.6994794715725647,1.7310783892626542,0.8806464177599469,5.465738545246205
-1.032029482,-0.623707867,-1.498897793,-1.24428721
-1.314146246,-0.478006497,-1.807338755,-1.701605749
-0.415270356,0.41043868495772795,-1.162708289,0.22795182654248558
0.5916516334557511,0.8963193052212218,-1.104616151,2.325084333332763
-0.259463133,-0.449177349,-1.24755687,-2.283254579
1.559282185612118,1.7471346555301093,0.3722837194950539,6.819125755222887
-1.52544311,-0.139178322,-0.198268959,-2.762930321
1.4573598425166414,0.5559596597102167,-0.924966626,4.413277086858552
0.2918000323490155,0.6597127590367803,-0.42007654,0.4512770685091547
-1.232556682,-1.251295458,2.810643019733437,-2.117024474
-0.763976983,0.040134424105012834,1.4679108274479369,-1.991415608
-1.241064622,-0.929093444,-0.37976983,-2.436827358
0.9037371613850733,0.23076872204241752,-0.338925666,1.8167137192672576
-1.811202996,-1.186396258,-0.802755529,-3.391832825
-0.914628907,-1.666471871,0.7021030748514495,-2.489927929
2.267441388752546,0.4896718586702094,-0.283380328,4.602389854615064
-1.403902852,-1.501136373,-0.203759818,-3.730772705
1.4598250388909848,0.4070385743815679,0.8314105636516917,2.3034754031040268
-0.565062395,0.4117159461448434,1.2467414001665584,-1.276713451
-0.72247602,-0.246183887,-0.202685762,-0.912491949
1.7179171893793657,0.116629414,-0.179721274,1.0621802394194741
1.7192100827663201,0.29157647656274815,-2.443736435,3.9892825382451758
-1.994577625,-0.898840106,-0.799549754,-1.43907665
-0.060785852,1.6367471098172304,0.15721216204914915,2.2026071356494215
0.19219529754018075,0.3257354554937284,0.4848796166363398,0.37734805
-2.400850398,-1.778779382,-0.39652352,-3.290165687
-2.449985004,-1.231550985,-0.66862009,-4.480014611
3.526853480833654,0.6608618809120961,-1.771917659,7.883742946774615
3.018733123964534,1.2492316344742271,-0.568884405,8.357111341268833
-0.262775891,-0.272515837,-1.001793225,0.3490081517899824
-0.26689352,1.125760787,1.7808372353636455,-0.333060573
0.6736708369659451,-0.084800068,0.5119820015012542,1.2270590609112837
-0.472095379,-0.734008385,-1.580180493,1.4783523483751164
-0.827148699,-0.38278887,-0.237548609,-0.514794753
-0.569250634,0.2887923963813086,-1.842352515,1.4730813468053805
0.16500858278892513,0.3743879952606168,0.12872367892103914,0.4184796155095763
-0.700054044,-0.569536,-0.768331598,-0.885609283
2.8887890685664974,-0.163210014,-0.527701481,4.171827932833968
1.2415861559044823,0.34733496712711714,0.21431030037393525,1.8575578097152565
2.879428308028186,1.3009930856847058,0.036469644393432726,6.812824542905409
-0.269322994,1.0757470143761987,-0.317935599,2.7725536804677082
-0.077827911,-0.188009657,-0.121595491,0.6621721620821741
4.043842423363706,3.400364270383559,-1.109956286,17.88461225099036
-2.885282997,-0.991230182,-0.37591282,-3.179526429
-1.224370993,-0.437422228,-0.363106165,-0.901159368
0.3388413653784884,-0.652199873,0.24276070211053827,0.716788999
1.8501143897087748,1.2450651289160297,2.030520153108755,4.631964929710969
0.034373677,-1.193695956,-1.486895866,1.1618397258529085
2.8721451661573347,0.9051983235680146,0.4995641551523194,6.602620057
0.4317078979968648,0.6095030222889671,-0.679639367,2.926833949123649
-0.379166173,-0.084025501,0.49030776013313077,-2.693402071
0.8230045657936685,-0.62701011,-0.128084143,0.22231319315308265
-1.535034674,-0.208647919,-1.263203477,-0.370979359
-2.417041716,-0.155746104,-0.892516686,-3.866281389
-2.281153211,-1.16636357,-1.389849939,-2.731303575
1.8777564064036019,1.4728914016767563,1.0905738995479495,4.131679882265589
0.7566572205975892,-0.129954164,0.6985414406048047,0.19111165805373032
-1.170545502,1.1349153710660072,0.7922655252418718,-0.242117242
0.088953275,0.2519210286770704,1.0549820157275922,-0.952389402
-0.125402307,0.22394324223658027,1.481755172629554,0.054194472
-1.27874986,-0.356631001,-1.456543265,-1.154286377
-0.525232891,-0.893024399,0.9577972239156363,-3.395382583
-1.306657386,-0.566975112,-0.416125169,-1.967709947
-0.981811264,-0.440660117,2.2238184457971046,-3.702055394
-1.296716714,-0.25393577,-0.775837942,-1.252752063
1.3926501617050002,1.287507146915402,0.4442111639895259,2.7923113278782767
-1.202847239,-0.951185806,0.047916936187704574,-2.963954514
-1.686160576,-1.090321844,2.600847397037817,-3.272234442
-0.194117738,0.2452898560728308,-0.99470356,-0.600379574
0.9902835654181489,-0.513035841,-1.984938383,2.0524321055854178
-1.18790869,-1.107832004,-0.97217452,-1.476698053
-1.579520948,-1.012253086,0.7525622990903056,-3.310838504
-2.70056252,-0.91859167,1.0095793646513662,-4.705210246
-0.345934674,0.36564186902091084,0.709016282,0.25254226972686566
-2.037287131,-1.062349147,-1.927843288,-3.785075213
1.328918519,1.2531654055410875,-0.515360726,4.473308894726007
-2.726532121,-1.099004323,-0.821726468,-2.71469528
-1.331824447,-0.783684555,0.058497052,-0.837455838
-0.022311776,0.33201998342609734,-0.495070055,-0.182214983
-0.641655743,0.18950701618990098,1.300065520478443,-2.442063726
-3.277162162,-1.413809493,-2.489744961,-3.052002812
-0.90418858,-1.760135883,-1.292688732,-2.912074428
-1.835831145,-1.147549701,-0.970981322,-0.843117172
1.6106016932067249,0.4915518484011694,-0.452963614,2.501050838423972
-2.377029438,-1.240568669,1.3828677553346485,-3.906960083
-1.606434161,-1.086492933,-0.670466229,-2.737737967
-0.895866621,1.4103014944201173,0.6936964282599162,-1.953980817
-1.518825555,0.060566302,-1.792911245,1.2128932731439128
-0.782682852,0.067183068,-0.070863677,-2.090333912
1.7890264378449137,0.16293960710735989,0.879210349,3.3358583686858525
-0.558404602,-0.202251874,1.030172093655651,-0.155220816
-0.826048382,-1.204057379,-0.068995349,-5.110878367
0.18242127674400171,-0.261019035,-1.378453417,1.9992648392313277
-0.522231479,-0.884269025,0.7976439589759181,-1.339290713
-0.441730354,-1.215495734,-0.238430982,-1.314875487
0.6142777422926969,0.008878503,-1.341086109,1.418544544382973
1.9267155304747203,0.639819943,1.4578468492490286,3.237246362
-0.730499266,0.12469722885751117,-0.300336657,0.644574191
-3.105633052,-2.362369939,0.6765542451192146,-4.502737617
1.0131288085178187,1.4565247906208032,1.2471409100915045,2.117370594050949
-0.805406267,0.2822580734948329,0.7995643094342703,-0.656331474
-0.489812767,-0.150833206,-0.879045704,0.078724233
-2.354736227,-0.215916783,0.8381831589956492,-3.738065983
1.0530539299782236,0.4216634547695236,0.7696191637244106,1.9328951373184673
-1.185213779,0.21950030122831343,0.41210961502803634,-1.549010396
-0.107854343,0.7240234082142369,0.000930223,1.0976661824998162
1.5817815789629783,0.6076885213542216,1.292535392425587,4.0950830451415445
-0.31945405,-1.133940107,-1.404771621,-2.500928903
2.0275391369011713,0.33527735952846927,-1.737073233,4.5729845870647585
-0.570926292,-0.017976052,-0.507841139,0.10900989429820529
-2.152121141,-0.406442026,-1.289013103,0.077126136
0.7003406948518623,-0.052588546,1.2657843496664969,0.2396840323546349
-0.200818985,-0.33226817,1.3702068561334804,-2.12939891
-1.205737186,-1.341022749,-0.79658547,-1.113024141
-0.264732679,-1.030277919,-1.301101242,-0.651693189
-0.233021772,-0.309187719,-0.776314266,-0.065783535
0.4950845385886717,0.6758872085654346,0.4649949810383526,0.7201968577673948
-0.95154745,0.20432697379145828,-0.1657555,-1.967422435
-0.867874749,-0.872659095,0.18244459656398504,-1.070822337
-0.274937584,-1.14026379,1.5303673495872852,-1.579972216
0.022288861076256827,-0.79124811,0.5080635609060172,-1.215300189
1.8873194611136928,0.9155512690357028,-1.364611066,5.474752013881011
-1.520107992,-0.680825238,-1.221526792,-1.505083312
-2.409642546,-1.391605622,2.7475508590071964,-4.447949509
-0.776678273,-0.385347622,0.044619993,-0.998123447
-2.343745735,-1.174020163,0.38623503276412935,-2.766151714
-0.238064905,0.28912720210456166,-0.171691173,1.2461942914805269
-1.023991879,-0.602205973,-0.297140388,-1.965071755
-1.351725955,-1.029751817,0.28072581365306204,-1.963312816
-0.89658957,-0.212668522,-0.835337579,-0.821030388
0.7206500915428635,0.4373711388340116,-0.433074512,1.9862124631317983
-0.028939733,0.517101929,-0.911318686,1.1990842959295673
-1.717192386,0.40354631778867245,0.47930572333329796,-3.981479523
0.4853064040625117,1.6439180732534755,0.11313845430195388,2.263499186102342
1.781517629007852,0.977222128,0.6422975694036226,4.577076165536185
0.6399290272070567,0.141194214,-0.33548602,0.059635182
-0.296699816,0.3134945816009318,0.12628234067404873,-0.921603599
-0.944187927,-0.413528171,-0.673759751,-1.71213861
-2.274896931,-3.054005523,0.18179091943729805,-4.646397572
-1.472869002,-0.707405479,2.0107602388552284,-3.287650165
0.3856646088990332,-0.186541579,-1.977435682,1.570979548803734
-2.14960429,-1.866680213,1.413237502807127,-4.756977109
-1.380560938,-1.466798801,0.3413142992129922,-1.166780895
-0.203325452,0.21734826310533253,-1.68621099,0.34240652601195487
0.07921201,-0.268758964,1.091972901605691,0.47651431813204814
0.566876101,-2.037196704,-0.418014677,-0.344806166
-0.740049129,1.1939345132897312,1.0450608861825474,-1.912540341
1.1831654407369605,0.6061699532275006,1.1398762179993582,3.2793389874600685
-0.187291269,-1.48515229,-0.030129145,0.2709424795023314
-2.858724509,-2.114112366,0.6504000178473271,-3.23401557
0.20409554885030107,0.031852831,1.027897978,0.8904342648167418
-0.673861493,-0.183913668,0.065143408,0.49684972888121504
2.2503492205920743,1.6842550231596038,-0.404531211,6.995284342606538
-2.343253728,-0.879072389,-0.293738662,-3.781210298
0.5652761662711965,1.5556368159173117,0.7983917427699251,0.2101257983712559
-0.126792973,0.37086458586529053,-0.24441177,0.5804804777315218
-0.166923089,-1.114118875,1.2518210926834648,-2.258082097
-1.13351085,1.1150376046228632,1.2384448451246681,-1.291294519
0.4971664849610183,0.5085392410269813,-0.562429664,2.542786653504174
-1.859131675,-1.309265123,1.1513250487704654,-3.09860676
-1.528641124,0.3559483000430796,0.6033175660078473,-1.502991162
-0.284995009,1.3748267402164913,1.2097372350638051,0.2229283892475692
-0.017617813,-0.002357385,-0.781385392,-1.43705591
0.4584892515382431,0.7538576932993115,0.5039668256757057,1.3345972726988782
-0.495210285,-0.576820647,-0.106333648,-2.720368721
-0.323960076,-0.816934813,-0.646370907,-1.222363076
-0.851034939,-0.831518904,-0.20031292,-1.540781343
-3.076493263,-1.415736145,-0.059965928,-5.42725317
0.9653346743579351,0.1712738069742662,-0.963432755,2.431179522897242
-0.433600832,0.6161462632997797,1.031094655334547,-0.141088024
-0.435289452,0.8645831261135821,0.4885820147078366,-2.392420171
-0.432780553,0.9695338145769999,-0.213645608,-0.033504792
0.30915941440824996,0.6085688331049767,0.21028101616643577,-1.271419739
1.3398515640328539,-0.17632658,0.5582568003700625,2.294138324205462
-0.976446925,-0.435231814,-0.999941931,0.8154031828961286
-3.691767105,-0.600938157,-0.375798954,-4.959797172
1.448780134082055,0.15296146151560663,1.297912336146523,-0.35141108
0.8988402831465057,0.3600741546634367,-0.017893202,2.574398894254271
-2.675190934,-0.758087438,0.058113155,-3.765949847
-0.093311361,-0.391351826,0.27359181041199593,-0.560896282
0.651936726,-0.790674061,-0.452466105,0.6683947498965297
0.048626746,0.6261948633645665,-0.531997994,1.0036781718760783
-0.824745599,-1.061335667,-1.554215064,-0.960085401
-1.719952932,-0.951450004,1.1645021306497976,-2.266269202
-2.33986791,-2.68005921,1.497063652123146,-4.255711745
1.443111907073999,-0.808688659,0.8875484475634734,-0.448090004
2.250942239649413,0.9960399669844133,0.018031828904172296,5.187767256923085
0.6881411847369987,0.10997525345572795,-0.178610507,0.000796925
1.895231844193863,0.9252600498911757,0.9656188952017811,3.7184086254794266
-0.222384147,0.092455486,1.2589491506443597,-1.914159657
-0.917402417,0.044237292746172024,-0.303347225,-1.809049428
0.82680268,2.145604047,0.7556543495937674,4.3234191983675085
-2.084991731,-1.233714934,-1.71223401,-0.595459756
0.5206413511848185,0.23454721405517678,1.2518484325029013,-0.629001999
-0.154994484,0.27703820379364064,-1.082903967,1.1435273356214064
-0.803665982,1.1633473647983155,-1.320630478,-1.831498963
-1.763504225,-0.434446289,-0.308455809,-1.314534935
-0.231715404,0.8680157825013419,-0.598999006,0.13470846736070996
1.1041149148061649,1.614101583665395,0.38662873757242666,3.8067175275147207
-0.38604222,-0.546541522,-0.991779901,-1.081580124
1.4006675096590526,0.7882605180742702,-0.86957148,4.232187468295065
-1.91822197,-1.008676067,0.21543121475145321,-3.039922213
-1.311461223,0.9334483046953393,0.19849528743934458,-2.127240622
0.092319716,0.17348892150913459,0.17088739339914666,-1.109288534
-2.608886838,-0.897745118,-0.705021382,-2.2424372
-1.297840552,0.7978136038840378,-0.42638489,-1.669016906
-0.314014103,-1.212320517,0.4130155642342279,-1.155244368
1.1671428815858658,0.6668316796167826,-0.657640089,2.7746565496407203
-0.910714288,-1.82713935,0.2892488173427774,-3.046852973
-0.296504212,-2.205821748,1.5337477533132435,-3.556246602
-0.595923968,0.13115458819880216,0.9577051695708612,-0.049351591
-2.919898813,-1.368577177,-0.708903654,-4.092289267
0.14856567014129585,0.38571115838643527,-0.286218427,1.0809459672207262
0.421353484,1.195359710517514,-0.216822905,1.7628670596148073
0.856616818,1.7935254788502086,-0.431575124,4.835281665922891
-0.073090139,0.5995777089539783,-0.242670327,1.1344472881946817
0.037902208,-0.436715277,-2.822999648,1.0434316219522914
1.5795008409791766,-0.242070944,0.13405853089918648,2.5905280262280646
2.186448889245428,1.094315763019043,1.336305127644975,6.371292590858962
2.5479521042332838,1.0293501644432899,-0.778441237,6.133750489098269
0.47189499118675554,0.4571453706949685,1.5877747978575123,1.9189951439232904
-0.950755534,0.2734523423373527,0.8012490124492215,-1.625455291
1.5648868315267261,0.6738486165071482,-1.001301317,3.6941888827321203
0.7380783939653492,1.2282266468427852,0.5111515493199201,1.0545717970541828
-1.663469564,-0.957620926,0.8622269861700087,-3.56774267
-0.270178939,-0.647034427,-0.485749324,-0.619998194
0.46875108527221926,0.9686498762180888,0.16398706646783529,2.1048786631326992
0.9246817895204117,1.4869694972183505,-0.587403084,5.775562277262536
1.1616983715924736,0.6546725584014129,1.1683852358369817,2.3012123024384463
-2.667397997,-0.990949569,-0.277076351,-2.78672892
0.8525847251709644,0.2761432608919719,0.6144813458047167,4.391952818366045
1.7017510897339292,-1.01293662,0.3487583336209781,0.4555759936096238
1.5147493015837905,0.3148434768197769,0.4401965580051648,2.1979871410198824
1.151162373,1.9504655051076296,1.0169950955051543,5.9232772259345055
-1.37110849,0.6082496120156005,2.6535160328851997,-4.206829695
-0.533371173,-0.475297191,1.1271976986233114,-1.784142138
0.13351561561066894,-0.278551418,-1.242614348,1.8522129210674612
0.6457853107501021,0.8240276428917845,-1.123156598,3.745506043
0.054741629105880374,0.3519470654153734,0.11935236705722636,-2.063978119
-0.290195267,-0.634538812,-0.57258891,-0.842716988
0.7572097980337967,0.065989888,0.6049511764980516,-0.379863518
-1.137233665,0.5450394824469718,-0.56976103,-1.507237111
-0.495822477,1.1335998221391614,1.3537453749803823,0.38167523438574774
0.16209041353561593,-0.061062059,0.1836521610484508,0.054769117
-0.743871746,-1.323174277,-0.059519564,-3.163440002
-0.27726134,0.6665495015163543,-1.523259569,2.790598239877003
-1.333386833,-1.677983643,-0.713354152,-2.964914735
-2.049814567,-0.727010743,0.2117526274188194,-2.081335922
-0.265423295,0.7418665121208684,-0.900566375,1.2635800940486006
-1.713823292,-1.48361362,-0.918639591,-3.286077638
-0.759090755,-0.90064898,1.4489100260208314,-1.106349274
-1.252477214,-0.498167408,-0.092982981,-1.941558501
-0.959305411,-0.546165198,1.1943518875233285,-3.178033499
1.8330356996457924,1.2145518232235406,0.21504685268221282,4.3455159141706945
3.011083091121493,2.932157515477551,0.7597750079026079,13.102895578096335
-0.526447983,-0.82250354,0.8924795347216876,-1.66550994
-2.358245734,-0.878888081,-1.259707045,-1.748708283
-0.782206461,0.4289139343500012,-0.503011119,-0.70450398
-0.799952023,-0.054864252,-1.557760307,1.723445906351095
-0.719736918,-0.563603645,-1.257813112,1.1156842220413752
0.49044548573506896,0.4756678810521803,-0.722563094,1.5266980437833408
-0.765642749,0.3086767838307945,0.2140219046503573,-0.267020278
-2.510143655,-0.75322033,0.7152916624303256,-2.954163326
-1.894865575,-0.949012144,0.6111883138522138,-2.245701545
-1.639111746,-0.949413807,0.36865889472471397,-3.171496732
1.9936308002577061,0.3450896839366577,-1.278960036,4.452821817499952
1.377159238221594,1.9244950477877498,-0.623946595,5.138246689858645
-1.675550691,-0.810924835,1.3174551328239499,-2.725979553
0.1698826640348735,0.10269369267978926,-1.231891951,1.0048679123591757
0.2176989306065762,0.26973175535727034,-1.603210462,2.8380621694930293
-0.248271631,-1.081650382,-0.699465239,-0.163479967
-0.404681717,0.041857563358533835,-0.428071245,0.16631261042368395
-0.955553676,-2.266631357,0.5068124290394886,-2.652081458
0.3603307700944563,0.038677055,-0.560329263,-0.500008673
1.3847717573190788,1.3436615968634922,0.5413376692940809,4.258771860652341
-0.809408457,-1.948140124,0.43022591096847435,-4.167532459
1.342793453537224,0.9936405841529167,0.4403308010243663,4.370012157801979
0.4933987491372227,-0.123320218,-0.701766945,0.031924208
-1.229612878,-0.701937611,2.581081397205936,-4.763536299
-0.690932376,-0.915834052,0.17176237195978958,-2.252829251
1.0902881456629798,-0.369590129,0.5211724748389058,3.202310095523461
0.6561510151976344,-1.029181141,-1.161596497,0.28436505543843715
1.0467757189907128,1.299923711003518,1.2748090917050707,2.504985577404996
-0.047349141,0.22244794392844666,0.2607117448911837,0.5905282931998472
-0.616316119,-0.064991235,1.0280424950170943,-2.078765372
-2.354661121,-2.012459396,0.8477828086697226,-2.993491339
1.865802945175758,1.618030477059328,0.9114612886267779,3.8597655304054164
-1.396387463,-0.074391153,-0.811975259,-0.97371247
0.8684660725171466,-0.005517123,1.8644363097642522,-0.479808006
0.008259036,-0.061056414,1.5440143647081026,-0.643433966
0.5179051451466056,0.9112464880703803,-1.28341758,3.034268171794712
-1.566244751,-0.353484669,-1.437539846,-1.835118233
-2.445504547,-2.106142706,0.9082916866975853,-3.409286307
2.8542525142115056,1.1900088191836267,-0.490362622,7.532002265686612
1.0475300971206538,0.20072815947918374,0.3007206554906314,0.20167464421164816
-0.59694304,-0.202369212,0.1061817591561308,-1.509024681
-1.702800218,-0.409356151,-0.660027729,-1.009394625
-1.647280999,-1.164875301,-0.181931175,-4.704761827
0.6670857466273549,1.3473931140480346,-0.690200775,4.041994825454987
0.8101148616208649,0.5623020993954055,2.7122982556631636,0.9007925648609701
-0.314774831,0.9370396348978807,-0.498178862,-0.073473068
-1.095844899,-0.960768962,-0.981096479,-3.242821527
2.201419769981258,0.5840061824697971,1.9887163350441648,3.208926564908283
0.6917437927630707,0.4087768355492267,-0.151210722,2.0924330193936305
0.10296639503127358,-1.294298186,-0.338515917,0.16351069042480404
-0.268314604,-0.238107061,0.6641167798487874,-1.071960902
0.3059464107546316,0.6903136941038176,-0.697752305,1.204790724245181
1.1822632286704848,0.39423744907322283,-0.573326188,1.7767838095194304
2.016417368590271,1.0103522568991483,0.9561147330147998,5.096322779792995
3.645533091,3.0293980874764252,0.923538081,15.12169773095047
-0.427760364,-0.781368995,-0.158715038,0.19928161089434093
0.8787323091973476,0.41006024823888276,-0.600219229,2.3312732076602813
-0.756732618,-0.27244873,-0.008047869,0.5559058319036361
0.31718050176735635,1.3329152973246234,0.3133941735293905,2.4857501669253814
-1.781544018,-1.013949695,-0.908010259,-0.128846411
0.797440939,0.5361845547926488,0.046849786307398306,2.4767351050242206
1.6368238394276644,0.4599800500353373,-0.497644832,2.6579944231059836
1.732225483601537,1.2939786442097494,1.3832580384588637,3.7147006255735837
-1.601670482,0.2021503899756964,-0.638457376,-2.664381746
2.4028530199772904,1.3575176907345785,-0.333147476,7.863279770155785
-1.297612048,-0.145411467,1.813363232566853,-2.049632144
0.813520505,0.3496309422337559,0.5582213757141231,1.6712803135267453
2.1149645362106346,1.9567438653503866,-1.829928048,9.348880647087595
-0.065832871,0.030999504516185453,1.3072342798041912,-1.967985527
-1.761390056,0.20850107763222905,-0.37980248,-2.010326746
1.976156656243393,0.5404416914346726,-0.491029972,2.8537048150825473
0.015967645661364993,0.37780460054393145,-1.102619661,0.817054868
0.7276325262403537,0.17542178306163267,-1.903576943,2.3738819451939954
-0.967070246,-1.076562138,0.7351418276137387,-1.820985286
-0.862940756,-0.676613528,-0.609088927,-1.200355584
-1.853368043,-1.024841901,0.010798778606792313,-3.684081846
-1.174032071,0.1050929341015098,0.8054038885937793,-3.68352543
-0.95126869,-1.594971688,-0.389630671,-3.511633506
-1.970974166,-1.859865671,-0.410491009,-2.85288537
1.2059152085067641,0.7198229818258167,-0.992386695,4.591004197
-0.444624726,-0.695878319,-0.691690975,-0.637053514
0.7536903710093407,0.6807582738467598,0.319055261,1.216795959231825
0.9389430012658204,-0.843321159,0.5761445995862822,-0.846942215
-0.40998136,0.24690064144795354,1.335895098556841,-1.320809683
0.075762653,0.6758420931935601,-1.077080269,-0.56132759
1.8470050634648156,2.227051942323556,0.6551030322470381,7.562374664875991
-1.366277523,0.15541760268083168,-0.713292769,-1.184519838
0.8959904514752072,0.21109297881358688,0.5169891335413223,1.6411488674237322
0.9338145006717574,-0.170151031,-0.23396154,1.9677323865073162
0.36702503961489014,0.3929472994498746,1.0312399939634869,1.0813716831891735
-0.18668951,-0.307038722,0.020552931919191563,-0.113248943
-0.401507603,-0.391358068,-1.645785332,-0.665596497
0.6099737296223842,-1.014448815,-0.631358714,-0.181826776
0.8202746059577801,0.5282628384454849,-0.369606676,3.155962602429355
1.274716991338138,1.1371759602427192,1.4058952096976942,4.423453974140434
0.12861141698511497,0.4588032483107903,-0.541592593,1.6383924907204803
-0.577613636,-0.599072474,0.9768053578365379,-2.129443231
-0.797703303,-0.164233975,0.22683351443400535,-1.115147199
-0.10528033,0.058376254,0.752232256,-0.983337472
0.23534840362844195,0.6535065076438427,2.019511961841293,0.9079509924768822
0.1893830578922024,0.6622567946442839,-1.003321933,0.7936579976774115
0.11595263044585769,1.0638175793540414,0.46956361246329364,1.5941089579178067
-2.169269938,-2.118918999,0.20311525574085604,-1.317186838
-2.177957311,-0.336977247,0.1585989508124769,-1.231253411
-1.015624193,-0.761369512,-0.419726968,-3.063440396
-1.383396495,-1.003520508,0.20860446164213667,-3.070155137
-1.898251298,-0.918820531,0.28867248489960023,-3.008178907
-0.774107384,-0.32965785,0.9614247116438918,-2.608022916
-0.017291421,-1.148704213,-0.40081512,-0.526520883
0.38176140060456526,-0.420602223,1.386581176522345,0.9783877316170333
0.16804337011015702,1.158500511,0.9214836680579909,2.587066832430431
-0.628002714,0.016994696,0.28530527959632634,-1.280905485
2.4935625190322535,1.4615225681711561,-0.911789553,7.383543684159766
-1.776645885,-0.854493177,2.308428061557244,-5.205508787
0.28895229098260555,-0.085098926,-0.215633703,0.9499464501481205
2.486429476,0.5289175527225233,-0.058308971,4.125845860320088
-0.236255961,-0.345963623,0.7004349015975722,-0.09209803
-0.38130761,0.1926744438688679,1.5973481806140255,-1.802521072
0.6509982914145528,1.617667945735432,-0.639933995,3.3524664692812918
0.434677111,-0.248329701,0.6807196177757406,-0.189293265
-0.582801907,-0.091527436,0.5187775921882124,-2.450751878
0.5112532544284072,-0.244342473,-0.756361233,0.7392654802687733
-0.303171222,-0.135684277,-1.076947886,-0.036640461
0.1371498936505109,-0.495303817,-0.176471382,-0.375182081
3.2342525844715952,1.7968993253532164,1.863123452,6.867460864
0.23366105110166607,0.009443766,0.9787285447585085,1.7525593379954003
-1.937869992,0.7693466798416452,-0.909778367,-2.165364111
0.13551296622416986,0.734257527,-0.26069093,2.6082946970888927
-0.38427071,-1.414546105,1.4013154517846547,-2.958459015
-2.555127708,-0.750256304,0.15993049914628366,-4.274747621
3.179602266331343,1.7181673869568774,-0.036716903,7.944017445817742
-0.365382082,0.5266829086802426,2.0276815677410425,-1.206371792
0.1820191245306022,1.4394892049136012,-0.525094134,2.1261709085710265
-1.052184948,-2.115420729,1.5637499709239207,-5.440084581
-0.740518723,-0.276276469,0.14644484978730346,-1.910381731
0.647284827,2.396886887148696,-1.145901503,5.505909300048417
2.8493632555592905,1.1838372067822667,-0.427588541,6.263291722024535
0.5899959109464161,1.3498767586632539,0.4739312750120637,1.7395433530891289
1.6592341233186298,0.6017194582748497,-0.013718353,5.562135594998037
1.196468076561688,1.2711416793778885,-0.956715738,5.309915536861576
-3.455969204,-1.735189018,0.6020031787432726,-4.365696196
-0.572803194,-0.249768816,1.622863333066671,-0.51374211
1.6624602425978834,0.4588856735652401,-0.028529529,1.6828565997711784
-0.710592253,-0.048154403,-0.984994884,-0.409408446
0.030407621,1.6645006080570999,-0.147365309,1.797806845568089
-0.038541628,1.956295863830836,1.156581068559084,1.7488709665953643
-0.99178652,-1.083120982,1.6536330382937385,-3.733413376
0.9893493149492443,1.5360779731184255,-0.043433158,3.3976593545586544
1.2585523625840485,0.14769823025516204,-0.043082792,2.0195136531078224
0.6410286975383765,-0.541311417,-1.237356966,-0.320314514
1.6635757210920137,0.23945796239723044,-2.032498245,3.466342097998515
-1.707359622,-1.488211142,-0.303782881,-4.022742141
-2.106117545,-0.90483237,0.8353901322524948,-2.55251002
1.7188066402930153,0.9770802021003127,0.9698378619196312,2.6109147090235654
2.3992202407684218,0.7336019057342106,0.18941706714343154,6.602435078855114
-3.617698033,-2.385170118,2.0568252626620587,-3.121302572
2.8132188052216818,3.093541045750754,-0.036717328,12.446944595832521
0.9585501255385654,0.7569745998864832,0.8569434398587978,2.7848597836609654
0.7456022802300544,0.7132050631890254,-0.508514085,1.6300166705600572
0.18273329622178625,0.089082886,0.076499548,1.3637001474909225
-0.1656018,-0.614541713,-1.784831939,0.89217575
-0.780661723,0.040958633716507854,-0.67420376,-0.164463891
2.387626457456465,1.7063208566452561,0.6421298062285277,6.554518850737704
0.5918528226257265,0.8697658614094326,1.110318254,0.8346374702007365
0.5907069810129268,0.5113788259432395,-0.474864802,0.974219106
1.6262539635319944,0.14293426611271942,-2.179218159,5.258361635580072
0.7270431579142962,1.048401469834923,0.9484241352285231,1.0863647795770563
0.9845110943168891,1.0762563265543124,-0.370968638,2.9570400686857523
0.9531838292872942,-0.267997849,-0.527779713,0.1503965526291795
-1.940265952,-1.291052197,1.9148089610368615,-4.954010184
0.818697392,1.3145176626349167,-0.192698493,4.701760983610588
-0.120128096,-0.122747291,-0.991173194,0.9879529530104553
1.5523490263439585,-0.78605206,-0.717392,0.49565801128222264
-1.455271335,0.23427155564941968,0.063870391,-2.601540517
-0.891877024,-0.523563224,0.2940417878203655,-1.058146723
-0.009154069,-0.715665062,0.3955821829008407,-1.238669751
0.8056551294169431,-0.802846137,-0.277830859,0.28205487276882873
-0.814697409,0.5002812702656402,-0.554970705,-2.245530568
1.197607691735772,0.05247263,-0.708856978,3.8441335683269955
1.4004258714806317,0.987561842,-0.463476624,4.741296098009942
0.38546971010658004,0.4904533197831059,-0.312572733,1.7936653364516713
1.0251662972424336,0.773857003,-1.02981157,3.8137499369724828
0.6428649502852511,-0.56083544,-1.052780165,0.2060711393554267
3.0946182889537024,0.41043642410591447,-0.353067506,5.206579639795736
0.5503063343375656,-0.23563925,0.5252810233355487,0.9268781127302003
1.1764448601658237,0.7680290250176792,1.080196880784613,3.4246956095020256
0.1594564114344404,0.21243616888771366,0.18675422131975591,0.2864721585798176
0.9784878924396763,0.24004744387554416,0.5586343916809843,2.824293733813867
1.3781483830367203,1.3831037208179828,0.9869665892753733,4.704416191879585
-0.977070316,-0.754205754,0.044640792,-2.521001245
0.14376834629026847,0.9884858778865644,-0.439040641,2.333636672231753
1.5198878301127094,1.9356889389794132,0.5328941042112502,5.433429853543394
0.017122161,-0.569640595,0.5109815969964494,-0.723337244
1.105563113868875,0.019475625659869048,0.27901355687000706,3.019591938
2.258245093270594,0.6187825064439458,-1.094191125,4.400544541378172
0.8431706468795399,-0.579290093,-0.177174217,1.7478983244572053
0.6733173230539786,0.45784322755489654,0.33762155450416054,1.6724794443167805
-2.736637486,-0.291733343,0.40902315962835833,-3.733542156
1.013646928560855,1.6704160707467077,-2.206899108,5.302215627246674
3.1634661562059017,2.504499863241384,-0.443727059,12.85108965496159
1.6152918699740695,1.4924261916531298,-1.72375717,7.310138778
-1.223393399,0.13065368724525409,0.766784732,-2.85948523
1.8624389407507485,0.7652707269763689,0.20674348541043147,4.612767656
0.6826531158145241,0.49890705,0.14982515293336654,2.917194952
-3.29221931,-1.43929535,0.5983731038126661,-3.75450433
0.8533423853695692,0.9503044439837786,0.8675454953492777,3.8223448331164995
-0.945060967,-0.277218117,-1.086447112,-0.522914476
0.49472658749701925,-0.513301168,0.6128910472650685,0.8988953485053826
2.4253109572776026,0.25231663855110664,0.5919327866813866,1.6056635519901792
2.602196674,1.9709947650066437,0.018881399,10.169386174532402
-1.721064491,-2.213345837,-0.372653693,-3.345045818
-1.357128503,-0.072188291,2.3342512668752176,-4.75444603
-0.333318473,-1.222016997,0.7994450241625682,-0.338208865
-1.155796287,-0.586426591,0.8623477130590371,-1.862130639
-1.516646416,-0.442232513,0.9329836006917185,-3.309187064
3.2449334365209883,1.6155071603925104,0.050778159770372595,8.903049836299948
0.3468513240500674,-0.20146476,0.12367861569681084,0.29498316345606035
2.367612948288274,1.8990724231824747,0.950826118,9.161232081572424
0.47816962621759307,-0.856862665,-1.165275674,-0.38109159
-1.216649466,-0.695569963,-0.927340672,-1.592099096
1.0495918552572192,0.4374686153017574,-2.088035648,4.023765520969015
0.5820735562122059,0.9468179157500961,-0.236648806,0.5172790572151813
2.258367809865949,0.5688932858436317,0.918249678,3.9980495563540916
0.975650851,0.5599226960666891,-1.159905997,2.562597327775351
-1.525584905,-0.969628783,0.7827035550329505,-2.326361341
-2.236317198,-0.581676362,-0.331908045,-3.076372139
-0.11151365,-0.54280295,0.6786115401094831,-1.159971588
1.953586183760216,0.6594288775526173,0.6850739519951466,3.747059654811341
-2.176971198,-0.891063479,1.293664987309541,-2.403476151
-0.082320946,-0.337900069,1.1061121220725356,-1.059019104
0.11022611337661603,1.015767577141304,0.1837677449983605,-0.767966092
1.0533831816682235,-1.021744475,-1.677160537,0.9006409929218914
1.7787854124781364,1.4118153775437954,0.10877344979203454,6.249787681
0.6179153978260828,1.021216124026899,-0.164063912,1.2743548436652339
1.0528971167051737,0.14343279026001693,0.6694237332621655,1.3587805659338987
-2.627097499,-1.535908895,0.6300620407314812,-3.648446489
-2.659993794,-1.945292018,-1.957199038,-3.027403976
1.1169267413826074,1.1303615610687643,-1.77633129,5.761147534715306
-1.316694821,-1.993054058,-0.01264798,-2.532859236
-0.1445304,0.993053537,0.12133015094238876,0.6776197884653407
-1.029410678,-0.7707758,-1.741786564,-0.791163406
-1.410310773,-0.746675103,0.8086679927528264,-1.205857331
-1.29077898,0.12333078967367525,1.0593155336053932,-2.439334022
1.260756913445567,1.2412903704211595,0.27338125459728724,3.842275091528815
0.37729810739812786,-1.027823489,0.6025399227436127,0.4522732035046473
4.838545439995158,3.0491342589408292,-0.398755581,17.341655997426276
0.31292074807655945,1.8717307735171307,-0.808585555,2.959647765965963
3.188933644548465,1.3610209412552143,0.7807242499882472,8.439747276427754
0.36729939520243743,-0.481061621,-0.648941782,1.0364852000465978
-1.318185105,-1.262261107,0.3125267563147707,-1.847408111
-1.530268362,-0.290086573,0.553849548,-3.33293664
-0.275088245,-0.150107981,-1.238434424,-1.133838541
-0.095238686,0.6643746931882172,0.6208168519280818,1.3379089861097693
0.17976221985680307,-0.111353546,-0.489684043,1.8748580931312697
-2.028833428,0.095403395,-1.251773666,-1.19534827
0.9096715951013897,1.2286710515651083,-1.345956109,3.923187951
1.7618175997823902,-0.014489359,-0.565187377,3.256949724
-0.914653498,-0.59755693,-0.265996803,-1.54387893
-1.594652297,-0.433203418,1.103776489859433,-2.703011023
0.5434255776875084,0.8878940105822195,-0.654351117,3.8467285279779535
1.0573959893401552,0.739262634,0.3142990161753831,3.9858493159178603
0.3160957270872547,0.5665222914226427,1.1687935885072362,0.13433107059659777
1.4175546089197772,-0.295000106,0.9723513029424309,0.9198506117082743
-0.290856244,0.045650947,0.6886021295923088,-0.880299686
0.41056702033704595,-1.136088199,-0.743411723,-0.147642773
-0.819658856,0.41129974965231575,-0.431662015,0.8456900034372132
0.11765334095899449,0.6928617103832966,-0.413508513,0.16223326531116267
-0.870256263,-0.059407679,1.2536862680332628,-1.880120701
2.136233867646608,2.2330079144217376,0.47277025909969916,6.643551755463975
2.0869587283185895,0.6577228460370526,-0.635725224,4.929960142735152
3.2423644253880783,0.37675001835576116,-0.855279043,5.045722073761903
1.1229851738568746,0.9578693323996406,0.13233417430290317,1.8326088992691973
0.7702985184541172,0.3105941699316023,-1.666244355,3.601171688114895
-0.356068716,0.33132731497193635,-0.465474203,-0.057884945
-0.324402799,-0.968941455,0.9198473556697838,-3.5235342
-1.170361232,-0.716539453,0.2875217449598139,-2.369902929
0.506128673,-0.222414694,-1.099817254,1.0155452918750865
2.883825459876866,1.0118655061594508,0.2823625925928533,5.591689098391049
1.3573116116999513,2.5543700187615164,0.5522517005808704,6.564519999731726
-1.906309811,-0.909531631,0.087311098,-3.288466055
0.9219631121048935,-0.777933314,-0.180993158,0.9899111223354802
0.7339816786051494,0.21116147446750308,-0.607552429,1.1821439581361848
0.31395498947136813,1.1695198000407188,-0.008198788,1.7181019918232707
-0.45191569,-0.388683926,0.3029842864774086,-1.243291231
0.6744694206321122,0.7803400209560563,1.679247098719668,0.7117636151417587
0.81649425,1.3245593213484455,-0.770053463,4.682445874157744
1.194105043443423,1.7362052701518254,-1.598945469,7.171325089143915
0.30726949355083477,0.6430017293466509,1.2883616569245029,-0.330975657
2.4275324787069845,1.2334450936621568,1.2827540851218537,5.159681716959284
2.244980060008721,-0.23521836,0.5295813731747325,3.6848839120674093
-1.801754952,-1.191597778,-0.610893784,-4.080542175
0.9661998101877551,0.7192575940709626,1.031868476084814,2.1748712557869965
1.008864173975863,-0.82440921,1.634877216518138,0.6239373634344427
-0.051406489,-0.312734861,-1.635868975,1.2354781540128017
1.981741931840964,-0.068406422,-0.042374212,2.935316787943497
-0.133711932,-0.495972883,-0.554406968,0.20549974008456107
-0.157448465,-0.448100219,-0.089437966,-0.920521622
1.4112964723258248,-0.323363731,-1.112583438,2.811271370086737
0.3273653433332777,-0.49810501,-0.141172426,1.6991543745837019
0.2241750048436506,0.6784061889424975,-0.462758471,2.763824145848896
1.3561528240710614,2.409172300072588,1.1427593488653014,6.811905420320397
-0.864796531,-0.894797069,-0.330522942,-1.735116399
0.4751540025420527,-0.4555147,0.370474307,0.015069027
-0.325691542,-0.581046747,0.10806049030946756,-1.91294883
1.2019361071554053,1.4025505326829584,-1.322542409,5.893785908040688
0.3716091654291789,0.5775898452409788,0.0643419,1.1204234348870976
0.070809101,0.5274658496833555,-0.112830826,2.188026132024138
-1.051364705,0.7258529925894762,0.1295184456588401,-2.495084403
-0.800951044,-0.60846769,-0.515140817,-1.189193682
0.8278408831745976,0.8809200777382048,0.8800722431825208,3.1660820578200175
-1.450868163,0.6592684518935134,-0.901816494,-1.375619376
-0.56129689,-1.373672951,0.614286708,-2.251385317
-2.225779083,-1.371066283,-1.037906536,-2.257221157
0.13161781011040097,-0.474497254,0.4308445823085522,0.19376061049242954
3.4353604312897823,1.9527624035887086,-0.625045247,10.468534881200172
-0.952486288,-0.189420585,-0.323238846,-0.088286824
-0.765645013,-0.146880429,-0.834649644,-0.092814735
-0.55822318,-0.742999117,-0.413767247,-0.636354411
-0.226723548,-1.007848156,-1.021339535,-1.165465419
0.051428142,-0.322592142,0.41093119497229114,1.404554032732984
1.1737729277173015,0.5683763879132707,0.5612863068069502,0.4843130428729152
-2.171629432,-0.637379834,-0.106543362,-3.625333459
0.39961793453442596,0.2529959916875545,-1.531631337,2.28927566
1.0972974585732531,0.8384696038944257,-0.113817423,3.9635816277086784
-0.529096346,-0.139690099,0.7119124791455316,-3.731236103
2.689174876280408,2.1771146798944194,-0.194941053,9.939821221522468
0.011182606,-0.377048047,1.242708375615021,0.5185856593680549
-1.289309058,-1.206711037,0.071507219,-0.848512518
-0.490677589,-1.460603916,0.020300938,-1.970151672
2.6351536402409446,1.9952770124377153,-1.075756261,7.611071223113253
1.6890346577764874,0.8501930350052328,-0.085967244,5.494585938821398
1.832120143190648,0.9036912124254978,0.093530692,3.4681115870923236
-2.159902326,-1.754651659,0.094493936,-2.435063926
2.928273120275718,1.5695800147783894,1.4423049795618184,7.457341502754626
0.20454360227280216,0.12966481737102034,-0.841724366,1.4806749103577346
0.12938246661023423,-0.460017599,-0.169086182,-0.216863885
-1.642067189,-0.809113254,0.10934895998353682,-2.68048494
0.24954807722027691,0.095476836,-0.00836224,0.8972371390717886
-1.204670026,0.630650629,-0.018021965,0.276139325
-1.226639627,-2.039588832,-0.332047996,-1.981778381
-0.489564725,-0.3774654,0.14736768125013716,-2.457017634
-0.830278741,-0.484696003,-0.381274089,-1.035554521
-0.207759184,-1.246219334,0.4523566113843182,-0.908659897
-0.190139708,-0.890312696,0.069119715,-3.4590986
-0.257568665,0.23737169454276555,1.0907775336031371,-1.050661559
-0.860430987,-0.022804877,0.38368203054471706,-2.408423966
-0.34352887,-0.58884267,-0.393404576,0.3647840673013094
-0.056793833,-0.380575171,-1.870815728,0.36285719720364684
-2.085589912,-0.779231061,-1.259443545,-3.270354291
0.099616206,-0.469550879,-1.698199609,1.7445239276907831
-0.896864971,0.5763935844259274,-0.416096808,-0.871830455
2.994802906692324,1.0495880748851643,0.3258131207639088,7.652374368469289
-0.245802425,-0.738438099,-0.01920394,-0.317116823
1.4782633589128111,1.6856308490183052,0.12253826999035779,6.630797925506082
-1.651707391,-0.838962319,-0.1778605,-2.299514518
0.5253576963328619,0.024352576968041793,-0.701098148,1.7869498635175205
-1.424560286,-0.3429243,-1.188649099,-4.295730114
-2.308101271,-0.036525374,-0.067075677,-5.095963544
-0.838027044,0.2504730261450243,-2.057448101,0.954104257
0.3487644372635985,-0.228724382,0.5252356186678643,-0.267656451
0.015255324678149607,0.6128143106238505,-1.511057165,1.162525727780063
0.3838715877065469,0.4630746811132508,-0.40076641,2.776831668191747
2.886073712183132,1.1957639149189063,0.8187880698067637,5.708217812752321
0.8841069235228098,-0.055460132,-0.262061945,-0.387167595
-0.972389015,-1.244862891,-2.098829556,-1.82963487
-3.004599591,-1.298678358,-0.735334246,-4.193993045
-1.749000824,-1.730690339,-0.865541588,-1.055856951
-0.041358049,-0.441035549,0.11686344716813879,-0.754282707
-1.164107856,-0.980675263,1.014173788603668,-3.804217635
-1.605196427,-0.538216998,0.4127738102690599,-3.028018216
-0.049640086,0.5447846547789614,0.11822553815170929,-0.299509756
-2.818314105,-1.163711631,0.700134791,-3.862941324
1.393885479,-0.271920251,-0.577049796,3.098099780799284
1.2714551872703415,0.8631178200668496,0.097710194,3.9398060485116075
0.17418484402639756,-0.025302942,-0.409372136,-0.939526307
0.7915668955169028,1.0061922388874718,0.7048858981664117,3.519927154704069
1.1503480904773289,0.2868260079559036,-0.069720333,3.2202877451358396
0.113072705,-1.031014121,0.9621969597183279,-0.351552584
-0.559358035,-1.117211857,0.606845025,-2.377824955
0.656175425,1.000639259987223,0.8514617468786023,2.8393432716127567
-1.887533622,-1.677533827,0.7611723904627953,-4.085664524
1.3549154368750225,0.2696935907083907,0.5416915352639725,1.1279608106834793
-1.05678659,-1.065231431,0.3779513185202133,-2.580525474
-0.221555986,-0.404947183,-0.211719809,0.21804525803307773
2.9636813150083805,0.6046494115002943,-1.382418993,7.168980627601775
-1.271540876,-0.414461273,-0.019897414,-0.289998398
0.2915808178161294,0.013325034723447744,-0.04667851,1.175639445924337
-1.730901316,-0.357745107,-2.009435843,-0.965994585
0.1675540583001922,-0.676536702,-0.094972965,-0.851808307
0.4380236989066333,-1.142574019,-0.265384585,-0.3641575
2.673372469078089,0.4687321009497279,0.43650530870920007,3.603524860125943
0.47354277697181346,1.6131335483087332,-0.463072947,5.207460506772028
2.476974311710853,1.1298058400352384,0.9253435307178187,7.081133170956301
1.4068300434106396,1.5258242831013447,-1.130223112,6.082722263095855
1.2327225611916495,0.8882940629773854,0.7344365022081951,3.877727215626491
-0.601675936,-0.493882813,-1.07031729,-0.845577328
3.4805658323404858,1.9020539824187468,0.8831848345519754,9.553776559019571
-3.52920174,-1.815402241,-0.404367786,-3.23223412
0.9834687855892104,-0.340264316,-0.29380466,-1.269379849
-0.281154364,-0.444944793,0.643562426,-1.747410618
0.16834662834512293,0.8837265747078974,0.1619087339214057,0.9916791841282544
1.1385255342508458,0.5176884752672405,-1.21553448,2.5738795457495063
-1.913822439,-1.12855387,-1.192636041,-2.888489863
1.7305477197994046,0.7814615878527009,1.0204465510818594,3.7335446083919317
-0.303645034,0.4054864943844514,0.030802630930705708,-0.692816671
-1.809938683,-0.843227801,1.0975846137982115,-5.459160787
-0.544547733,-0.041461813,0.9137669902913391,-1.044435803
1.986941182147093,0.21901697292622058,-0.620576095,4.983452324994122
0.3521617809568609,-1.323100204,0.17466320434566576,-1.647841699
0.4539745851071556,0.9326184814170944,0.3440284309617502,2.077280511114662
0.9072860554240606,1.5447758543815135,0.3664297029733619,3.2586665799412398
-3.058291583,-1.151674013,-0.086141327,-4.098344658
1.217834844060938,-0.319210201,-0.037622822,-0.234218369
-1.005497528,-0.37902169,0.010015984977061207,-0.503672402
0.4876816978613685,0.9563619568259301,1.0431699117689306,2.4545015266335533
-2.173275468,-0.799283726,0.19501225533169056,-3.685211288
-2.632448459,-0.589937068,-2.112151901,-2.78065051
0.8036242530160203,-1.276493471,0.073298405,0.5565323458923264
0.8682511961155986,0.6558928893232566,-0.99148173,2.6760436909676035
1.534534213617484,2.087089563019072,-0.087411338,7.165405009
-1.322155895,0.6131681934943407,0.25176114981486025,-1.362565146
1.7964311203493901,0.7468024334091873,-0.127774715,1.9103541642557333
1.8678125815921005,0.8944367648840047,-0.136711937,4.631044294125284
-1.787429733,0.16456774660003615,1.399426965216186,-2.447527053
4.077427752397852,2.460780340570402,0.2521259327912646,11.093955306546139
1.610841765605865,0.4320092878734176,0.20463283630058413,2.8118320057586446
1.4894810283164022,0.18661315775917287,0.066234139,4.193529536104792
0.047644178,-0.231311948,-1.431396118,-0.506102277
1.8665568418065681,0.08923125,-0.12688068,2.474099475331022
2.0719429373370555,-0.190841692,-0.407071994,3.6105589222103402
-0.826709832,-0.619387829,-0.425931262,-0.9994041
-1.791795455,-0.475354886,0.9373371389753887,-2.492381896
0.8269314093552249,0.7386974261432175,1.0094842676770797,0.5907151454314674
-1.374194504,-0.245293424,0.028345195495336706,-1.096507328
0.987635681,0.9548607670786234,1.1480435659965529,2.435934642577606
-2.298141948,-0.792040095,-0.019196765,-4.088834852
5.262535467523169,2.183923414294766,0.3191089758241847,14.150947801141989
0.48061935187673516,-0.182047027,-0.439852699,-1.11488823
0.7708328285169974,0.7851824084736547,-0.16646344,1.556157196404559
1.8048039186395721,1.619051394,-1.677223127,6.858704020999451
-1.228016733,-0.586294733,1.5859435006864213,-2.77691444
1.5451577390805065,1.2910705783079954,-0.662215508,5.925970661222905
-0.570404455,-1.188783624,1.2365956486885705,-2.250500619
-0.574272595,0.1692608442585053,-0.86806239,-1.582426273
-0.228088321,0.045731144836606535,-0.355436768,1.0856055016481907
-3.370993596,-1.864753072,-0.542438931,-4.725904599
2.308991976192387,0.7545897390527738,-0.926683534,5.060151351909693
-0.732794034,-0.069767085,0.29503026234827556,-2.345419273
1.062223867120828,0.8595320432439792,1.6950659185496435,-0.030710241
1.6086530694824304,0.414468733,-2.242932155,3.316247022864732
-0.033188858,-0.58521112,0.8849346182974603,-1.848872607
-1.076388342,-1.57455854,-0.780379955,-2.759944048
-1.436164875,-0.147745324,-0.547644278,-2.06561038
-0.047997835,-0.628065831,-1.052602745,-1.367475892
2.3086761583893027,2.128062518386544,-0.140273453,9.061677778288255
-1.056327488,-0.31713903,-0.248884494,-1.466592219
0.068891038,-0.329007312,0.3652387712844534,0.49145976347913944
0.42928501578242306,-0.373120812,1.2535884242265796,-0.493268714
0.28691210653517696,-0.209163201,1.8612834614595961,-1.982159985
-0.271342322,-0.488442128,2.0570964987236473,-2.180197486
2.9439701613816993,0.8416886741657152,0.062620455,6.446799858781397
0.134793647,0.1581940532171653,0.49070050868598153,0.5657811293524078
-0.737408943,0.00854422,0.41694239202029304,-0.884089354
-1.567272556,0.31633109712980984,0.5968324005820493,-1.443480914
0.7828723754097329,0.31325862240962005,-2.17337061,2.2268515600456276
-0.822761423,-1.506923646,0.9032961625363114,-1.580832431
-1.102440245,-1.357118882,-0.999121408,-1.406432381
-1.222130842,-0.284179522,-1.11505213,-2.55699724
-0.120638421,0.6756825516431121,-1.341980735,0.047099897
-1.19794476,0.751778605,0.4839425682858373,-2.152424796
-1.586536031,-0.320951151,1.1373933015937865,-3.263923952
1.0802038649005425,-0.032090716,-0.666994628,1.8295182667971353
-1.15678282,0.5792663324712496,-0.555652436,0.2982061812060808
-0.889286116,0.2772027707228796,0.10768895557086869,-1.837526417
2.511403114516436,1.3838887794613255,0.5895580130362849,6.042558585271769
0.17816240784045684,0.3397206374135607,-0.325558309,0.3775183403918082
-0.935659077,0.4396256899797162,-0.464295479,-0.509194157
-0.945505549,-0.071656799,-1.041146161,-0.178189122
1.4456677921771017,-0.085036243,0.7975259518682701,2.8369222300923838
1.0267718812455011,0.4593690404575891,-0.527823103,2.3072551213985792
0.146874137,0.6208251671128773,-0.384886618,2.3781601028973434
-3.250073904,-1.724613736,-0.081374888,-6.412636424
-0.204277721,0.28003026183361307,-0.628860044,-0.323681132
-0.061894861,-0.240512571,0.3180185261567007,-0.645034423
-1.391365188,-1.467314988,-0.194493135,-2.896208885
-3.097778985,-0.439338852,-1.035514602,-3.621901618
-1.723088558,-1.244529286,0.8164007394980752,-1.967147914
1.3331088263981017,0.20062932229285882,-0.698268403,0.3554292044333742
-2.799323057,-2.977522252,-0.348768595,-2.749071592
0.608632766,0.5708357294240837,0.4355780316432768,1.8008630266639645
-1.219067524,-0.412661705,0.4228090339901179,-2.335227693
-0.827947381,-0.611496239,0.2544187049536974,-2.540605938
-1.997713487,-0.102993221,1.6945172139804514,-2.932790267
0.031320252,0.22816072728000086,-0.820470288,1.053762061791192
3.118825827470361,1.2686366631881467,0.5692935148969224,6.007937887386833
-0.672902928,-0.109958088,-1.848871734,-0.009315871
1.7161389525171138,1.5352354238840804,-0.124745039,5.637577256794094
-0.513794424,0.4375662203734645,-0.062032168,-1.680108009
-1.178504132,-0.642822645,2.2560791779800824,-3.876109144
-2.1103528,-1.031595845,-0.824095084,-2.820374345
1.6001488888781323,1.237030000150328,-0.891282479,6.163035916455545
-1.027980303,0.2648004347861121,-1.978414061,-1.205722829
-0.935336459,-0.669472912,-0.998112518,-2.466170211
0.5539941572212854,0.3010678481197646,-0.522130285,1.504171413182788
0.37269819450831587,-1.188345625,-0.922376214,-1.34709258
4.019689020427398,1.4354697789124324,0.7366490452228533,10.09672082187778
0.314931496,-0.682580003,1.4925011963109216,-0.894569326
-1.644252357,-0.544759934,0.18537856895992078,-3.975180002
0.543140009,0.37785433772849425,1.0350040384419232,0.967611685
-0.196289448,-0.356284269,1.079082882522514,0.015777171000317836
-2.071645583,-0.622358232,0.47080389958150876,-4.471516493
0.33031088853720336,-0.56319661,-0.666383155,1.4480397854509266
0.8093623116183682,0.000768779,-0.808269234,2.6722276407700587
1.236046977579619,0.2848484695381589,-0.7113363,1.5099518271684407
-1.211467366,0.6864754935712523,-1.090290247,-1.305888787
-1.559896396,-0.080684472,-0.011572965,-1.04011241
-1.173029511,-2.249287389,1.1089524166439624,-5.765851232
-1.924320007,-0.839281089,-0.712620374,-2.964754604
2.114344838651073,0.9081505937772216,2.9278285126717924,3.8446899306332654
0.7247258857280485,0.08174842,0.46559710201366356,1.609845787070753
0.12875317676356923,0.6708661385247742,1.023888608238998,-0.43989275
-2.181227425,-0.207805781,0.17492465596490328,-2.159525402
0.040520261,0.6239023941742234,0.22974374,0.9367253736155001
-1.372763488,-1.235809081,1.1025038137157168,-2.386579593
1.498452479655842,0.29728415921210133,1.1105017812821292,1.7610076723081627
2.531174070704556,0.4656361662202283,-0.807846259,6.004950448907828
0.22786674893090775,-0.403386631,0.2632680382923007,-0.95822212
0.8758769100309626,0.058826426,0.9494500405555807,1.9139396920782243
0.47702154026274823,-0.961535993,-0.268247366,0.30504309912449623
0.38491780370440976,0.9966404200148192,0.7857075680316593,1.2926743286631013
-0.210972618,-0.051516843,-0.903800326,0.6438233545939334
0.641530778,1.3518567683991154,2.1766345993379015,3.1488885652782623
-1.087196169,-1.400862469,2.123713223728917,-3.256336562
1.7932721208091231,2.0177331320931597,-0.181533221,4.448145131929011
-1.925334092,-1.594881893,2.0690580500599145,-6.056212617
-1.244224024,0.13059920248594373,-0.657628128,-0.489061648
0.32144939724871524,-0.71516519,0.8474620734368533,-1.524330128
-0.100678172,0.4004502535169787,-0.424240312,0.8547528338071094
1.1070850518096575,1.024170853188971,-0.767299712,3.837599789488211
-0.093882419,0.26894425106311876,-0.013851137,-0.537208138
-0.972585462,1.3804038566394858,-2.153712593,-0.289469481
1.7731866277577093,-0.117662116,0.3066580106635239,0.5318900784610943
-0.680202087,0.067092318,0.9812670694700382,0.13122848411184118
-0.949426196,-0.698787543,0.8388702387713938,-2.156676685
1.1739408788552024,-0.106821876,0.8717301872337831,-0.627219972
1.1793866562899196,0.14794277105579343,0.17854127527838382,3.326166589490005
-3.926300803,-2.431676928,-0.070886788,-4.651741664
0.7102910665072948,1.4162251703764137,0.15915315127626037,3.3413622174553814
-0.227577128,-0.599229941,2.149446589231573,-2.201243661
0.2485354316641188,0.14943016186599728,-0.206547804,0.7686183723499916
-0.241400089,0.44797590555111827,0.30885873392910873,1.2127297458393593
0.8243305084686251,-0.435838965,0.2921455892316184,2.6143756088402994
1.7748161755063463,1.5242161968030858,-0.646071873,5.980949974045087
-0.27891074,0.5999273216579504,1.8469428342500953,-0.048730675
-1.525245892,0.654002608,-0.068463378,-1.523644934
-0.838945214,-0.532586747,-0.876621609,-1.443540468
0.12468940917334026,0.47211799669656695,0.1576918329874947,0.4263140769068134
0.5863170663371553,0.7571917413591482,-1.769446932,4.878686012781608
2.5153136535769005,0.3417942393269054,-1.536087174,6.078606477440234
-2.467795653,-1.90221208,-0.474156158,-5.094937507
-1.575830955,-2.040140023,1.4259669541619104,-2.728496435
-1.44218966,-0.284819211,-0.308896709,-4.070654251
-3.745438477,-1.953152472,-2.176028715,-2.394551529
-1.665875797,-1.700541202,-0.187969175,-0.854761914
0.7335823607862769,0.004841431,0.01652882,1.0426954284129755
-1.718805833,-1.003885473,-0.216321936,-1.307148171
1.8534920767233496,1.4233930456031807,-0.917133056,5.232904976060452
0.3530129404599047,1.5338454554201857,-2.255948919,5.359536269548932
0.8202064689607735,1.653848365818542,-1.487292572,2.966647005556447
-1.183660711,-0.422528796,0.569895196,-3.100675972
2.838531628,1.6749325204237313,-0.691126509,9.044969827724948
1.1901451415169264,1.0580286407893202,-0.410143046,3.976272682584231
-0.503080722,1.1592231102238866,-0.587685206,-0.237140386
0.9109162557425322,0.9328959071978603,1.878192108006633,1.2347124968633996
-2.407281243,-0.962629251,0.098342,-4.856486717
-2.833649968,-1.779551383,0.067183741,-3.400494077
-0.537421205,-1.066214843,-2.940183221,1.0614603614498863
-0.841607006,0.18674102908086476,3.2086502015653102,-2.342020979
-1.712969799,-1.471974239,-0.147458001,-2.272600282
-1.551963823,-1.361780006,0.6296323661654374,-2.294013563
-1.60261018,0.14601601959431795,0.6934257023417352,-2.203402009
-0.786473183,0.36264779731862967,-0.26562641,-0.705692701
0.9500378871706396,1.4908631010071531,-0.92604977,4.209706984003916
-1.777968039,-1.714204537,-1.176646382,-1.641674626
1.5459581497551669,1.8813761447752804,0.24468094128181708,5.635025005898629
0.2345268958732987,0.41270903470217596,-1.732315037,1.9815710548362808
-1.51879466,-0.862916119,-0.588384649,-1.196599558
-0.681982682,-0.032420728,2.25013088,-2.999328489
-0.243567096,-0.638470169,-0.147603857,-1.063886849
1.580870984906021,1.4777177411905338,-1.336986132,5.976845890059529
1.4819656170654083,1.1953448291400575,0.6122313602789607,4.163689720464986
1.4455030145904126,1.741447256991944,-0.764538711,6.054593385555646
0.6370622023773984,-0.60891447,-0.210533165,1.4033320918114445
-1.238536562,-0.293250921,-0.432158696,-1.631163282
0.43682079159243004,-0.190333383,-0.806578941,1.3205582574866896
-0.220106268,-0.549103295,-0.834786327,-1.325202497
-2.166928369,-2.835966778,0.8891123032678726,-4.027893477
0.10215444916576971,-0.377736708,-0.455684956,1.9008130176578535
-1.656720384,-0.968157938,0.6243156005357784,-4.197218125
-0.034557645,0.8337776812725592,-0.274503011,0.558509807
2.0370690071457127,0.2680669701776688,-0.037708292,4.050259000127529
1.5205467241162625,0.8130520155830508,0.39850196495786155,2.5602650784795165
3.3173212830092687,1.023549018845387,-0.074416319,7.501138780950939
-1.497439532,-1.996415305,-0.692592364,-3.546422156
0.03702334,-0.051069546,1.4697418529866473,-1.04071618
0.9141722344508425,0.6483290252655045,-1.83373361,3.0969669008816587
1.8086349424115244,1.227090839093254,-1.618302864,7.143790150763481
-0.244321333,-0.462093549,0.014584459,0.44596154461178417
2.0393969952258173,0.4084613689745779,1.0665919329517155,1.2210981421231004
-1.815033573,0.6149469855467877,-2.108242878,-1.402951622
-1.339285752,-0.956762208,-0.612476533,-2.435828832
-0.841299686,-0.292638953,-0.451011634,-1.483712826
0.44234898514055976,0.14970811652097285,0.17605819016175908,1.1223486318135696
-0.885385829,-0.135167106,2.3301439210107517,-4.378834355
-1.613324086,-1.922615871,1.0039430502621705,-3.738640479
1.170296983539386,0.766826452,0.2511026440769943,2.162035554397065
0.20691746486716878,-0.395726426,-1.0486473,1.1728118367196767
-2.474176437,-1.276429831,-0.38347403,-3.359838989
1.3196031974952356,-0.520345997,-0.39576338,-0.82711698
0.4258789598594432,-0.293097371,0.051276302543495335,0.3089552529079697
-0.685635559,0.2773924042874943,-0.752223166,-0.767395836
0.27354988635305777,-0.810718367,0.5482645011001274,-2.691665938
3.0001666055719713,1.7146306356518775,-0.235741294,9.976645494
-1.749262743,-0.744404018,0.23395993218547564,-4.511206984
-1.147386517,-1.142909723,0.7776758218141284,-1.00073173
0.3150102873088568,-0.233995026,-0.994414694,0.22492609596961405
-0.334469671,0.40530030375481124,-0.189396819,-0.219766281
0.020617193,-0.680798198,-0.374241309,-0.99952341
1.2053627785788064,-0.588577327,0.6081996540442572,1.1146090802763662
-0.216379476,0.2108439007993594,-0.735297714,-1.641401433
-0.788359642,0.4074965618408367,0.9663110503527713,-0.797002926
1.8730741849469166,0.9493968966152783,0.09773231,5.670439227728598
-3.11303566,-0.782752944,-1.701769984,-0.598746099
-0.99565572,-0.533396793,-0.103952359,0.31081895078170585
2.994383217975585,2.103293115656144,0.3309513043841824,10.250285127625338
0.9747144180154814,1.190805678994927,0.37854291060131723,4.497610991154225
-1.013698186,-0.979695978,0.1287708623686425,-2.073731074
-0.555731486,0.5141744844589307,0.9156198438327795,-2.044234327
0.278928053,0.5937366040292283,-0.93859084,-0.208143976
-2.039329704,-0.592209315,2.1304764908341434,-3.562118842
0.6567152786590105,1.139394144207877,0.085851219,3.0161015777188225
0.34966537261972375,0.3073371740420648,-0.209611235,0.4503284720249259
0.6748936252597797,1.014824900101009,0.5517982120463876,2.948149922497719
2.0162597590945595,1.1099045608718725,-0.962322316,5.458328263719469
-0.566047014,1.006747440887467,-1.43983274,-0.050014796
0.6175918122139497,0.10904135784180274,-0.840746978,3.957347591801839
-0.321889412,-0.363639039,0.099534419,-0.478197059
0.12913246186444438,0.4488037510947127,-1.300304604,1.3685658389500976
3.5301325706962645,0.9350688528488453,-0.999135317,8.351940183674872
2.9372899636921046,1.316081629,-0.121606826,6.339902917589905
1.3263221125560178,0.5548054059963541,-2.011005121,4.847340985513073
0.35220046225658597,1.5981485644191005,1.0666317213182304,0.3562647734347455
-1.228553049,-2.322861264,-0.952393796,-2.277355263
-1.366720965,-0.307819027,-0.244048199,-1.659456934
3.3431970919570704,2.5544590588222555,0.5128559450720241,10.513165233057563
2.5444429788408223,0.7202949114695809,0.6156949406798085,5.836805219116862
-0.83052276,-0.575058075,1.6270837492369123,-2.744305518
1.1254735158689175,1.2321937856488303,-2.118967998,4.5647301342544235
-0.813347464,-2.201058771,-0.682356961,-2.488920849
1.1545772562952425,1.529845726046871,1.187721445812948,3.2256038384797963
-1.422267144,-1.254367667,-0.158490577,-3.638709274
-2.523021509,-0.737052619,-1.510605979,-3.80411012
-1.870316792,-1.066812677,1.1404581565941254,-3.380525682
2.7817920759319312,1.5041850057470127,0.45748129935752435,8.712378515773151
0.8480853965515542,0.022397957659972673,0.26570616005334774,0.4603823336159425
1.1393633335117963,0.5104400870854243,-1.469537468,3.1425739829982784
0.20199909085096746,0.10838642279616746,1.0685349314456762,-0.83612978
-2.619733698,-2.138656921,0.6265659690601986,-2.102344495
0.23609541150049973,1.1070429731835139,-0.769542413,3.0846886887031415
0.9136191693839062,1.8018502407827792,-0.117983869,5.035153602466751
-0.658806203,-0.580596044,-0.680773813,-0.935070435
-0.808386593,-2.373142438,0.092497863,-3.518702593
-0.260749147,0.17594196715464291,-0.391362951,0.2119694383090504
2.2659117617368167,2.0199021170345666,-0.980436015,9.631834727
-0.405146434,0.1974645717323431,1.540153462041447,-1.404861504
0.18163632041634076,0.6090479458723276,-0.616378037,1.4644818055155167
0.44412452899625515,0.5048875391809432,0.16963427617677035,-0.103983382
2.269226181595532,1.7813122248334938,0.34322361961996345,7.003089927239782
1.345287801430949,1.204996617841692,0.8570972377698984,4.275783606449979
-0.889593038,-1.132807537,1.3841573722184317,-3.367622926
0.3917757951631444,0.7391427038548257,0.19046957381222906,2.598226924363564
-0.612054945,-0.838707306,-1.455631066,-2.163218227
-2.171314531,-1.263935035,0.062195427,-3.373608958
1.92878626,0.9195521841323538,-1.23733178,5.080763833041001
-0.650112344,-0.329403729,-0.310191046,-1.977601884
-0.444256455,0.7220675965107338,-0.087187615,0.13188755378641678
-0.027822918,-0.417966166,0.6576006268905917,-0.060678627
3.1141620192070683,1.3696467066776874,-0.472955533,7.542002452334499
0.8871641294469259,0.23560110811759422,-1.687833923,1.739939032
-0.068870994,0.4790205064430217,-1.185034621,2.650542915918174
-1.984739931,-0.812036784,0.4879397425360585,-4.245077237
-2.453802563,-2.002655875,-0.619494067,-2.015569882
-0.482285251,-1.579573028,1.606895499834406,-1.758505421
-0.162569233,0.34230826809572146,0.7197142825969187,-0.841340266
-1.281062976,-0.701699644,1.4748401330024952,-4.506119235
-0.781798043,-0.339414958,-0.307003928,-1.75266685
0.23184899026124856,-0.405680622,-0.521970529,1.5664424737295297
-1.735953517,0.2145039388073291,0.4069236933613367,-2.301777106
-2.964265055,-1.76100037,0.4232457583065039,-4.836504363
0.6549437520976444,0.5590167929507776,-1.340176385,2.5695824110255194
1.183958649747602,0.8033865450132345,-0.059162938,3.7552392630106217
0.600966919,0.22925719913228146,0.5145086548864215,0.7983267253653441
-3.636008671,-0.651619628,-0.32489142,-2.861068032
-1.496763224,-0.899304175,0.14110600853464889,-1.634451383
-0.834169672,0.39494562210883716,1.5251366170226173,-1.158094754
0.12118554871070686,0.45183836739075167,0.077552095,0.4488466505262738
-0.638933036,0.36929255331280053,0.7700910687152942,-1.148989741
0.16360225373529286,0.645779327,-0.072350211,1.5331010121288449
2.8753590032076533,2.0138347446334564,2.036689954495916,10.707917085579343
-0.370256649,-1.176083972,0.19714835966977154,-2.251323516
2.3825802878929396,1.4101012615079644,-2.347640001,8.715085159073983
1.0445852551938781,0.222499612,-1.978157164,3.034654312292414
0.8320024425382281,0.7790597526915601,-0.28161266,1.5549626636932032
-1.567205572,-2.044186153,-0.051757483,-2.366152052
-2.528031598,-1.298563642,-0.036818748,-4.086483345
0.003364582,0.2022930841020668,1.686380555651211,0.9667673720092094
-0.916976486,-0.0415101,0.3631136766337005,-1.363778161
-0.928732997,-0.443607072,0.7639517296774726,-3.231013249
-1.938412121,-0.433032345,-0.390392406,-2.585549796
-0.103052582,1.0765767395854762,1.5439891467443452,1.6523390804668223
0.938084384,-0.143734049,-0.846869196,2.4801365174845484
0.079078226,0.3623587933886234,0.9084350590381184,0.1494509896897745
-0.130858446,-1.193007682,1.0784452588833688,-3.219418741
-1.322092405,0.10789458731122324,-2.623647887,-0.272667403
-1.756558334,0.12695106984967935,-0.338632812,-2.798499699
1.3485792896581492,0.9626172594964475,-0.942080209,5.302099411221711
1.165367879209486,1.0461059271411153,1.0682128298084093,1.9230310170004807
-2.006933838,-0.523322989,-1.469005826,-1.340197458
0.11202789390440482,-0.267976078,-0.876123124,-0.520045608
-0.10745945,-0.798662387,-0.368481296,-1.394767591
-0.625915547,-0.084896573,-0.180892142,-1.861993169
0.1939403940758349,-0.204317988,1.5693381366152728,-0.217640796
0.6763138905904617,0.6123314933625768,1.103785172999711,1.3611244731024432
-0.921938613,-0.186503616,0.6826918941233112,-1.047798801
-1.446182514,0.5507292515507772,0.21061526625503457,-2.83070486
-1.126747166,-2.80401556,0.4165741698557931,-3.058182224
-0.649182138,-0.862951085,0.30780363875823413,-3.226579855
-4.012675586,-2.157255983,-0.836628,-5.193490988
0.973108464,0.48954299574714294,0.49820217592198285,1.1089664416461678
-1.451200973,-0.089809471,0.4902189102685457,-2.663646216
0.46572632858530905,0.090700927,0.4381555616640689,1.9133752150063628
-0.254966361,0.23937931132741738,-0.700244364,0.41109559534081536
1.6571994428999484,-1.359727194,-1.129245424,-0.859702277
-1.642330865,-0.564069486,0.37921979295502434,-3.044048476
-0.079177368,0.17114177473511058,-0.129688829,0.089049618
0.6687001481833492,0.010029399545868343,-0.275171844,2.2000464581757857
0.5663331423250133,0.8946265624985745,-1.215593372,1.4174335498917712
-0.14695051,0.327784651,0.6865757189183606,-1.09806485
-0.64608188,-0.34560571,0.6692731116222733,-0.021480247
-1.432111548,0.086129197,-0.53745362,-1.634390594
-2.168151085,-1.028111488,-0.030015224,-4.707395849
1.8805106015490187,1.8282548966744276,-2.111045135,6.632802208058191
-0.061791716,-0.905400317,-1.068690345,-0.252865987
1.2174811922302553,0.5398947282882985,-0.33773723,1.187206162520762
-1.450587467,0.2339916828636932,-0.438656584,0.4189989759087571
0.2532447760316855,-0.992177373,-0.144151391,-0.285241566
0.5737122441464836,0.9719777131286075,0.002080742,2.6517564159705413
1.2954687339752178,1.1290336948425452,-1.243239176,2.689125262148981
1.3064597396376278,1.5602029993924267,-0.134511743,4.881189536665267
0.7167673464224322,1.3469476187336928,0.1698968418376446,2.238442055
0.19859624590148942,-0.097327779,-0.296860324,0.7669146042429786
-0.126505748,-0.376635579,0.18367859040415413,-1.049151628
-2.178253595,-0.108977003,0.6011256684237122,-1.954423342
2.5416457883225103,0.6079325145125583,0.8286556732292853,5.093477393153797
0.20676496524849064,0.17692937857841723,-1.529804889,-0.047250789
1.161531281904043,1.7691753980794924,-0.312768395,5.673948791
-1.903793165,0.05378402,-0.075745725,-4.582696105
-1.602301669,-1.410787783,-1.201182244,-3.512008582
-1.127597416,-1.382499586,-1.086847473,-0.961419195
-0.311112675,0.4191839719590564,-0.988360674,-0.354906508
0.005193546,-0.067004132,0.318185986,-1.467073589
0.23101601615504097,0.5716429365012036,-0.5823795,1.7786240723598108
1.5196560349754735,-0.323282333,-1.321824498,0.025979470667880644
0.1893851080632228,-0.20563354,-0.085262524,1.3652661742200394
0.4583318569898721,0.5048473498231416,1.323209692748103,0.3183323434953915
-0.243367382,0.21808381336432625,0.042050326,0.11470218149174966
-0.650593327,-0.32048567,1.521717336187517,-3.662747186
-0.498432518,-0.757023979,0.3638732604314643,-1.91870391
-1.198343086,-0.913530884,-0.838442969,-0.955972988
0.2834240208580707,-0.688298884,-0.216127233,-0.289676198
-0.711502049,-0.662094144,-2.197893014,-0.299474815
-0.98723575,-0.638552434,-2.060932199,-0.417373647
0.022528184,0.13601643169483535,-0.353437406,-0.204156068
-0.683302095,-1.643723347,0.4689206808126003,-4.856345329
-0.784308879,-0.425282084,-0.105751413,-2.202339329
-1.674507616,-0.697735304,-0.595384116,-0.38210125
0.8275063331947574,0.9815158118228884,-1.192591863,3.4898262640478666
1.5628220186497521,1.202648308712994,0.688326488,4.512069787537674
-1.481724334,-1.457427803,0.629146082,-3.937618531
-1.684721829,-1.770700279,-0.141703759,-3.832225767
-3.154360361,-2.480169923,-0.832432127,-3.709013183
-0.515996936,-0.167768214,-0.357947622,-0.867957325
1.2334651457656918,0.3895111983622427,-0.22204232,4.680044309845982
-0.601974107,-0.218757053,1.411874750461257,-2.132561552
0.5533552363648158,0.9364235938682073,1.7965019216239348,0.2039585680811189
0.2944843809403357,0.23110637425877845,-0.184883188,1.8895228016721015
-0.68316082,-0.404344185,-0.059733967,-0.341251533
0.3227194271474487,-0.601695871,0.032507355258341857,-0.874631749
-1.711573493,-1.309835872,0.74400366,-2.423929706
-0.924168823,-0.626084737,-0.626131782,-0.94155766
-2.227054318,-1.029696588,-1.233168622,-2.135785126
-0.575285269,-0.724726327,-2.037983446,1.6998150103839957
-2.759213916,-2.367035561,-0.006332688,-2.554330498
0.18367401764166846,-0.30995189,-1.044632475,0.4256484159095456
-0.24718143,0.032051651,-0.515726393,-0.373350904
1.935298556,2.0394267818916996,0.067588082,8.681806578
-2.460071184,-2.242017902,0.3284744684896969,-2.536909197
-0.809607373,0.604650115,0.046189192,-0.943691056
-0.432758757,-0.274880808,0.7041137651220527,-2.007059706
-1.824404538,-1.445322232,-0.54317462,-1.623854896
0.9452249906404555,0.5019554268155764,-0.271893741,3.2764553905369556
-1.182808211,-1.466530296,0.21813571591928213,-3.072878114
0.16904079825719387,0.9301683100547169,-0.809371827,1.2222622744209084
0.3048579384135751,0.8335053914114452,-1.66310655,1.196890006224154
-0.967962244,-0.534096503,-0.196647054,-2.553826234
0.4646485,-0.158595018,0.560496769,-0.278099306
-0.027189712,-0.579334096,-0.567432251,-0.391280679
3.2532912033316173,1.4610984630597705,1.2447541192018232,6.535434109619075
1.8070429067762923,1.221609700684968,-0.975562664,5.802252115168854
2.3441051183997472,1.861503577441102,0.6170300283687563,7.4297714249158275
1.3971904450009176,0.460474027,-0.833604379,1.4119195685695578
-0.014975582,-0.878791867,0.8312282990667996,-0.865239867
-1.671427027,0.30901805993157333,-1.952777416,-0.664462657
1.334725374543189,0.550554136,1.2645053947173748,0.18743197015963053
-1.731916806,-0.925360904,0.18172700794101546,-3.725629013
1.4471351247916961,1.5570618162935979,0.6707798534255285,4.3181323182594005
-0.097515012,-0.589099747,0.5889672583811019,-1.110636631
0.7282257876575076,-0.524793601,0.45359177483322577,-0.410360902
0.894829139,-0.185179932,-0.815544471,0.3596340975363186
-1.411522179,-1.611608946,0.49565617433496023,-1.161745569
0.8939846123988173,-0.02812566,-0.196132902,2.524321900963254
1.6560842990980928,1.1312829489211838,-1.125914133,5.184582536978243
-1.049874849,-1.377887765,0.40906597292090585,-4.004205171
-2.0023856,-0.762818092,-0.216099241,-2.004966047
-1.506566114,-0.694391124,0.509628359,-3.650032974
2.853782469118358,2.2239793017078395,-0.3075673,8.805736407124254
0.5924048089997305,0.6501301376537886,0.7356312537461948,0.8391807184659852
-0.243161103,-0.80244793,-0.02308949,0.21292331255176022
-1.060543277,0.5637378715441778,0.8461915964217804,-1.880469523
-0.942147534,-0.680076124,-0.722545341,-0.840745751
1.5021485538556734,1.5709012814698327,-0.778321087,5.226535297308803
-1.117630008,0.8254890095613698,1.3922146110239022,-1.509402603
-0.594436776,-0.192944339,-0.592188016,-0.452326948
-0.284430719,-0.293791057,-0.32930326,-0.938053913
0.7319963466507269,0.9816889893842193,-0.636545234,4.110018033814841
-1.217169394,-2.133980085,0.019649908575173264,-4.159238274
0.16950230305777597,-0.036907133,1.467242417148851,-0.147789876
-0.49178634,-0.663402665,-0.652821398,-1.203681385
-1.110712776,-0.91287365,0.15359987851682383,-3.341741272
-0.428007282,-1.115724433,-0.272505424,-1.28722612
-0.033297851,0.8055375087315623,-1.895514559,2.794513220171824
3.7783819410550015,1.9390826380864747,0.32815914369276156,11.032951014786589
-1.696105435,-1.325363062,0.094347171,-1.880469903
-1.606362501,-0.651417153,0.25170471715008724,-2.190165421
0.06140469,0.4629790629640184,-0.571576743,0.15741750409287036
0.38891233528580127,1.4859566268940076,0.7744574588251987,2.152880491037321
-1.627855223,-1.53088972,-0.180105541,-3.155799669
1.4053774860638073,1.242715577133661,0.8176040100514042,4.840923325084715
-0.390061382,-1.538478961,-0.997466747,-1.742184796
-0.163436225,-0.830345717,0.7728541027744555,-1.472810275
-0.919661546,-0.421844597,0.38533978145808845,-1.761077801
1.910191646132856,0.7354940964868562,0.044264215,4.105571349647591
-4.122275116,-1.087859373,-0.317112441,-5.656496796
0.34689431872540666,0.9532836227269292,0.9072279202241684,1.893149183420209
-1.787525962,-1.28322185,-0.597439736,-3.025043969
0.001005528,0.32130053910495193,0.19007560465128268,0.28966631689396277
-0.882608292,-1.442653991,-0.049864738,-3.85780192
-1.017687174,-0.292043236,1.869935618969081,-1.768473823
-0.858736773,-0.979954268,-0.004540538,-2.931472591
0.2205703436798368,0.10886299431688297,-0.752573901,0.7338049273174877
-2.008516244,-2.029907997,0.5026173835287339,-1.875455899
-1.499788007,-1.693478214,-1.495263499,-1.781208805
-0.180285347,-0.041262566,-1.111646506,-0.773912773
-0.580613731,-0.026474979,1.2326613085489122,-2.167939242
3.833714649148387,2.3260679696179998,-0.289749053,11.736130925252104
2.087030442148139,1.0513769769319135,0.15303399001483145,5.352703518146558
1.6292093103827328,0.14710379764746595,-0.744096105,3.280946316971999
0.2352904632190798,0.018765880536342646,-2.457791829,-0.455130717
1.5507852104831383,0.5827496764077007,-0.24214081,1.7324247956483008
-0.809512221,-0.573570541,-1.897383559,-1.183853697
-1.044150705,-0.161008971,-0.253260772,-0.860510752
-1.943626583,-1.159003537,0.8126609638231694,-3.195143962
1.2871831478712457,0.43141234443867027,0.3199199592496282,3.4455866392185293
-0.142442205,-0.856552602,-0.669621363,-0.263439058
-1.778417727,-1.428098957,-0.253687991,-2.340286864
2.2142370287952877,1.734569474579223,1.387404827,6.444423242620722
-0.315924291,-0.592200444,-0.585740461,-3.83754768
0.5146449521183524,0.8722969508412741,-0.779761846,1.5258224249649366
-0.343952216,0.4425782644463521,0.6465157079408488,1.4146972583903903
3.0728604122221177,0.6825983813351261,-1.358555836,7.799952993702872
0.5648134442599014,-0.705435721,-0.591181167,0.1510215737896064
-1.350366198,-1.691614927,2.793431977485195,-6.187857522
0.35529323342864544,0.7154056610932665,0.3413435719846336,1.9021441947836026
0.49758142026559193,0.8468634111541808,-0.937733218,3.5043051057545416
1.1896649226779894,0.067960805,-0.222640667,1.2240174553504373
0.9878974705921726,-0.792419905,-0.10024652,-1.072111304
-2.160665525,0.19102784607950746,-1.093253845,-3.678431596
0.4274390534661394,-1.610480202,1.0383361308349723,-4.032986553
1.1253851804804498,1.2431557606878838,0.2710002440978808,2.5319408220961432
1.4746834995247684,0.8509228332829363,1.884001742354395,3.3062106634651927
0.037072407,0.9708245241968663,0.078083901,0.36488255651622636
-0.30763657,0.4813466621637333,0.7481941608755696,0.24579175705005069
-0.26545348,0.26413970479680887,-0.211522538,0.006820275
0.9475738508945034,-0.20256418,1.4167341449109776,-0.642121578
-0.644055817,-0.717728326,0.9127604607638397,0.44506003578400755
4.239573704013306,2.436095409316596,-0.584887209,14.455789558916056
3.204951690931984,1.9909203997462548,0.5309937266320999,9.406641181564591
-0.704761705,1.0630814841694052,-0.616327154,-0.29133486
-0.710710865,-0.61535929,0.6470272961741443,-2.269922638
-2.432062874,-1.479398279,-0.49187902,-3.665068635
0.82022403,0.569796428,0.053066595985906594,1.506885239010329
0.2355225421159739,0.9838359896819266,-0.550825193,1.905600023429468
-0.946037351,0.14538584896405032,-0.196255361,-1.089179139
-0.968634945,0.2682775678120096,0.9122691542292625,-2.267446238
-3.152454395,-1.124194953,-0.949022435,-0.66430948
1.2377628330278105,0.4470675607060524,-0.218361039,2.9380292437413855
-3.406508621,-1.154908224,-0.733063598,-3.207349904
-2.508429799,-1.204686451,-0.675875574,-3.728621801
1.881497168535858,0.15585146877946557,0.24339041541610226,4.209905896
2.2179023277883787,1.284272827506385,1.1210581260698498,3.8963513177144913
2.6828534782862867,2.536775159131494,-0.354700337,10.221472879332001
0.25996821702694684,1.949988579496893,0.11889488221879384,1.121776478181204
-2.351025843,-1.323961794,0.1399353691466005,-4.667627449
0.3658463635892557,1.101789310585869,1.0020952533730425,2.8599597264647976
0.00426003,0.3206283417501246,1.3870939900340478,1.3986060348948095
-0.321184861,0.11122765548071666,1.7051893856404543,-2.11701705
-0.529775504,-0.896565565,1.4358616931384034,-1.865032306
2.955606723650297,2.108260794772216,1.4306700863408741,9.262647790294633
-0.806347399,-1.134421251,-0.782223629,-1.839431437
-0.208384913,0.8198273783811723,1.9349970423916685,1.1170397024425085
-1.866309246,-0.465590268,-0.232679731,-2.76836578
-2.647242722,-1.71156287,0.6517100095005288,-3.094018078
-1.355989394,-0.436478797,0.9467306252308071,-3.711023597
-1.663197204,-0.76790409,-1.000212532,-2.482719436
0.2288007380913581,0.7203894847756794,-0.151913717,2.276168002380269
0.8671653414710776,-0.218153507,-0.557419824,0.5166793195941349
1.2983044367698762,0.09015544,0.4709455695053514,2.154573554547013
0.22308287536353305,-0.345662809,-0.772782642,-0.334318979
0.8123220914074687,0.9272131212505248,-1.094713018,2.4111420147383456
-1.831025402,-1.480350543,1.0264932098948503,-3.311386786
-2.214282572,-1.146258938,0.2858783566151645,-3.18002979
-0.015438061,0.092214835,-0.267870974,0.6583906704588921
1.9143454446851553,0.8305503294547105,0.753947228,2.085804894715294
0.41646832755789626,-0.481908958,0.6790725963455818,-0.793240147
0.086215764,0.2599516597223663,1.1005032297463153,1.6127064353353195
0.7300384765268716,0.5209324317365048,-0.269945481,1.776287327519078
1.0309801611960183,1.3337492433755282,-0.093571267,5.118540311457629
0.850538122,0.49199302240737125,-0.943211055,3.840075189610964
-1.919427122,-1.502931302,-1.457806506,-3.370931511
-0.879411215,-0.566670733,-0.346754686,-3.036968545
0.7152566833887827,1.6969920082757204,2.070919153801585,4.785046518357724
-1.008582142,-0.879697842,0.20857955332734293,-2.8240774
0.8024964992772836,0.6621336790598289,0.47996969567133896,1.6544910711076857
-0.010317084,-0.193662807,-1.066495048,0.017459602182184397
0.2814546600208178,-0.037600924,-1.038932834,1.6609123269379995
-3.863539199,-1.408412788,0.12041283672124645,-5.343820396
0.7489854757153456,0.15154206877487394,-0.058983746,1.3112624452892703
1.0269563324504762,-1.267781405,0.2757274489156998,-2.21996357
1.1673919613715846,0.3826123316490077,-1.253340301,3.581399475983233
1.4025860996745076,0.3710145973019957,-0.990899488,2.6595864055004785
0.41107526555791474,-0.103586005,-0.448892055,1.737705774416257
-0.138235811,-0.450291227,-1.921262231,0.17795293948655583
2.096374276122792,0.8642604077483131,0.9661434546988104,4.6724334990859635
-0.002774331,0.6208462338790319,-0.557702679,2.079380432502103
3.6503626389600288,2.159585075860441,-1.400035669,12.353474814522409
1.1078403986102983,0.16077873639437118,-2.227623195,3.206362226
-0.564619773,-0.618695685,0.25496035743278167,-0.726577443
-1.031316984,-2.375320445,1.3588666041234985,-3.639988752
1.7864110544013134,1.5301144299704466,-1.182819442,4.415662823671971
-2.739479753,-2.510607289,1.3987697570772417,-2.92935076
-1.072333742,-1.164374798,-0.822685892,-0.318458105
0.9079919970837005,-0.192602304,-0.634904595,1.326412105257398
0.21205011876428764,0.45564299406643677,2.4373583563420125,-0.553213551
1.597868824386027,0.5300273800244822,-0.118226307,3.095404626401797
1.1568020663894967,1.1386894141435513,1.0259593972924008,4.3539530181550194
0.8001384305667387,-0.911888239,-0.763673719,1.2230148716624076
0.5439480429364408,0.5188011136641646,0.04389503,0.5367699492596715
0.13686076326081098,-0.293363909,-0.785243777,0.12761599822670947
1.0698916324787593,1.541238877911334,0.7508925188069611,2.136192924384387
1.3566632207029707,0.07340498,0.1864338539745671,2.2872630723120957
1.440166124135142,1.4484389899464887,-0.227449884,4.647995756415878
0.4729280819380067,0.35519005506231666,-0.163968548,1.488232377917351
-1.881310349,-1.284693788,-1.04585425,-3.052536828
1.5791272564548469,2.3624060863401475,-1.096558263,6.403734067529453
0.5980544616076576,0.4759871283935349,0.7908506502409397,2.7829025452230054
-0.958892861,-0.224772717,-0.790208151,-0.871650677
-0.715212618,-0.31146371,-0.1750824,0.060590088
-2.348821393,-1.635994908,0.421287338,-4.31046826
2.370343468962381,1.7235052422379389,0.2814525649192954,8.310904825
0.16994984613493586,0.6484565517938835,1.9422207210730449,0.41979503261517637
0.039603777,-0.373541742,-0.747939182,-1.320925911
-0.603064555,-0.814034161,-0.718405835,-2.394780708
1.3718334093024243,0.876515663,1.0583425780552362,1.913797812883861
2.2158524400676125,1.3810226516750348,0.519125315,6.020157571084165
1.6706639709345614,2.019448278397993,1.031726342144849,4.287153855819499
-2.104511863,-1.129717335,0.11033435778201081,-3.068338212
-3.117465403,-1.413469385,-0.257219282,-3.798929858
-2.483850693,-0.712911497,0.7677176175460507,-4.273726994
0.6707460965596052,0.8533057198947136,-0.518246292,0.2734690000920281
-2.576118297,-2.170714969,0.4642025027229883,-4.455604689
-2.499840008,-1.454334669,0.9695183418307504,-4.211741609
2.2613394671718816,-0.11145941,0.085998692,4.582527942977837
0.072474995,0.1084265607306721,-0.217446309,0.001332638
2.4340759529971643,-0.333836355,0.2943047348597434,-0.03371621
2.9515254939279485,1.2083691669589287,-0.139699033,7.678682333110708
0.3743012395357015,1.141743008209429,0.15400344075573244,1.8861096966172979
-0.752458138,-0.627934922,-1.371908319,-0.736630351
0.083928993,-0.797410685,1.486033412,-1.657159794
-0.503569225,-1.515114374,0.32666268831589235,-3.484267038
0.068077896,0.43517534784286704,-0.465260205,0.6904008815156033
-0.145557507,0.264568795,1.204874741378095,-0.048227107
0.027937321,-0.719565381,0.6718874629305658,-1.366010259
0.8865113617790737,0.026382654872386366,0.13815374000311145,1.0728779645315223
1.6561284755596022,-0.125317763,0.6245169407500882,2.123631357015297
-0.195701399,-0.047456234,0.8943079185776376,1.0318811839624042
2.232536779359709,1.7089383103490603,-1.501803979,7.961668727993256
-1.672152651,-1.246780636,-1.34038054,-1.42343896
-1.641573961,-1.975411157,1.1198290919498863,-5.040708741
1.003418924378755,0.5732413912735553,-1.156035665,3.0696946742002384
-0.453854942,0.30937376814774337,-0.332329787,-0.430205982
-2.600054162,-1.797706969,-0.09247177,-3.943897283
0.5430428011593316,0.7029725280457444,0.080125705,1.4931420800784507
0.15254234273389194,0.19797544837486852,-0.924689631,2.078546481413211
0.48160439090255336,-0.825866729,-0.325318332,-1.645044353
1.269423487017137,0.7259234798160039,-0.111534863,1.9500931081564203
-0.580684147,0.080796679,-0.40092525,0.6557624993580755
0.1942555708017764,-0.450764559,1.5825342708240218,-1.878478031
0.6983501473945031,0.094814918,-0.009030944,2.7507517294876864
1.887762468092564,1.6645058378149942,0.6605092608676236,6.284266569155885
-0.733403437,-0.975868871,0.01669585,-0.40147728
-1.837135743,-1.369766518,-0.617211809,-1.299899299
-1.815873537,-1.009152078,-0.415549792,-1.872533115
0.3235550260020631,0.31866257265059356,1.1146010182478752,0.06023307
-2.353725336,-2.963894438,0.3585585330320338,-2.928525287
2.1447241836528477,0.5661446668647505,-0.881074513,5.4530386216744375
2.8840176024771598,-0.045225882,0.8519492329590131,4.231967442598599
-0.597736143,0.29475915900061483,-0.201645775,-0.620615605
-4.101359501,-2.217761753,0.20601297554061201,-5.149911177
2.0113575423718206,1.6069370114850086,-0.72144608,6.357889571537912
4.054893718252014,3.613654508507828,1.0145868929446538,16.90899581672405
-2.259711296,-1.662839746,-0.535719725,-2.706432557
0.5726837936042207,-0.216518731,-1.757051368,2.137062049177285
-0.411240198,0.2809468510162963,0.22865094415561515,-1.791271754
0.4948831482985767,0.4146219423056616,1.1448017464994598,0.7874779089940813
-0.817899018,0.3901809501441732,1.0172641177258073,-0.841675258
3.1329172428849072,2.8373413641007708,-0.561509891,13.73768507274157
-1.10056074,-0.195681902,1.1515068564735376,-1.355874383
-0.515498363,-0.943925463,-0.213416393,-0.210247267
0.00828132,0.15181329999839016,0.45436047969589194,1.7551662308626375
0.5170320919381879,-0.292151583,0.43284459134207365,1.277707153059977
0.2271088240993986,-1.001780732,-0.77152376,-2.473843818
1.3056823878737949,0.35620779624036414,0.8188179215860512,2.928221718835468
-0.036384244,-1.021915864,-0.294793762,-0.53500336
-0.231004503,-0.356910272,-0.361992764,-2.51640447
-0.258735844,-0.519184297,-0.57825093,-1.50152178
-1.864848363,-1.846093069,1.314815961,-3.322219666
-0.873930475,-0.805550641,-0.893899807,-0.324789636
-0.843534075,-0.752750019,-2.861981506,-0.076047124
2.859552415787129,2.4445210751087103,-1.58555165,10.57430285318953
2.807201456648957,1.0633113709666813,1.4428369330932966,4.970486367071323
-1.145731734,-0.389163419,-0.9911063,-2.111443131
-1.027422089,-0.5418374,1.1368858162845612,-1.296049874
0.7126025855755858,-0.33868188,0.11381814961031632,-1.401439001
1.016576876430784,-0.347991702,1.523279299,1.1840563260349881
0.9827803642998596,0.47178576702321107,0.15441334001624782,0.8178689668065457
-1.420046247,0.053824729,0.5428569440510598,-2.650381299
-0.402619311,0.8140400910583375,1.258272369297746,0.47834436970284866
-2.313871863,-0.955545845,0.1134543298031028,-1.970372609
0.6066709455511435,1.4703448237348329,0.8516459872724096,1.2351961030842797
1.947361381037597,1.0199308157611644,-1.62747356,6.452009553455561
-1.951089486,-2.404997212,1.471140998132853,-4.123843995
-0.310091394,-0.037185087,0.6147772344580925,-1.852410017
0.13932967000153806,1.2145896940537544,1.192181343741576,0.38265081294733216
-1.566135106,-1.815889229,1.190017209985832,-3.104372829
-2.094980176,-0.850974449,0.5557764565604443,-2.775590956
-0.243525018,0.13236610868895493,-0.346175525,1.6039072540767396
-0.620604015,-0.100963056,-0.912938224,-0.707651021
-0.203450868,0.6387410378131245,-0.632883454,0.7351189624284491
-0.699998361,-0.803205085,-0.079850724,-2.19390975
-2.241206764,0.14688383237674482,-1.726743909,-1.402704806
-0.560567452,-0.458458744,1.0402110504710367,-1.638709295
0.49458039512913865,-0.163330237,-0.672322869,2.264768223642152
-0.191399869,-0.685708806,1.0717242800445501,-1.829809264
1.6727695464809444,1.6973706868467302,-0.294078196,7.263191490343105
2.2758975574573523,1.480795744452108,-0.644735612,5.866776830979203
2.062247495,0.7006945525693532,-0.640022607,5.161413461003937
-1.058026414,-0.442208528,0.26448930681840954,0.080072377
-0.499468055,-0.533519209,1.0170797198768653,-2.189361984
-1.748571301,0.4141463127131486,-0.034644842,-1.539616456
0.4072849641334739,0.4153886709097884,-0.511159242,1.9377092932937396
1.155572639,-0.065268236,0.2707992648871521,1.1612876053829022
0.5639137484463521,0.34739594532830625,-0.872630497,2.3209626768266407
1.5515298237755797,0.025916299,0.31291193897380026,2.709572607434315
-2.148910788,-0.919819894,0.3913382578194433,-6.227785855
1.9782116978744244,0.837940153,-0.858367563,7.111311094657705
-1.107320618,0.073119512,-0.905955839,-1.501121372
1.8486085148852849,1.5128614915621026,0.40536843017794466,5.155461971389716
2.3069147077162437,1.329855648644954,1.9669099413276734,4.072421002008868
1.751280431487917,0.9984789483246903,1.5227373773658572,3.875041991251516
2.4949068860552854,1.2265291263673526,1.0155743119566036,7.271978417
-0.041411223,0.081861945,0.5998686257623613,1.5909105311543839
2.474161233798214,0.4444051502398608,-0.387020936,5.6748901923180854
-0.552361466,-0.50750232,-0.216418975,0.5161847856685982
-1.291044098,0.4457479717285205,-0.727707818,-1.222026231
1.3367398911494726,-0.256716438,-0.773791513,1.4073493728194713
-0.585701918,-0.521944658,-0.288950245,-1.920818584
0.098524009,1.393471471128716,0.5361762942388115,1.7159932749569728
1.1027566886125828,1.1805845220466544,0.9415788440387202,4.664086162
2.967003077468305,2.297935144764133,0.522910773,8.717175886135054
0.358515645,0.019232536790348486,-1.125314896,3.026811843355544
-4.333792603,-1.569053625,-0.636131489,-4.396733384
0.030377688009025627,0.9025782495704201,-0.950886021,1.6557454826598745
-0.696245038,0.01692713,0.8051584347490842,0.6757861057960199
-1.094075463,-0.357433117,-0.33667271,0.6044869731850369
0.5853621478500539,-0.362982077,1.8670531437814544,0.14019094953786604
-0.491447969,-0.737240966,0.26192733742962615,-1.908976242
2.7808330994710224,1.836806678623057,0.6936847600480193,7.5204710946114774
3.211794310642095,1.0956474577074249,-1.134723352,9.019230003618215
-0.325223224,1.0425327503660675,-0.066912036,1.1812021574784946
-4.414890568,-1.950952995,0.023730958,-5.128165359
-1.643362881,-0.661709382,1.7543688425086357,-4.235130275
1.602723686081716,1.408293463896549,1.4375482694070327,4.5218645851125885
1.0517565551374128,0.8219523133714969,0.2559958869063217,2.941996531
0.7731248253448924,0.43915840894307495,1.0837253146294656,2.0739154634236545
-0.608093383,-0.091368698,-0.639113945,1.229282660428109
-2.93349004,-1.09875698,1.4644985197402294,-4.060388544
-1.263466534,-0.626483277,-1.545054273,-1.721513015
-0.795705844,0.098715838,0.9928979384001967,-0.918073157
-0.095769159,-0.251047624,1.035981145270593,-1.928509309
-0.144506065,-0.036699654,-0.629242851,-0.262597799
0.19484588853653728,0.9659724263377423,-0.940998818,1.3653235730697237
0.19418062992531904,1.195003047676417,1.730237791485815,1.520995701057203
1.6137036014636488,1.7209811361989977,-0.404141867,4.809177767359581
1.2816910440955396,0.9636717220779712,0.3253180467434001,3.646631841012471
0.072612085,0.14347434273663076,-1.358106238,-0.922778543
-1.951089515,-1.726766653,0.38222151766617873,-2.680155891
-1.001269956,-0.254378115,-0.279738664,-2.201704614
-0.804009963,-0.72582698,-0.946392055,-1.612277373
-0.748905023,-1.209014351,0.0948627,-4.906811755
1.2726393795370559,0.39020226201101715,-0.176709656,3.5995048512896766
0.23694401850583147,-0.687664345,1.2268789687339503,-1.26568284
-0.44444419,-1.293716522,-1.01676361,-1.929180701
-1.822464805,-0.723343936,-1.520003106,0.34418828844975424
-0.447782496,-0.475543564,1.7136453357671446,-4.023570117
-0.350808845,0.009317696,1.554787972801182,-3.893584275
-0.037759271,-0.41290094,0.23678822325127546,-0.898403705
3.058243908796812,1.3303832502177446,1.4036812649192218,5.657214973416187
-2.365634258,-1.53442093,1.338553994543083,-3.867524875
0.24507143775418294,-0.429806077,0.7156895313007892,0.7046535206878114
0.21442011780764553,-0.218496483,0.7281307773603872,-0.028932144
0.8481777707637145,0.6285010938723842,0.2874861996045059,2.0812863940750903
0.8098173520056609,0.863818636,-0.164456305,3.0583688330696357
-2.375803843,-0.081406334,-1.62538222,-0.490594485
0.079309076,0.3843055663734098,1.2991880848524282,0.5976114269651855
-0.699250356,0.2041373578671969,0.4311489742424666,-2.033754252
2.4243353199808304,1.8766936870381343,0.006681531,8.214647934929511
-0.04210763,0.32685286687820503,-1.495336228,0.9145476664479446
5.10029566,3.547090502737969,0.5774239367928399,19.644321298636008
0.2584092467087278,-0.276436835,-0.408232061,0.4874926624008269
-0.626321593,-0.977488272,0.9811673047019077,-2.673852757
-1.58062078,-0.947803691,-1.187189551,0.13423848772502156
-0.764593591,-0.949109777,1.3600563706580573,-2.659738306
-0.942974252,-0.103101842,-1.570360045,-1.266809778
-1.019089351,1.323869078242609,-0.359731512,-0.559090996
1.9299573955810945,1.3539219980945636,1.4277980395522898,5.598514773094649
-1.871707576,-1.33439592,0.2588652730321156,-1.634605821
1.0346771739603633,0.6634225546662911,-0.049517632,1.7151425697162987
-0.649298115,-0.751535188,-1.883637129,-0.506139797
0.6765907931991457,-0.889096983,-0.709583204,0.6213386817497205
-0.443482178,-0.349875715,-0.987227812,-0.475191087
-0.022440049,-0.22549739,0.3980965776523639,-1.26960036
1.7733060819028938,1.5815678028902413,0.9152574512057717,5.623770525719524
2.2984346091453673,1.692639285510429,0.21381122664945684,6.483698662712573
2.9688772216540222,1.010399490335894,-0.723762608,6.401743830670918
1.444271294664442,0.26847493177947185,0.7025904354340166,0.7626909266647959
2.1719547459116333,1.2605220634664889,0.2935825874838257,6.298490839299034
-1.009461968,-0.319155705,0.5260256487363916,-3.459442924
0.7779750528701409,-0.097975064,0.3788710113562352,-0.206207312
0.3199859166201897,0.3015371732267297,-1.314324542,1.2250769532559542
0.2697576066881381,0.057826976,0.9968434166027161,0.5402998304178196
-1.942832616,-0.615340874,1.230208871058312,-3.250669219
2.5781973476201356,1.2856748397039115,-1.255349738,7.1959963570051935
0.643474838,-0.002978455,1.2098303224073972,-0.76717251
-2.066016198,-0.130117001,0.9197866464266075,-2.650384947
0.31448164538148465,0.307014906,0.33887062831089704,0.1192382014035096
0.5220151520427648,0.3962216884258333,0.45197603307161555,0.6855095583153781
2.7456369541522037,1.0160755879925776,1.1735423983250712,5.735561001584881
0.2575538236585193,1.0496852817049487,-0.49350803,1.8900494802363355
-0.628101924,-1.596565534,-0.919691794,-0.626972352
-1.847913315,0.11640975581011088,-0.301901972,-3.3026063
1.2136787432524048,0.5116077144262701,1.791478705900062,2.4371114744719886
-0.854880695,-0.035191454,-1.708145694,0.048179170110048714
0.8837699640941015,-0.319663771,-0.922838865,1.204120285097858
1.1061276436975804,1.1720721362298454,0.5628770022121279,3.0080298960571366
1.3763814297526118,0.846917625,0.913817803,3.2397785065427027
-0.042820485,-0.090380219,-0.633884248,0.992247236
0.7365156334215273,-0.29639665,-0.938533679,0.8135945790856363
-0.663131085,-0.024439294,0.8935486291310508,-2.059156784
-1.941159211,1.2467942053256658,0.49342260960088347,-1.588312678
1.0362804505740881,0.9717572791463466,-1.500423593,4.511132924644489
-1.083401024,-0.636373168,-0.185950324,-2.370826908
0.9514793403340839,1.0383319556122081,0.5230237238047696,3.7568483084320627
1.5371178225875182,2.2239222685696385,-1.061509774,6.880483572082085
-1.380415737,-0.16549833,0.6796806706541194,-3.149875063
2.1234733005384276,1.3693745035381506,-0.842906772,5.697189020467318
-0.370673365,-1.898492238,-0.419486074,-1.488827883
2.1911476685171087,1.874354534295424,0.8923258880709928,5.898125416
-0.179092506,0.5730678640947412,1.8172482404478145,-0.079722556
1.7452281823922313,1.2030999364266748,0.709065792,5.352715042094739
0.16485128824312834,-0.808666526,-0.258757876,-1.761630263
-1.215336303,-1.816600004,-2.436383074,-1.694454994
0.9987146265386644,1.575617103606049,-1.135464909,4.701382296437541
-0.163127999,-0.822693475,0.5649450502119773,-0.249760321
0.9924253118819977,1.8208004340299653,0.7320139487075118,2.6570565315234584
-0.61699065,-1.074073094,0.28721784789366434,-2.024495503
-1.404578485,-1.296305593,-1.693018252,-3.170694658
0.34935567016465724,0.015562791,1.4146628605267066,-0.71565002
-1.344036094,-0.016627956,-2.070127181,-1.284202046
-2.293845996,-2.377933359,-1.034296726,-3.780632684
0.7569170927829288,0.2330116086837779,0.8398350752748102,1.689894672092501
-0.211293009,-0.526638561,-1.117200851,0.9495731140851399
-2.107769729,-0.492017254,0.8002961971942534,-2.546641198
-0.248368831,-0.665470946,-0.298252303,0.8065829959264137
-1.590206382,0.4226483584513693,0.5264511215609742,-2.836101615
3.5479156768108835,2.6492599060885227,0.40596630212857504,13.128811012166437
0.46688593925510674,0.37012670571730366,-2.510576988,2.1369527277302987
-1.148219928,-1.029042977,0.7980799790924511,-3.625937325
1.2705188249667134,0.015358377207231641,-0.881451243,2.7765347091243266
-0.055816963,-0.105465343,-0.852526794,-0.849000733
-2.115266202,-0.923743393,-1.880924864,-3.089523532
0.21609745473820174,1.469499954470012,-0.053832692,3.3732434300906915
1.5546956115268438,-0.112744819,0.7531550406953988,-0.378177486
0.3686370265035074,0.5861545476388011,-1.522850936,1.2157987972546582
0.3071137714404475,1.5402887845336546,-1.284457667,2.0088058805075892
0.771009817,-0.021558728,-0.206696641,2.244983765828909
-0.398078611,-1.461670937,-0.467304036,-3.632660902
-2.005846915,0.043233994495857686,0.21516968387910634,-3.320970219
-1.615014192,-2.304290355,0.1953623621269904,-4.416875558
1.252387958144188,0.7339647652698288,-0.612034192,2.6263498370756313
-3.310127453,-2.327883925,0.148767233,-4.986732709
0.674622955,-0.920208056,0.6293572503260835,-1.20135325
0.25015123623274005,0.5461665215535697,0.27554958771056415,-0.293591873
0.31703046971593196,1.2262493763877396,-0.059883984,3.6708434248877815
-0.737509143,-1.735247642,1.4791803129124967,-3.437374119
-2.119411539,-0.856873704,0.6381852854014055,-3.846623838
0.6913402808650431,0.9401979350595714,-0.558801046,2.996559027248947
1.241049410053927,0.18648490321241007,-0.124575728,3.764610721514172
-0.416884008,-0.033368383,-1.911752739,2.2937379059338734
0.1446115898585224,0.665866739,0.8166017727114045,-0.284065418
-1.618734424,-1.131798891,0.051324931,-3.487089195
0.8375250383277626,1.238505680232058,-1.284233851,4.655345382905302
-2.221600669,-1.343853518,-0.007333669,-2.477621678
2.524819059903243,0.6600166570264362,-0.019609893,5.869787536
-1.151143195,-0.442258251,0.5478456464528185,-1.946778506
3.675013116356231,1.537074709672008,-0.198533271,11.213097089091056
-2.401548456,-1.590307552,1.2529005227924852,-5.815819872
0.652355796,0.8293995982639585,0.010027668982236847,1.5946816898435947
0.7606584798123964,0.7413062708495541,-1.465934019,4.426781975119518
1.6298936974922467,1.7561532480336004,0.4022716265910208,4.786873199484925
0.028588663336414077,-1.014448412,0.5269761060237407,-1.129188309
0.16033806640865222,-0.205794805,1.0883765775599235,-0.214311602
0.6409728131296281,0.7830742853662285,1.442992520798058,0.608232293
-0.000528251,-0.510077417,-1.120922296,-1.352163653
2.0295644607256484,0.9019436745282564,0.6159198345297077,2.878784057614758
-0.16112285,0.6587933531485152,-0.271662587,-1.823777745
0.31531141399577844,0.4897183195090596,-0.945407773,2.700248324156429
-1.1987058,-0.284728591,-0.103162086,-3.151535628
-0.643971193,0.29026061609403325,-1.389854073,0.1392537942030032
-0.729942836,-1.260537666,-1.529718911,0.17164366174647494
-1.221404707,0.1657580461905356,-1.490077242,-1.623373758
1.0759931788397292,0.8147608890309794,0.4732991415116639,4.559118997976201
-0.591450308,-0.46850148,-0.364643215,-1.128300003
-0.585378523,-0.38107509,0.3152406826625823,-1.514622841
-1.682907417,0.21330456342540394,1.4024558320599543,-4.388932407
0.44702979636446877,0.6209230772827491,0.6413336538553556,1.9262553165706744
0.6720618097717382,0.012148059237034823,0.4718377065264777,0.5978336739651535
1.2171878322739622,1.9441330910677335,-1.111838283,6.577490947805414
-0.237587591,0.067404162,-1.101525329,-1.576190711
-1.375302224,-0.688932708,-2.019561446,-0.604557166
-2.098193853,-1.026324823,-0.576152327,-1.877685327
1.9783081942494514,0.3356987782448012,-0.03963718,3.6357761118332035
-1.328714992,-1.487767491,1.1188125729762357,-2.175803422
2.234517909812016,0.49755014834264244,0.8217116446346171,3.1425987079438213
-0.75922321,-0.498803025,-0.505414583,-1.570928229
1.192433759798812,-0.038565305,-1.157166416,2.321475910705913
-1.208191419,-0.316906529,2.4554272188226745,-2.663488106
-4.442996186,-3.170048192,-0.432923156,-2.382294676
-1.719738991,-1.366909018,-0.756470488,-3.129731886
2.465865198208887,0.8926400924792784,-0.043149412,7.566016901468532
1.6691782758085463,2.7334968442494976,0.4238680696099533,6.403724225019483
-0.60538404,-1.475959654,-0.800574888,-2.23187147
0.5575483126748019,0.991683164,-0.857961962,3.6515644221883985
1.8965362641699508,0.5875953551339266,-0.24270158,2.9343186001745742
-1.088972816,0.099390547,-0.065207936,-1.525669404
0.8097136006089442,0.9509492190688902,-0.471304359,3.3818246411987274
-0.65790761,0.18855999960157513,-0.373384552,-0.387059385
0.006989336,0.052721441310993586,0.6033561760901552,-1.338205247
2.706744724305154,1.4067394632940708,0.7482994920656192,7.262630025767612
1.3658281714831175,0.5839038620355866,0.9685650116833571,0.6110549057441064
0.4350971437581536,-0.353333064,-1.239943797,1.1002303596615741
-1.615732233,-1.168080511,0.21422812559188537,-5.02759058
-0.217763676,0.5638249950267282,-0.683715498,2.8207664181267154
1.6253345066933023,-0.051968616,0.633449658,0.718523032
2.2632957821635844,1.7179699898608551,0.5125049937461149,6.481997949141562
-1.254623055,-0.300942385,0.9071610614127306,-2.428521089
0.3285406029082426,0.1543599467537021,-1.426603416,0.14153302673216994
-0.297861433,0.3279736066554716,-1.015657565,-0.388969515
1.5895782632979443,-0.243230549,-0.596631062,1.6202116091062229
-1.947964513,-2.208970108,-1.671033521,-1.254698703
0.39220368132209416,-0.463181503,0.8390011070437944,-1.39577976
-2.238052006,-0.790599323,2.921748975135195,-2.735985815
-0.33527953,0.4099443896816541,-0.638062116,-0.640794827
-1.580215869,-0.77590685,1.0168556100144475,-2.967807941
1.8267799525636221,-0.063043499,0.5277095126432776,1.4236199749539389
-0.371221378,-1.516211343,-0.410269529,-0.641597607
0.9117146389343297,-0.843381143,-0.807678105,-0.109024232
-1.400169497,-0.516604894,-0.87467701,-1.936998038
-0.01857986,0.8777775104774531,-0.700882959,1.0299141464324224
1.2459233500122588,2.086011924207152,0.4308225465897196,5.096202063214785
0.5171557758240641,0.9134786575671178,1.1240046074222356,1.730833741363514
1.177360724105934,0.9553388788361077,1.0204925916906242,4.137472571499018
0.48908646754261487,0.24470868739520926,-1.493232709,3.2119253491163198
-1.562805523,-1.390752587,1.2624311514453679,-4.182954871
1.6591247831266875,1.62497827,-0.403656439,6.4820655572003165
-1.092253041,-0.429994357,0.6738783878365892,-3.075741883
-0.183266578,0.38451019982411033,0.971777397,-0.64452917
0.23031343135117677,-0.503475854,-0.250542077,-0.290046023
0.253487206,0.24233214335269138,-1.056677681,2.9660133821447054
0.8515531682432252,0.1840883849174971,1.607226601968459,-0.709615097
1.116029688562064,1.580455662670827,-0.267750225,4.053549030200621
0.21055948043261574,-0.338615841,0.14056621623613555,-1.799474823
-1.968415393,-0.966834853,-0.704426016,-3.194321813
-2.29467437,-1.106135539,-0.732501719,-1.829516845
-1.155937198,-0.293633736,0.12728002849569414,-2.636100111
0.6283916402004992,0.6986343217959816,-0.271723013,1.511566091940379
-2.303959158,0.7203762879979568,1.853622708,-4.431199918
-0.370288274,-1.274628792,0.4366681364343606,-0.670008802
0.6273625805708382,-0.136997823,0.24317076348384753,1.175745151481645
-0.418908963,-0.291731395,1.038762171673933,-0.453676423
-3.000347124,-1.38600245,0.6861276393279561,-2.485793625
0.076719427,0.605567892,-1.161373686,2.050510021
1.6633724815555937,-0.828661837,-0.868096641,2.070663768638494
0.10406497319049728,-0.002719674,0.2254082333162014,-0.177967802
-1.165063169,-0.633350693,-0.615931475,-1.605510692
-1.274378277,-0.328528764,-0.640205189,-1.226090475
1.1715364485122153,-0.632803164,1.3530074905396385,-0.65681603
0.6157384331372207,1.4242002565449245,0.9163592928824092,0.6464840796104447
0.14225575894301812,0.5552222095034469,-1.168068473,2.2100146596358208
-2.020001631,-0.4587142,0.24643528541167173,-3.953621081
-2.367542682,-1.28962048,0.5514676409128478,-5.326935744
-0.111442433,0.48016677874766034,-1.33238739,2.8952872132666165
1.2564328371614366,0.8679283692916576,1.8214880346495068,1.5015222054164936
2.303728575930574,1.2581371392091651,-0.017715949,6.583592361776676
0.9482485349402233,-0.406440048,-0.897753729,-0.720706048
0.30373321516519525,0.11876247148678833,0.6846220015876467,0.40556760619332255
0.8465829249682146,0.1283409255117569,0.11462814109504332,-0.497290841
0.8566877723716705,1.6234053182463097,-0.26498678,5.3072094347367855
1.6160328174157574,0.30506465284206596,-0.705404909,2.7366959793039705
-1.225913387,0.002069399,0.010290995448143396,-1.719824898
0.8325004126815762,0.667021247,0.3166158582072605,1.3845695243988403
0.8207835508564606,1.506013083170561,2.456152245,1.970473281007248
-1.114151109,-0.247652632,1.3409756612143207,-2.362659084
-0.51109376,-1.150781497,0.30568487408340106,-3.179061716
1.4454414474676047,0.2592148359417588,-0.029337953,2.142341580518163
-1.162899304,-0.720242726,-0.745344241,-3.60694356
0.4989742927173254,0.28397528868582417,-1.749471892,3.3006835713651137
-0.718951653,-0.748081331,0.2826443142420102,-3.152012291
-1.862223711,-1.132745442,-0.469619657,-2.926615792
1.001297765234608,0.7765737480213616,2.1866616263789345,1.4598110399495177
0.7489426745821972,0.2001313352416135,-0.940743709,2.723874534927913
0.7205905760550569,0.3158710437761816,-0.059899348,0.914877731
1.1726288729020033,0.9770932671585133,1.4682819179772535,2.9975644931714367
1.1324195077311576,0.394435952,2.358068179,-0.789012312
1.397263483,0.49703303147989164,-0.478905388,2.904974880497249
-0.279579033,-0.514384444,-0.461128185,-1.042476452
-1.3155746,-1.087186759,0.32096730931708267,-0.654566427
-1.746993932,-1.14374854,-0.592864559,-3.531485764
0.5774773846979309,0.6638239745579388,2.203577569761048,-1.238852063
0.6215211306857467,0.18685618612008953,-0.483595876,0.5654271226877949
-2.630706034,-0.388687028,-0.045034287,-3.054308124
3.9344161471054244,3.2093749041425723,0.728140717,14.15041856859478
1.1152844796542538,0.096132633,-0.012752366,0.8900633935195669
-1.759336232,-2.083234289,0.2981589866177996,-1.755484171
0.7044059184645847,0.7697109825117626,-1.341130169,1.853767323572994
1.619446499619009,1.3959099778677517,0.056181397,6.730826500189323
0.5663842674059634,0.9532384214174934,-0.192478344,2.007484436351875
2.2427081347693543,0.699913132,1.106302494,2.565328635938553
-0.328181162,-0.770283658,2.4498970393695894,-2.082991748
0.14704206489750482,0.44521123633548015,0.041316603,0.5626561542167746
2.9620785028375116,1.0285606902187996,-1.265716986,8.246482055419635
-1.655341803,-1.203825803,-0.592851508,-4.756047605
0.046335055,0.005956797,-0.880284737,-0.493352486
0.10558075304632153,1.034890819969729,1.5184305325311676,-0.694121922
-0.847454497,0.3231454724328322,0.18417444888291848,-1.596731347
-2.844673488,-1.518283465,0.2797768233962337,-4.204119187
-1.228734369,-0.983066011,0.31009245377553046,-2.005877737
-3.47936171,-2.574108615,-2.519453022,0.5904020785977022
0.5817985736926079,0.17022908180949878,0.6879404884224118,-0.1794466
1.4878494379710268,0.6454780814376018,-0.333340495,2.597023895659813
-0.069607734,1.025014674535628,0.21953932216256386,1.5272992483558263
-1.951277731,-1.581560109,-0.028515224,-4.569009788
0.8491169354019495,1.0173997290919046,0.3699850218484732,2.267384872660649
-0.080673646,-0.454881379,0.5818453970370359,-2.935495339
-0.156374141,-0.138495695,-0.808881241,-1.084704405
-0.953396744,0.5742311577678315,-0.754931592,0.084558478
-1.488021034,-0.635822151,-0.435100475,-2.547907947
0.035916466,0.35468098098456435,0.7290577609218502,-0.327801226
0.3973626864076491,0.38559599811006967,0.45836099652602663,0.5738423097763377
0.087433084,-0.020059911,0.2997098497505298,-0.657808985
1.4041667247069722,0.6822220274968173,0.3066879689599364,4.974718838864838
0.878553447,-0.133811641,0.6221454625579188,1.436662858081339
0.9560320480796686,-0.022820975,1.2142491764149521,-0.023795782
0.6938222540791771,0.17798748121176444,1.607951196,0.6601670634474937
0.4110588584744554,0.30665373294221293,0.10117081401296134,-0.148025837
0.27817170564428084,0.779523584,0.8488690399511297,1.6342463486190435
-0.325049686,-0.597434325,-0.393030221,-1.320993892
0.9634163701655257,0.5497562925113012,0.20840383728203088,2.7452849878372043
2.5301393683772675,0.4520312250130916,0.3128737283619678,5.626182088606401
-2.334233756,-1.477342102,-1.136240816,-3.690144166
-0.58122308,-0.382250267,0.6748285888909357,-1.904772279
-1.365916721,0.4827944181861827,-1.352858021,-1.427327711
-1.774829169,0.6145312051172531,-1.915011216,0.4124301301179749
2.0326110750693314,2.1650512854269097,0.969680231,8.201346366455581
1.8998293518419578,0.1051837548456206,-0.399513547,1.3757697040457046
1.2371101372064002,0.6307206555997555,0.4257121330613861,2.5740248209418684
0.23015393677726975,-0.148984109,-1.059822776,0.8135381610546003
-0.965370976,0.7843740804716831,-0.543417778,-0.082340731
-1.346147787,-0.173894935,-0.549499986,-1.649691393
-1.024839989,-1.759148245,1.4757951667869749,-2.945569385
-1.872040072,-1.985310307,-0.453180117,-2.913375412
1.0924388779988978,-0.315202745,-1.108411235,1.992245437954062
2.5333390079008176,0.7220885701103066,1.3554087658326357,3.535546228901012
0.7997180878374701,0.4438774235087446,-0.919613873,1.5260234465802747
-0.925882733,-1.390402631,-0.127259012,-2.800157939
0.1842806689893186,-0.588862075,1.2272261911746614,-0.75794892
-0.778101575,-0.153118694,0.086445697,-1.074254595
2.159496671605482,0.3038680124246719,1.3285623478487942,4.645727850341641
1.1371686646143668,-0.635437845,-0.223618613,0.9895576335251154
1.5818855187465701,1.6277614441339143,-1.593028711,5.850070233309718
-1.480723971,-1.17574172,-0.661772925,-2.830736624
0.2881361314646372,-0.284702159,-1.071804394,0.9982804422835725
0.026664909,0.024769055,-2.072289081,-0.962483954
-1.410705976,-1.668064272,-1.167980958,-2.566760669
0.029163385547844534,0.3117273610073384,-0.475836537,1.4952478788651524
-3.231893944,-2.766577624,-0.202359368,-3.991443821
-1.566442829,-0.83764286,0.3779345056900799,-1.83427619
1.3881682596583098,2.096028023271601,0.19547709988706632,6.364419706322205
1.3387531796961016,1.5056402855967193,-0.208002918,5.947411291735293
-1.555037243,0.14675939464587548,1.3029139978659106,-3.410029747
0.070226826,-2.714872564,-0.505112026,-2.506000577
2.535339258395463,2.4963682172553625,-0.985493076,11.287604450704178
-0.515245647,-0.665846153,0.23731422487864998,-0.242954866
-1.063183295,0.7972916707856255,-0.208650324,0.5802979197568585
0.5443573579906708,0.3071412624282228,-0.065924345,2.6009441085723273
-0.394054134,0.1881009700310535,-0.487102991,-1.707654197
0.39926328200913497,1.1024059283428158,-0.063000634,0.7114638668163291
0.2625173986510688,0.3223245014713198,-0.607553431,1.122084256978724
2.3318314436064282,1.5090777852824502,0.943648487,7.249808407775587
0.8848148921821062,1.3547803952955928,-0.686592226,4.142569907963729
1.9166829822838434,1.677396720978374,-0.974712518,6.651142346839376
-1.01892906,-0.154320958,-0.024659746,-1.502024125
0.9213251380402101,0.345359524,-0.603562609,1.9440222865278276
0.5294003670797673,-0.269916012,0.23571601952740487,-0.726482569
-1.302290678,-0.56464201,0.45783329774633846,-3.368254524
-1.840265988,-1.424560384,-0.011754395,-5.398501065
1.8441039309840876,1.517770643469371,-0.577267607,4.900046535305275
-0.832693465,-1.724043135,-0.381247362,-4.181570084
0.3816943861872557,-0.86772524,-0.044484597,-1.385228015
-0.323195485,-0.925778118,-1.02144833,0.1876988885077414
-0.158439251,-0.479038355,1.2485314042658124,-1.980826198
1.0308019978812755,0.9526413652839797,0.10995443108330237,1.9826826580166006
0.4040849067266743,-0.610174743,-0.036128573,1.1707315911932308
0.3382353933156118,0.13214907688894054,0.3968770186301479,0.7194635688509278
1.6488426829997296,1.7156507085616755,-0.344674488,7.324150610843774
0.5717611766236079,-0.617085247,-0.982466373,1.4365646261731726
-1.65603883,-0.588014747,-0.235214994,-2.236436515
-0.219597819,-0.250188632,-0.455210636,-0.050923707
2.105545414190521,0.9357573957861266,-1.583987635,5.632589339590877
-0.113453648,-0.36745091,0.8422163601954974,-0.361644604
-2.774991032,-1.432699327,0.20207335975231921,-4.490476957
0.6253465544494627,1.1294360913682795,0.6893019793985853,2.6214854305684403
3.581818157467871,1.7637218493709965,1.8829915946167688,9.385174174319655
0.33554484356455383,0.9807488773231603,0.4223878867810707,0.43158095380730543
0.6234719591183784,1.1308981461077252,-0.504258731,3.806754312405758
0.7762005831863771,0.5254465765731622,2.7392801286454382,-0.28647896
2.2277933643062227,1.2121420937023024,0.6578284518886836,4.310226031377555
-2.768444743,-2.035391526,0.5878449413445735,-3.15960711
1.3973929496932702,2.318478390316628,1.221586320787685,6.731189246030787
0.20545838977475553,-0.119336577,0.19117148892920408,-0.847011758
0.5521201158193876,0.3746252811089925,0.20090303760534625,2.5251508510035627
-1.096965454,-0.250734203,-2.200731588,0.768492815
-0.732254063,-0.673746285,-0.336078927,-1.725513021
-0.630140181,0.5058013145272929,0.12964745917743134,0.039868035
2.153358501130029,0.8884393870210378,1.436518928631973,4.0297876922036915
-0.760954698,-0.592526481,1.3329240445352473,-1.901729822
2.775525442114593,2.0032157076501607,-1.04835933,9.067321827935112
2.7602703192946274,1.1675939195493754,0.01888082,7.282270061206568
-1.895733994,-0.81408935,1.6304890159787035,-3.296517967
1.0803374620974902,0.812196735,0.250099777,0.773945128
-0.8322724,-0.616708389,-1.288422533,-1.721740426
2.4211673600599823,0.839311041,0.4070272258633932,5.918268929081695
0.8494222762736456,-0.913503144,-0.981253737,-0.717153922
1.7269048207553002,-1.406824542,0.80568899,-0.960337001
-1.720903848,-0.535718469,0.9235639544132774,-2.804330772
0.4935199750286835,0.8218307347948748,-0.014002575,1.3706298335884268
-0.454119191,-0.446550509,-0.489064176,-2.041244528
-0.626506366,-0.281409746,0.1274593565124949,-2.474071259
1.549133099940051,1.3062470854623651,-0.197678427,4.976325180350636
-4.585171273,-1.492903451,2.6773700675865872,-7.416559364
0.28863446816385385,0.070461687,-0.241474227,1.5093530170655165
0.021652601568711183,-0.804548658,1.0010168653608886,-1.799791441
0.7843535944924397,1.126690070195915,-1.025550594,5.226813260625511
-0.161455437,-0.578015164,-0.947602498,0.679384125
-2.458235309,-1.118674681,-0.572800114,-2.975946435
-1.103529696,-1.263827946,0.3467688571863586,-2.231852143
0.38304065255138525,0.36732602726432434,0.4980191413933954,0.9256415746375094
0.3767199353243118,0.6809092354826259,-1.271948683,2.1593585025025885
-1.482883515,-0.679584736,-0.121363923,-3.966535543
-2.232057896,-0.588950643,0.29788828418575464,-4.234203733
-0.754194022,-0.907144806,-0.332114188,-0.992901047
1.507785653169928,1.3993879798609943,0.21131536422227895,5.1163861975335285
-0.224839682,0.6558611640370442,0.6684418114184623,-0.300825457
2.7137508654201072,2.775867011539789,-0.573910989,9.021399251
0.7023072048452074,0.20905139638322964,0.097777608,1.6436118439518355
-1.39735302,0.193489564,1.4338216433930842,-2.992971415
-0.957658196,1.3894102426443349,-0.228298285,-0.484826639
-1.011820149,-0.122725318,-0.56712063,-1.37708443
-0.026122868,1.6803100914741957,0.9534073729740153,3.2206205173874096
-1.213483318,-0.823335519,-0.364494094,-1.63827651
-0.87164009,-1.007345309,1.324022859729473,-4.087316369
-0.798474862,-0.68284566,1.7705424619893504,-2.993015829
-0.719713605,0.097781791,0.8579717640843356,-1.911285755
-1.096740306,-0.188454638,-0.554221083,-1.841316874
-0.51686453,0.551301236,0.21538424601406078,0.6477623169004075
1.1762436377422094,-0.304627691,0.290770896,1.230042185364694
-1.362190621,-0.839240251,-1.197872733,-0.412365349
0.46323578586352687,0.1910576219584036,0.071192667,2.7620922100851706
-1.04785789,-1.831944043,0.9753130702029473,-4.21580451
-1.578758018,-1.45512257,0.25527227252834767,-2.835660767
0.3260609102414224,0.7195736164568324,1.8966981921896109,-1.002918307
0.8108568188234272,-0.213169807,-2.323758071,2.6510008253741413
1.2138455990392376,0.5271481517729717,0.8604147179897236,1.876090562401389
-0.794166835,-0.415763879,0.27510528270808715,-2.347080519
1.2890576226947048,0.60923187,-0.787338501,3.1656593572055685
-1.103921291,0.13146970402332722,-0.924210706,-0.671460844
1.290273607694714,2.7073217631664326,0.7970669575468876,8.956248154716883
-0.558597803,-1.16875149,0.4785052100704797,-1.198301663
-2.391320137,-1.20333967,-0.546765499,-2.957916371
-0.999042267,0.000466754,1.7580276152510834,-1.347998544
-1.66387366,-1.146659783,-1.230427542,-1.215110135
1.1151984035731533,0.26503411183487474,-0.600769105,0.9977881184757826
-1.192065209,0.012220103333274175,-0.457736938,-1.539613299
-0.565266337,-1.284447824,0.37420762334675356,-0.571807475
0.8520645737935837,0.7069286807638273,1.158187594247431,0.22690178057729904
0.2250016236618435,1.1772210941173868,-1.258291668,1.7439037140304174
1.6835081515418686,0.8256767176329668,1.0610922892110328,2.4546588676477405
-1.383622617,0.5332213442288536,1.4652193992330609,-4.198197266
-0.456341331,0.5516186716280099,1.437536046031382,-2.626454589
-1.006304395,0.16578739605164017,-0.741295819,-1.540383389
-0.367087636,0.5230341876019516,0.23108655215774496,1.3911822325364132
0.7034852066609016,1.0090643125687881,0.12980043778292805,2.4479884284950892
-1.072777058,-0.809782307,1.1619342787332765,-2.695218166
-2.20347549,-0.603978467,1.272316281022095,-7.007790758
-0.407445323,0.28426458564894613,1.2686987721862002,0.31849947916878407
1.0687042527800497,1.427214879992346,0.656083439,4.277615282787005
-1.53357783,-1.70943139,0.734068302,-2.533572055
1.4031286278405921,0.043074383,0.7456455228228777,1.5523390877795546
0.6271911330995037,1.7618526928543212,-0.53087368,3.9489897240847363
-1.348746555,-1.172528835,-1.113839689,-1.031813944
0.8239274891406528,0.20217975697425047,1.915038624742857,0.7437115581268146
1.2825521858231648,1.0146798936077386,-1.786956087,4.400182203656329
-0.690032462,-0.06569827,0.7064845198121272,-1.434318286
-1.229168943,-0.470218125,1.0318220943089946,-2.921157021
-0.912240554,1.733942532465132,0.14619105868727408,-0.074988547
-0.91042298,0.3560054541163145,-0.911708184,-1.623967632
1.2701974291632316,1.1339295963354603,-0.679858691,4.0835016125027295
-1.984148369,-1.392617613,-0.046920716,-4.352702303
0.2142673326313863,-0.641607077,-1.265188748,-0.79399492
-1.484640696,-1.151275775,0.8222389912464025,-5.786407359
-0.802813356,-0.531781248,0.8424094156888324,-0.897715583
2.635744798492606,1.251563465,0.8788887618778627,7.117063949692535
0.7647963130249296,0.2357239680388949,-0.170621471,3.2614734913834167
-3.6390011,-1.110618412,0.6488174776689093,-6.046416658
-0.051092563,0.8036573225774586,2.1476280939322625,-1.118829227
-1.7753715,-0.38673543,0.4775205917831686,-4.782997083
2.3459089417235655,1.108262724117284,-1.248099979,6.492543580428734
-1.12445349,-0.565201632,-0.0997134,-2.581338453
2.04352224,2.545028715486183,-0.565227722,9.136565977
1.960291154870095,1.3352811330337433,-1.124260376,5.277889118
1.2076570060166696,1.2703525559592999,1.5630117765494511,2.0390287409821086
-1.791347736,-2.080389815,-0.288566976,-2.319926432
2.1676070493394035,0.9612566021439934,0.23407515801603365,5.574702828817172
-3.443793405,-1.828730894,0.32374154480887957,-5.74294015
-1.302635736,-1.242227015,1.334059873105952,-3.57843819
-1.788984377,0.23958572259595504,-0.791020115,-2.67984026
-0.358738893,-0.468172864,0.7677873612601103,-2.076589601
4.156268555520919,0.811066711,0.46779170416138716,7.709519998183771
-0.883119808,-0.639711374,-1.25786355,-1.320387588
0.3172660918650447,-0.408723445,-0.811550214,-0.083610223
1.8583672410440581,0.5761467529453295,2.1026319049966915,2.202775596428911
0.7395235787194027,-0.341232555,0.45510026262563946,0.8452694922152277
1.4274246941051727,0.3156249252950573,0.9547711185347773,3.411093582
0.561250538,1.0183722414898428,1.412863580157666,3.0129256290207533
3.1620980321015097,1.9526115365666135,0.19981964246720096,8.983402716087577
-1.077892382,-0.952782942,-0.166775793,-1.279930648
-0.9521114,-1.3956619,-0.111085642,-1.772449151
0.30751328706135994,0.8428590713700631,-0.333783212,1.1612293211566416
-0.750279728,-1.413080877,1.3890860159244818,-3.513177799
-1.635033484,-0.378033059,-0.388699745,-1.905414924
-0.072285507,1.2939543610882367,0.3504628064139583,1.6530912170754377
0.10517430241021519,1.356874252897427,0.48918848357826994,0.885630829
1.6713288940762878,1.7091204577516588,0.3180892793522939,6.185758133043166
-0.406710712,-1.199613947,0.9847042088969451,-3.572836703
2.126906821578583,1.053962589426514,-0.058078659,3.9087540724497005
-0.456040034,0.14275558133002575,-0.942270612,-1.85671521
1.5001905794653947,2.0018898207692772,0.8735672844059694,6.260572351003419
-0.834934796,0.5333503855097194,0.28373507489828564,-1.905672997
0.031282952607494585,-0.551766328,-0.321873322,1.8992279027425376
-0.457530206,1.4853686319123989,0.8273922074249822,-0.235586117
0.6552478311121287,0.40135635,1.0627653509698594,-0.090927618
2.5831960514587227,1.4786083507747196,0.35144680600628764,5.410834483787371
-2.134837022,-1.719197153,1.6525837438626825,-5.826540903
0.9459010019730378,0.4694158379759264,-2.414529215,4.449781660807839
-0.280097258,-0.150703392,0.523275856,-1.825895028
-0.357867508,-0.324219612,1.005750970385499,-0.077602992
-0.651227788,0.2261418569136595,0.691181529,-2.248195642
1.3792765950421204,0.9495413986656945,0.31261005785020385,3.8889624695631015
0.29009994388712945,0.4402276255698933,-0.267951557,2.262954011862319
1.5662630556341834,1.0546518596445427,0.4591613517256355,2.43758205
-0.069730798,0.22624360008186511,-1.330011104,2.1930101204200083
-1.895791583,-0.37059306,-0.61034627,-1.537235005
-0.3991143,-1.085966528,-0.622809753,-1.837030356
-0.46949447,-1.231943211,-0.622962679,-2.062210246
-1.665233509,-2.393399577,-0.818880204,-3.306698431
-1.421410097,0.18928979124856457,-0.211723263,-2.644593783
2.2987012592047495,1.3678622814016463,-1.414094153,6.658171886
-2.034514111,-1.042271221,0.15287169807179488,-1.846362592
-0.895999271,0.080464834,0.7419372816427225,-2.637341688
-0.739356259,-0.820798715,-2.37625656,-0.661730177
-2.016540765,-1.173889646,0.3325439605446258,-2.425279593
2.5746658829002262,-0.042570761,0.35068761311845237,2.985156980752449
1.9491694681315914,1.8090160283009324,-1.007768604,7.964437288582319
0.156780225,0.4283577004647846,-1.727843316,1.7995915081251588
-1.999768928,-0.031086312,-0.735457094,-2.747493198
0.8193986824361408,0.7384493887546729,0.8371155129209935,3.2692584535062856
-1.053731303,-0.688760875,0.5219602196531943,-3.419678169
-1.044451559,0.3265274207775064,-2.239086789,0.49020899208649793
0.093103366,-0.722588966,2.389356370263799,-1.567253626
-0.122173396,-1.033897328,0.5000502295670664,-0.442740682
-0.470574253,-0.761673102,-0.227846296,-2.896407546
-0.367833447,0.7182801743318034,-0.77380083,-1.276419069
-1.524947145,-0.621931956,0.12690099586191772,-3.80063387
-1.331230499,-0.683088518,0.8290833392944185,-2.051341679
-0.540185587,0.044786212,1.7490484652308267,-1.767593438
0.730435582,1.3259214753180943,0.9373322924349667,3.279637674476975
2.8152350013498637,1.249732828,0.1549664878888226,6.379144218907056
0.795767326,-0.552264177,1.3361191435924262,-0.287170259
-0.986955661,-1.516394142,1.0363737174792347,-3.942863156
-0.161550556,0.4734814234916436,0.7893234206590535,-1.692237411
0.043405793887527855,-1.10181317,0.4820747591718554,-0.680666669
1.6403759577352417,1.439193502656464,0.1801911713099754,5.812067309020117
-0.944421267,-2.479813426,-0.104770324,-3.896150017
-0.700945698,0.9012302204582281,0.16969307711326478,0.17098414904053627
0.3840563693180984,-0.117294797,1.5659395466570236,-1.474446021
2.693798066,1.358723204141086,2.2914736717685478,5.396251599355066
-0.488873583,-0.395568263,0.051420467,0.3094365529350831
0.5324139204635314,-0.094219651,0.5977977551575526,0.93002787
0.024543255154967136,1.5547583609885118,-1.315640984,2.8973611612760752
-0.956198852,-0.649142873,1.750810038995528,-1.78910108
-0.823093535,-1.567381491,2.3250510219083145,-5.49514011
0.064986141,-0.052842126,0.722851811,-0.811712153
-0.914043546,-0.648792665,1.7353106125555318,-1.350579711
-0.528308702,-0.3003097,-0.020323735,0.2163756453513781
-0.352963524,0.20955719715306648,-0.453626784,-0.795444963
1.3159738763828586,1.3203969967726952,1.0312028445246728,3.721878413
-0.214828183,-0.170578544,1.6999521020935187,-1.464871496
-0.676408533,1.0080837985797617,-1.521186323,0.3268952701646042
2.174558034374949,0.46057831819857836,-0.256143557,5.131623372
-0.992770946,-0.914701181,1.1832903396420946,-1.853564132
-0.793494892,0.11080614284934448,-0.237768678,-0.841723584
-1.045221623,-0.424497798,0.8765379850170015,-3.191462284
0.079277957,1.4176296386644291,0.17563204289642873,1.9310475
-0.137960554,0.7240169062601465,0.42585022203086337,-0.279311434
0.5663043772819585,-0.969845922,1.4934632424197603,-0.394452527
-0.476457827,-0.208583033,-0.223698787,-0.44001247
-1.14275952,-0.969421421,-0.720406578,-2.379296634
0.23030697847856485,0.21258462681158471,-1.325026449,-0.026563177
1.3711790634068743,0.050521689,-0.530825071,1.3819123908754436
0.22779732552161638,0.21718759109890384,0.41366499019200376,0.942064473
-3.483332772,-2.35038254,-0.658588854,-2.966626964
-0.304147141,-1.63312927,0.6377529085441547,-1.967525075
-0.517417196,-0.86810817,0.628345831,-1.506032422
0.078047459,-0.158955933,-0.24220664,1.3033904756909538
2.2967835923333353,1.0913364179269127,0.6986704812328388,4.482415410866395
-0.374056548,-0.632242276,-0.415008021,-1.086325664
-0.364688849,0.6013313353635272,1.2399901226019252,-1.218140965
1.6372063263974654,1.262253473444685,0.009396815,5.606075296269044
-1.238568181,-1.372372295,-0.499848415,-2.317357583
2.598992801265646,1.4824376525778258,0.20846934130559144,7.595828909642734
-1.596887288,-0.061527228,2.0842300235967484,-3.354951637
2.952473720790185,2.334630685,0.3175776940686053,9.774345268787933
-0.913284321,0.13196298842508095,-0.989619319,0.8293220518659552
-1.916122018,-0.734282648,0.090552985,-4.194435739
-1.404926668,-0.707694435,-0.790220649,-0.490818367
-4.08267645,-2.461344917,1.714798998672467,-5.674569993
-1.594041582,-1.870762311,0.3405962903679071,-2.176490607
-1.8250645,-2.388044207,0.4388717869728465,-4.892046757
0.3023324865750029,-0.115924833,0.9054592945530231,-1.58745012
-1.09388674,-1.014950644,1.532232328483402,-2.394505685
-2.150080296,-2.339434925,1.2598722528596695,-4.675356323
-1.277897276,-1.507868983,1.9203951451563908,-3.848192481
0.7933359792773343,0.8172854500658334,-0.088807664,1.5182798386871132
-1.358063342,-0.904180982,-0.902259428,-1.953438348
0.4971767583469252,0.8731325513243878,-1.592796676,3.84728906
0.24950078739233567,0.5535741505382271,0.10545225431480763,0.6736594364584061
0.5071823587604593,0.901749965,-1.524871491,3.783083432416524
-0.667678703,0.19306105700955112,2.2317843785903317,-2.74546648
0.08990706,-0.618070858,-0.28714853,-0.603881245
-0.844352409,-0.406678861,-0.638684095,-3.06475721
-0.456737105,-0.31146638,-0.533474121,-2.462957397
1.1375233205293322,0.9956268082094448,0.043749369217198714,2.765034924933787
-0.417754535,-0.299112654,-1.579459892,0.17361517652473155
0.9682485786330236,0.18432566742021905,-0.258713073,2.3764116173483307
-0.026834866,0.028256703572909044,-1.186495084,2.3231773783058216
-1.234322245,-1.604135633,-0.208770563,-4.442717039
0.33078589202717956,-0.302630258,0.4723600711261896,1.9240632808111189
-1.034339704,-0.324748031,0.38874377341135047,-0.566754496
-0.164321851,0.9729543022725707,1.5394809065614563,-0.89736558
-0.695072182,0.39534045622786773,1.661062310408444,-1.98368916
-0.831040392,-1.114993004,0.5689831592427895,-3.701021935
-1.20149235,-0.874265813,-1.234666543,-1.500888325
2.3358939269611465,1.1866704841713467,-1.44887533,5.481138998
0.22423340263474684,-0.396746032,0.7099770674109829,0.6195269025328665
2.286082692299776,2.2966500391150952,1.0558962259961586,6.310706707578325
1.5091889087887487,-0.274965828,-0.064516339,2.4778480026337633
-2.914861686,-1.154567455,-0.613306734,-4.338849391
0.5487865429503644,0.9050444295727053,-0.814378421,2.307728473110389
-0.082728959,0.777179715,0.9723759437381235,0.7643741765240406
0.21328155357070538,-0.416947377,-0.77489632,0.616094885
1.2228687311152917,1.623939275714594,-1.348582793,5.967305266565249
0.499958831,0.49745063995970656,-1.789641238,3.473038861913417
-2.205163901,-0.206021938,0.7526186616654832,-4.450074104
0.085316717,-0.539284349,0.9212998052717242,-1.665974183
-0.173839326,-1.283451852,0.5986384475253257,-1.778663891
0.39316808765665334,0.420056513,0.7032997493884774,2.142810079730633
0.25614067608474045,0.5213920928563368,-0.583620002,0.536912404
1.3259455865985417,1.1832550703479017,-0.937081958,2.5085607473020533
2.295203177936249,-0.252154424,0.8942477525900618,2.553683702299071
-0.554129445,0.5744098779837543,0.6664423538314089,0.039150760593919975
0.7448863178841822,0.16972984800667978,-1.87073233,5.056429831
3.400012662462503,0.8547872197907836,-2.391672735,9.324100124
1.8190432481448902,1.4551710741485773,0.40577744398943894,5.651217243647189
-0.955012299,-0.296470555,0.38756281172417356,-2.302485238
1.506422806085735,0.49381063694021937,-1.023314769,3.859496656015686
-0.118364272,1.1137446413512782,0.9192218852536578,0.5606139751962305
0.8471486029844116,0.18444982518856223,1.4311951874632225,-0.306950068
-1.918237284,-0.653161291,1.0259513025160334,-5.776407412
1.2795994412638683,-0.610754411,2.0122425282903205,-0.216554911
1.5181013166222421,1.7157239905071073,-1.242777622,6.434686580426579
1.5295968334502394,0.2931881163739643,-0.907613595,2.0440080252173614
-1.203366537,-0.612931811,-0.249007638,-3.211661458
-2.006977898,-0.35889985,-1.755970882,-4.124031194
-3.292739571,-2.05658628,0.73680755,-4.383577735
-2.003937688,-1.186946712,-0.055765377,-2.840294235
-3.792331631,-0.88212188,-0.042002753,-3.262835527
-1.352814385,-0.666489195,0.48938710197223423,-2.924726239
-0.563595681,-0.715604916,-1.134640118,-0.482744983
-0.494055546,-0.386924682,-1.226017843,-0.420214076
1.0431056129580978,0.7520772189882592,0.3876661967585445,1.3139938263395554
-1.538496954,0.095819522,0.061741059,-3.42229674
0.9436916118913914,0.5158580743750694,-0.010340676,3.827973014989097
1.9684897187284913,1.1073036339177198,-0.644759552,5.751218048542533
-0.756596145,-0.30199929,-0.870711122,-0.500122431
-2.880564215,-1.914245395,-0.884574378,-2.694768484
0.5882575687890587,-0.16196486,-0.312180589,0.3646123507314884
-2.499583399,-0.317680017,0.5545934283238588,-3.702364928
0.9185591019931636,-0.276830978,0.5297979657476001,1.8445043030979664
2.838847566325576,0.2605114917137149,0.6548521313116195,2.786224343993816
-1.821191604,-0.418068082,-0.850620399,-3.638147774
-2.902395273,-1.530981707,-0.234247927,-3.81609475
0.3344639294838705,1.134397701177195,-0.373145563,1.3715041625280733
-0.011727093,0.032531245,0.47411530167152555,1.0372784859693824
-1.430501355,-0.743864842,-0.818534178,0.22733536322504522
-0.3052991,0.39885383257556967,-0.287692682,1.1452395148405654
1.401329729061679,1.3146552277110937,-0.340829969,4.695230390735933
-1.787098551,-0.256452997,-2.118490869,-1.819638343
0.8263374577228937,0.13399926719370553,1.6838266838741038,0.5675197017640312
1.8687118570744186,0.044989858,-0.742470782,4.780180543605017
-0.91777368,-0.384476591,0.03047772,-1.875706744
-0.111223391,0.21214199016576205,0.7307207123729381,-0.640157838
3.2203590215213596,0.34297430438713883,-0.715225387,6.131330526096309
1.032289834,1.0356742616316121,2.455881761289653,2.4805353249914712
0.7438572936059731,-0.881554126,-1.028883719,-0.657948677
-2.457125687,-0.947102321,1.6364344619888673,-4.423461233
0.9390892940131302,0.3665435053124436,0.12997071791056508,2.5464233930842854
-3.028933932,-1.192894239,0.6205710119216514,-3.331349139
0.6379647994679575,0.7332438418704194,1.621807684240346,2.000288855
-2.24233488,-0.857490733,-0.281634859,-3.496120799
-0.462763054,-0.976664707,2.7064119471122017,-4.537217509
0.4858131480776869,-0.343494556,1.4896896662470174,-0.922151521
-0.426110784,-0.076952918,0.083165436,-1.287108266
-0.823352621,-1.845127431,-2.311692835,-0.334800923
-0.52043837,-0.86471941,0.14855286241150395,-2.472400076
-1.716128602,-0.692032892,-0.182556835,-3.001154603
0.2708247086041913,0.091553289,-0.091906024,-0.878625221
-0.257354328,0.32576183099598405,-0.073727498,0.3959932304914747
2.3558280447878133,-0.615348111,0.6608827813511422,2.7582872503125344
0.10644788046326498,0.4806750197175728,-0.928811422,0.7112042030488662
2.576466873837629,1.3598206402257729,0.22849773165979478,6.672706642576714
5.449202194604286,2.570747783301965,-0.951392652,18.00033184623888
1.821193573337086,0.2803384253238593,-0.098069377,3.325569745200509
-1.060225063,0.062443039,-1.063049796,0.5760348695402767
-2.139539476,-0.822304585,0.20811151686833027,-2.491680664
0.766674,-0.083076885,-0.28037172,3.130216270607698
-2.165293673,-1.565916024,-0.420832269,-4.428396778
-1.441495855,-1.588794094,2.000040773367187,-4.979142574
-1.433206638,-0.032349138,0.072758247,-1.020850882
3.486659502183559,1.432904082842652,0.017869837026507192,8.851822060907896
1.656958346169326,0.6755677791223205,-0.032657754,3.1779319090934015
-1.208407933,-0.88766419,0.6102899433814342,-1.701274633
-2.191810729,0.1871766793195678,-0.728735968,-3.264695107
0.9214001463709771,-0.068084999,0.18866254906805466,1.188587606093937
-0.738444048,-1.044183833,1.1243602537598067,-2.424749484
-0.058316893,-0.146497009,-1.890229606,2.148725903425687
0.2711022242521035,-0.584337781,0.3907734902661835,0.42545303728029193
-0.22743746,1.8732551755571782,-0.403582605,0.15057118283351278
0.8251559285131799,-0.102046476,-1.833682983,0.1581362987809285
1.3275262995409651,1.2782007034666707,1.257632806734681,2.7752550245353746
0.8364055345085412,-0.004515578,-1.648200367,0.6207186387521983
1.4980536652348366,1.309261642099771,-0.765710359,5.173273530100333
-1.110338191,-0.589587516,-1.886114185,0.9231143884947921
-1.547071529,-0.361589776,1.2671966370610541,-3.557510642
0.9600992251828279,-0.511518569,-0.380901662,2.1775888466332867
-0.002823695,0.6017149129735957,0.713285753,1.3502985238347596
-1.48612018,-0.110247766,-0.717516048,-3.592836148
0.9475683444177502,0.14822271552188349,-0.699384286,1.1060450593079663
-1.935805442,-0.000138506,-1.336006068,-3.735279565
0.7416459557112282,0.6159799449855143,-0.337541786,2.9926651055348272
0.1784645661269908,1.3735344196529358,-0.285864265,1.766765783618335
-0.320990605,-1.308867455,0.8935186380380473,-3.373162726
-0.411966138,1.019524649520364,-0.883018657,-0.595080464
2.0946568686183493,0.7802466309375282,0.14066177345599892,1.8242035083488108
1.1884870097135098,0.9686457974925484,-1.651847074,5.124920022216055
-0.830322289,-0.417216589,-1.588914764,-1.72589404
0.6033014197909036,-0.205243528,1.7836071700974792,-0.085920476
-0.903898066,-0.707472551,0.23756207322108489,-3.204287188
2.209181149,2.399859130196401,1.1230059917654087,8.710957642179602
-0.29799368,0.4511452374060765,1.1703819324089901,-1.035079206
0.10775570709949409,0.32434054248291727,-1.869677083,2.162460206
0.9118031166487909,0.723524003,1.325028084247773,3.6448062288269476
1.837880603269965,1.4019201123209024,-2.495147209,6.408823787506915
-1.07724393,-1.607917717,0.37810849377487604,-3.573006214
1.8804091905417157,0.041413045,-0.325382042,2.9220944258314594
0.12455438175584588,-1.166042557,0.15112005735802733,-3.067584488
-2.083736529,-1.456764443,-0.238892357,-1.608218288
1.162236470659558,-0.585036644,-2.092008465,0.7779600091930412
2.3428204956839926,0.18922792916280246,-0.586138473,3.4221613798952397
-0.27522492,-0.04153769,-0.23930816,-1.007130873
-0.916595956,-0.505962058,-1.511834616,-3.26090723
0.9972917035909232,0.16120634309692125,-0.444695124,4.558333571478956
-1.100956842,1.1799271421603226,1.1826475115382382,-1.69147872
-0.175545285,0.39893834092165154,1.0087677134714355,-1.032552414
-0.884430345,-1.082718157,-0.313195729,-1.477036903
0.973103556,1.1501382155555278,1.2470690722210365,3.122258490339742
1.4152180858436403,1.297010409925488,0.13657374955173884,3.0717065002160653
0.8127529141425817,-0.172867359,-0.447919192,0.017594223465186465
-1.464667521,-1.375136636,2.021883728734702,-4.726901272
0.045972461995503866,-0.905030819,0.4119648070508884,-1.237909183
0.5981111084110292,0.3624011718749475,0.7870952670184552,1.118442425499116
0.8987096508616045,1.1896453504331728,0.1390501560753736,4.087680682740834
0.8004180671236126,-0.500261948,0.9200929130531694,-0.17601895
1.4734473059568822,0.5550556048119958,0.598408519,2.3244958487482115
0.1404693967815999,-0.106786205,-0.390140712,-0.376438696
0.21377942046418685,0.8829440448648976,0.7536488875912651,1.365623602941851
0.089279309,-0.184428336,-0.080650292,0.16074568137092313
0.052801328,-0.31330235,0.2789247229405312,0.6760064736966214
-0.634394387,-0.220699782,0.8927644866585442,-0.019797807
1.2291502469199251,0.14039421632666807,0.1899933804195056,2.884910015948386
-2.013575327,0.051398833,0.5525073022262401,-2.2528314
-0.281488007,-0.214735435,-2.060585617,-0.341208737
0.10601366010033225,0.5200810478824218,0.25639367684071235,0.19296875210718895
-1.309437171,-0.590713393,1.3781548599540112,-2.794469557
2.7641463695651813,2.5039244212460576,0.9767140506911148,9.741271309167558
0.13750232413389452,0.7320625712870644,0.5830613182566411,0.8734850246585841
0.28970711148919204,1.4283048217183736,-0.120684324,2.433216594574976
-0.837525979,-1.475147502,0.47781728094309567,-3.57855978
-1.336243532,-0.938837217,-0.99025668,-1.20586298
-2.703219722,-2.372274004,-0.466504665,-2.935223094
1.3073879883416064,0.39054268764850086,-0.284162009,3.532227958183742
-1.677388063,-0.434513258,0.4767042315771322,-2.434697627
-0.474885204,-0.153604842,-1.350110329,-0.791177452
0.9263957760583832,0.7475345004918408,-1.485628526,5.023705383
-0.278381936,0.2082671971109176,-0.8708149,1.354237250642425
0.3776160541629406,-0.157080951,0.21046084144417124,0.5792775759895816
-1.804832415,-1.187736729,0.5510699851284315,-0.956463786
3.5936766560770788,2.902878886912889,0.4565412988082687,13.863572200523308
-2.574198764,-2.337460579,-0.038077973,-4.316510613
3.193461313134497,2.182068734167314,1.4713150726242394,9.627742464
-1.180539979,-0.112223968,1.097426774602456,-0.55751136
1.9426443204178727,2.239926441978238,0.43563589943937786,7.653639964799328
2.243079130808222,1.4546638028803123,-0.367346051,7.824652767964408
-1.313670708,-0.733307937,-1.080124702,-1.009997062
-0.180853594,0.10400970689597645,-0.686520559,2.0431417096078723
1.1272725134706438,-0.212588756,0.3788266204684741,2.603549204544792
0.10762654704961205,-0.381814014,-1.138959454,0.7923094290149066
-1.239119787,-0.391340805,-1.40789519,-3.773613719
-1.218920942,-1.415339392,-1.228696673,-1.32749124
-0.809769164,-1.725499419,-1.550723417,-0.868126458
-0.466563105,-0.436678509,1.0977070456175668,-2.16291116
-0.444307508,0.5100394372175253,-1.018277346,0.9496360163791149
2.114549251291846,1.2205148527764351,0.20938864008849717,6.874009011143652
0.6765790838137467,-1.559908417,-1.007157589,-2.620225106
0.26823060183773495,0.12584392099641104,1.6661462949969277,-1.424707273
-2.201543512,-0.182795554,-0.411757898,-1.979095219
0.5235072794178018,0.17569690591922305,-0.283061438,2.8531301754273253
-0.085555861,0.8556342528742192,-1.281052656,1.8780109953105715
2.170109045853658,0.6756189354954582,0.5865916684983541,4.645087097
-1.633738458,0.22486035915061467,-2.552739682,0.06226908
-0.040862609,-0.235832096,-0.601895069,-0.779406029
1.4569079027363432,0.9208074998325958,1.0151339962371702,2.7680745067055423
0.253057901,-0.356300618,-0.327135198,-0.616376621
1.8848431707920412,-0.094122606,1.077343930277151,3.4336858883016728
0.842622927,0.012630087680862413,-0.600201016,1.2721321279071405
1.6028231968893085,1.441854523651403,-0.046481473,6.444620283884731
-1.985285993,-2.000384634,-0.765205152,-3.422810766
2.1653614732138244,1.658475961149953,-0.861204005,6.462052626234084
0.9753397275609517,0.827525452,0.23227334884767648,3.0445879178721875
-1.020668238,-0.052221666,0.27811252756425314,-2.54720132
-2.734947089,-1.210198643,-1.155159858,-2.353757907
-1.269529013,-0.22826749,-0.40397791,-1.449726357
0.033891983,0.7875642890372747,0.004557476,-0.611126573
-0.636277444,-0.023262999,1.2536307954348687,-0.567135632
0.28377607217869877,0.7241606161618787,-0.086351451,3.247934389371967
-1.767597539,-0.452729097,0.44467683580514134,-4.844924594
-1.888653449,0.27830892834198584,0.5910222476535547,-3.038677788
-0.810441829,-0.292370451,1.1279850315547573,-0.88374594
1.0360676932911899,0.1303079823168042,1.000915221223217,-0.212532006
0.34995549334720955,-0.02686748,-0.16965663,0.6261430339522018
3.681524247774609,3.062113905762614,0.12862859124267897,13.849326490351611
-0.16169808,0.1331694280146588,0.2007734036010828,-1.02245268
-1.78661468,-1.764092997,0.5715942334146896,-2.484941501
-2.04584264,-1.025351585,-0.152536443,-2.677258792
4.405620796035986,2.8849272877804246,-1.666069388,17.702704206512735
-1.638815975,-1.102434036,-0.173279788,-3.205305868
-2.213441718,-0.729375919,-0.15634515,-2.671298417
-0.416484005,0.34174035922636264,0.045699736,-0.186888574
-2.30696461,-1.460933017,1.116847178034469,-3.887234111
0.26499399978466087,0.9352465702746409,0.4901978678765438,0.5309586023240895
0.3356735751696668,1.1966851230807387,-0.297466236,2.3576462678605643
-1.212392971,-1.046131473,-0.760511964,-2.430625699
-1.019247169,-0.607491943,1.1349980404326903,-3.794225682
0.1943862584126852,0.7784168636094634,-1.150916375,3.2212464970230386
0.5234144053358618,0.060929267,-1.306522245,2.1310778556554513
-0.03547595,-0.537543052,-0.616411093,-0.203235754
-0.014667439,1.079978662756165,-0.131124113,1.3338952054661692
-0.502642701,-1.400201157,0.267713774,0.5447272606208986
-2.762158818,-1.737710952,1.0010930221436107,-4.747693908
1.2488239354028021,1.2840157972102568,0.052434157,3.844078393982698
0.018286594928873814,-0.095662009,-1.694600511,0.7660628014487996
1.1022278175004738,0.3763042834204263,-0.342466159,0.9859032788771018
0.6152074051062764,-1.032188039,-0.036725982,-2.171109817
0.084294972,-1.032073412,-1.235223715,-0.555327713
0.30153274696676546,0.4643032098475981,-0.328191517,0.27148067858961833
-0.187192953,0.6952377542422566,-1.125865542,1.817818176747699
2.112825095991658,0.8315201804901443,0.042550323840600826,5.384213934316095
3.782853987627428,2.5760801880057884,0.8269489439556411,10.137806215080985
-2.729573224,-2.318203358,0.035177695,-3.465915705
-3.333677963,-1.94893479,-0.449846728,-2.862926482
-0.859807006,-1.157475916,-1.449936154,-0.14583686
-0.128037722,0.5849744805304227,0.7714305468828632,2.2445287796512154
-0.075062206,1.1624113746662832,-0.600653447,1.9464637463211671
2.7851048611119067,1.4724837597001177,-1.219749042,7.475095012255789
1.7252586303605413,0.13030738798517952,-0.10099674,4.975452411526632
-1.438445579,-0.909851689,0.17934568851929342,-2.904401242
0.25449719909231217,-0.051767861,-1.670231712,1.3109020468709869
2.574819139366003,1.360084282107073,0.031416372,7.509753195858605
-0.708783686,-0.443043192,0.16884436954489582,-0.087096434
-2.050719534,-1.036095079,0.5047684046803531,-4.308663227
-0.51774016,-0.549534693,-0.754042933,-1.44150524
-1.274825345,0.8123951085409742,2.407061285449621,-1.967214573
0.080092523,0.14516815901518015,-1.312656638,1.7476408000853998
0.2893732231989802,1.0294401508945679,1.2025590978668248,0.1049968194206834
0.8452099035491738,-1.635397123,-0.648919717,-0.801151241
-0.210516654,-0.021454553,0.063510981,-1.56689303
0.7930317924100168,1.740916270438476,1.3476151667629392,2.6850712465277367
0.19260454882314107,-0.038995561,-0.058495534,-0.789842548
-0.97347646,-2.077356734,-0.020699556,-3.366459235
-1.615217203,-0.789893836,-1.065927766,-2.098749648
0.046186356,0.060729149460896255,-1.486763118,1.5597383128115168
-0.970253272,-0.806092418,-0.14753723,-3.000537752
-0.071004961,-0.312428239,-1.394888774,-0.2434721
0.7472160030830785,-0.47805451,1.1237623542691801,1.3481212819259327
-0.374144879,-1.11594567,0.3471786054734799,-0.920044528
0.8078012599469659,-0.282670687,-0.404401887,0.009898903
0.47553223297783936,-0.046741543,-0.070115237,2.376149463
-0.861733676,-1.130530865,0.49786902770505653,-2.606154759
-2.165822824,-0.589263042,0.14650909011144278,-3.354221721
-1.574275796,-1.150331429,-0.118248189,-2.411745029
1.4360399493929115,0.6880211676926077,-0.116084769,4.731012592294544
-0.544518863,-0.442194578,1.2932459563096805,-2.391395535
-0.166447955,-0.366999475,1.6901705589828981,-1.206005718
-1.592090825,0.30093467100777155,-0.092663332,-2.079021747
-0.796941601,0.21210329521311846,-0.686314943,-1.03299315
-0.319427113,0.612184528,-0.333223482,0.5427984936534513
-2.700303053,-2.050143504,-1.861483596,-2.77632868
0.7212636204559946,1.2717880832967323,-0.059304139,2.069537325606709
0.4822269000666477,1.509208876476249,0.2811552266753099,2.308524488706259
-0.672079156,-1.694214334,1.9806951107313089,-5.283061934
-1.06764117,-1.156498527,-1.295265725,-1.14986507
0.5911256017607154,-0.54380836,-1.449990112,-0.159046649
-0.685082805,0.012688817984310508,0.050041638,-1.620667022
1.3751585667930422,0.12883402874746086,-1.403316506,2.7014369799199045
0.2692687881722282,1.0954386738052364,-0.080631519,-0.084909093
-1.299466189,0.068969721,0.39101485473522263,-1.486118828
-1.372314855,-0.684689094,0.002133457,-0.96334596
-0.374968993,0.1904184281111568,-1.58420758,2.096629916221948
1.6813184166662276,0.095666695,0.9401248400376315,1.5907746379374035
0.6246990771940713,0.8347686203757829,-1.211827103,2.9234738121103105
0.18439603474758934,-0.139218092,0.6819824689067392,0.5722765511356602
-1.636081514,0.3677470152686773,-2.157145918,-0.75041553
-1.034176966,-0.887133629,0.11407936439292657,-0.843339645
1.2712432493466637,0.1961079583687119,0.3461890187225146,1.4879446082163263
-1.702671967,-0.808624091,-1.205157565,-2.689610064
0.304585936,0.6650984248905855,-0.976234228,2.5860028516790052
0.47350386564369384,-0.080332782,0.608265539,0.8195443577269477
2.311755937062235,1.3073261855609766,-1.346642387,6.897360312529842
0.5449331046015051,-0.206243294,1.8715620185394743,-0.79233992
-0.911438644,-0.232671486,1.2470565948384242,-2.519192477
-0.599691409,-0.946223881,1.742840947727205,-1.829297904
-2.55691883,-2.183033879,0.2455995172853377,-4.199306074
-0.701284144,0.19525591949267765,1.254185698359679,-1.574656388
-1.272263969,-0.66008341,-0.042909826,-1.6335073
0.7537110440923925,-0.350636845,-1.199396593,-0.070572726
2.3076953701552703,0.4820274878480109,0.7254924355432476,2.725331260364327
2.066356573617505,1.423839671391628,-0.548166045,6.5523133170651455
-0.114815938,0.20398808820313716,-0.420717628,1.1209637812476592
-0.791966189,-0.84703289,-0.643002628,-2.056950213
1.5684321664615908,-0.048055413,1.6308984149841566,1.1165016541149944
1.717493805683882,1.8036938791870096,-0.439034354,7.545829667413365
0.5456677158108064,0.3856719778476846,-0.035171147,1.2551767201380373
-0.120128676,0.6782640085932841,1.5369643013013292,0.23761841606769452
0.2334342828184477,-1.721601142,-0.359575954,-2.105638794
-0.167121642,0.9011665208585317,0.5280745135010647,-0.154340616
-0.868505202,-0.56472735,1.293341529656351,-2.303738564
0.41471843,-0.471502789,1.2282246126796645,-1.062588121
3.2374142796485854,-0.156780806,-0.790551146,5.557557241644633
-2.129982202,-0.891301412,-0.302311601,-2.195912685
0.003354768,0.6705934663275571,-1.012353013,0.12704300726269735
-1.163018079,-0.78487157,-0.713769083,-0.075791211
0.33199351819174916,-0.551656645,-0.09806594,-0.307555166
-0.91347602,-1.258853272,0.29367278185189655,-1.696904614
1.4948216630218312,-0.856345484,1.0276483789119608,-0.419919847
1.685152614398945,1.6453582190274803,0.43733279100004346,5.350083992853466
-1.363394754,-1.147496908,-0.895037014,-2.64010961
0.001101165,0.21020906848638493,-1.10593739,1.3686162142790772
-2.318057328,-1.497528786,0.9341619995616529,-3.1510503
-0.010313975,-0.945881425,-0.072072719,0.599521729
-1.048138644,0.24658817247145728,-0.194520277,-1.785817543
1.1151982200768544,0.9006869393019452,-0.751391031,2.2819608196784675
-1.058850334,-0.60212639,-0.11373998,-3.590447632
-0.55536138,-1.477237076,0.1609918442530259,-1.657987242
-1.818074832,-1.58324719,0.7565888045844397,-3.307293248
-1.86028145,-0.841731927,-0.574866795,-1.775674233
2.1334835483579346,1.7336775600957897,-0.425538164,7.828048029693903
-0.765076806,-0.660948485,0.21951670174274693,-0.706681403
0.1603821643314406,0.26590249606748123,0.6692664641307194,-0.48613481
-0.86794802,-0.430752062,0.720814492,-1.110777723
-2.100059617,-1.013865422,0.1417514655034071,-3.968888811
-1.874475414,-1.075715338,0.054951519762755946,-3.156568423
-2.72290737,-1.287614616,-0.075188985,-2.759098178
0.6456467249478473,1.5602310549224903,-1.21847848,3.386520989367287
-0.596047244,0.4291356679729964,-1.212346484,-1.010009981
-1.829774686,-1.82110016,0.1746638953043049,-3.546806457
0.6625619487150726,0.28463658599092667,0.5554301084121396,2.0843433388249206
1.7483532770115355,1.6376073044574735,-0.322216159,7.808584250864012
0.5544818995838235,-0.584251962,0.32201781291998316,0.039235217371064335
-0.476006389,-0.238532598,-0.628006631,0.001982464
0.3791309838119679,0.6875497402633364,1.0254382524880707,-0.277073183
0.8160115225237301,-0.335490891,0.6417753151396578,-0.519420845
-0.542134479,1.0430292017326455,-0.320240132,0.5703328050282712
0.9992903951503851,1.5389165330738634,-1.977271071,5.413597848741966
0.9152659727127933,0.5869451588900314,2.114066616547883,1.1190010174587397
-2.027889419,0.37741892848391223,0.20157703368711696,-4.023574548
0.7520312468236819,0.13644573821472472,0.27172764482881595,1.566763900871354
2.025753735,1.1090398257192557,-2.378969747,6.689045372804669
2.190782169915109,0.35616950013861626,-1.032302869,5.1777923670538595
0.1440825387684872,0.030327284,0.10064151941919193,0.062381525243242975
0.2918208640322338,0.5719435626582788,-1.355687373,2.5282505608434174
-0.750434668,-0.068041964,1.9041738680877058,-1.268516587
-0.692842157,-0.091324582,0.4914273796971526,-1.602183493
-1.474703068,-0.349881395,0.2723400382426919,-1.920952463
-1.255479064,-0.609288827,1.973199146718004,-2.381785065
-3.37114395,-1.275168796,1.8875270573723262,-3.126833516
0.5473439501864953,-0.931050396,-0.176582267,0.099299426
0.9520265293958272,0.037065617,-0.697651714,1.9413658805031124
-0.238284903,-0.366719375,-0.769562435,-1.539516928
-0.411865403,0.21448592348398432,0.28962084135765687,-1.012797569
-0.010391571,-0.765392659,0.1439274062623508,-2.962808736
0.14158211643017277,0.5471286201103631,0.5665779513380281,1.424213557346432
-1.207373989,-1.130163933,-0.131858062,-1.435631547
-1.746262829,-0.31446108,1.6243969543905223,-3.456625874
-1.12899596,-0.663855722,-1.209315247,-3.052392132
2.012327470632705,1.5268771576734845,-0.212962357,4.122830136871931
0.16510768295500972,0.16486288482311626,-0.115820203,0.974581343
0.7952370667836424,0.27917420528606784,-0.185390995,0.44456473632661897
0.002289598,0.4363062000363931,0.001011734,0.6937427841162924
-0.425475487,0.19136669352309146,-0.12057467,0.3978757383595883
1.6023424323050854,0.9071937610640681,-1.245657553,3.2754651102689154
1.3865723716277754,1.264248260060172,0.6996051321717563,4.2830988824290355
0.6234977653116596,-0.197732234,1.2696821829642415,0.06285852
-1.665617032,-1.643361016,-0.728320952,-1.538082026
-2.058363929,-1.120035475,0.4773805144988635,-2.260654127
-1.898553147,-2.940131961,1.4544077789032164,-5.007026856
0.043837964,0.6786964189270177,-0.147080015,0.4131774555553094
1.7620039197352475,0.8256998224316182,-0.048371505,4.240268586992746
0.3683494128523001,-0.427907365,0.4077172001883651,-0.696293308
-0.77188797,0.6403743262365676,-1.163341323,1.9752569910983817
0.31628556800465507,-0.077459876,0.21074808399798461,0.4544881449463031
2.6545255016148817,1.5340783510825313,-0.090514728,6.197846480362746
1.0055308458652612,1.224027297065438,1.6852398270011593,1.9805121403168768
0.9891180174639174,-0.322642496,0.025717252898717683,0.876198036
0.49680348537295554,0.5615658758237034,1.5337860731399238,0.5628285388705184
-0.739488774,0.13209380028405113,0.38698469219539716,0.3048226293236478
2.692507294919429,1.350171392215988,1.2200767633121443,6.216155956765188
1.2232559771082134,1.8876099063237322,-0.202244716,5.733677989176666
-0.820200881,0.468802014,-0.917015153,-0.185959153
-0.200388628,-0.005831937,-0.801049171,-0.21649675
1.4483192341251736,0.29566296584759766,0.083415983,2.342823503642403
-1.671094923,-0.685005305,-1.103673071,-1.958454102
-1.470031789,-0.339866302,-0.169815569,-2.070952908
1.401258523,1.2725692188051767,-0.692600083,6.083583889
-1.084902756,-0.144513469,0.7412753129101907,-2.77384867
-0.309976633,-1.216020021,-0.608028972,-0.614023387
0.7116013686766306,-0.963039111,-0.7268107,-1.058107589
3.2587384984757772,2.5286370065583617,-0.706054189,12.976300459343198
-1.071615705,-1.162499163,0.072418367,-1.668461711
1.8335531770072802,0.8155762238574921,1.014694669,3.2536849337879477
-2.11866375,-0.471539365,1.1567459301717304,-3.278922955
0.065163033,0.6497010128170493,-1.5839005,2.3728343397041494
2.57295429,-0.016987281,0.7642799424551975,4.173390813388152
-1.54433672,-1.310977477,0.6646926076480498,-1.538669539
1.4731929143157505,0.4506237586363628,0.18449663622499243,3.673177435013845
-0.494300854,0.9858468202945733,-0.471372142,-0.996498514
-0.055303094,1.6886961349057277,0.19123523789282323,2.3102957981114383
0.9308824942916031,-0.411799981,0.7051921321677507,1.0625326339192653
0.19788800491583772,0.3204151411462348,0.0215286,1.4972674202224736
1.7424594240992466,1.187387140171777,-0.545098266,5.2224427406438325
0.021566161,-0.578759084,-0.089248122,-1.238109911
-1.341504046,0.5641647814081854,-0.047093709,-1.135734788
-0.977209215,0.031890683026105135,0.24231927534343337,-1.246742492
2.207017268337471,1.1534709883943133,-0.009707962,7.549132049854846
-1.867311126,-1.855965452,0.6556148365459077,-2.563552124
1.355747464304529,1.0981124902723391,0.1909257278764449,3.4654985117708828
0.9928487859514374,0.8239645960977793,-0.222356617,2.0218614834983573
-0.679715712,-0.821938265,-1.475633068,-0.828372996
-2.423871551,-0.897021623,1.6496459834083337,-4.792606945
-0.056862694,-1.013173453,0.265500376,-2.534010336
-1.578425877,-0.260617157,-1.053064388,-1.992472922
-0.881957054,0.017479738359651817,-0.723010251,-2.979202319
-2.687997186,-1.054610443,0.31542846427288096,-2.40924022
0.001485467,-0.094054523,-0.633174251,0.5765832244405023
2.001194007,0.681254511,1.0952291084384436,3.652676820066911
0.6018858323436347,0.5950602937175387,-0.22920995,2.0458233075344285
1.0271201810997792,0.8531044843876529,-0.242167632,2.278293880098681
1.7143228280577234,0.24827166454922064,0.034968287,-0.154915885
-2.214407803,-1.022494775,0.8161858283797533,-4.254483282
-0.615563127,0.10882282941029214,-0.198939283,-2.091983427
1.6991631539845833,-0.136919638,-0.533534468,2.2746388624740272
-0.124945603,0.32716331972370744,0.1393665657492455,0.773382508
0.4568083506272409,1.466937222,-1.235359446,3.2699681574640573
0.00445008,-0.851058092,0.2613030460480667,-0.717160533
0.2721551542856412,0.8644901971759181,-1.124674609,1.389350151556615
2.602910950874097,0.8363940804733524,-0.188883769,6.884175616345591
0.8111212113834358,-1.357375779,0.36499282635014885,-0.873165579
2.6503169287476283,0.5794162025548693,-0.50482138,4.825964605756432
0.7055520018317721,1.2935387214633525,1.709036824024275,3.9252015687727027
-2.866558568,-1.209616941,-1.545118395,-4.320725921
-1.056736104,-2.019210104,-2.226490613,-1.068376093
2.3342747070623355,1.4547588051723095,0.6171782837779182,7.050448125718057
-0.790698539,-0.833093122,-0.118319832,-1.644906667
1.7387287832434675,0.361897801,0.19309604893424961,2.7185407846449055
-0.954306235,-1.254600657,-0.062531024,-2.273710731
1.689740085079169,0.8658321612038458,-0.2079211,5.279016353121578
0.5444601609278485,-0.049450887,-0.79703347,-1.645361927
-0.163476215,-0.692695562,-0.458640899,0.2537399426256868
-1.48989959,-0.879868703,1.3468013218446717,-2.672227241
-0.621441446,1.002326583126104,-0.822128171,0.7167990356994727
0.9945513241230712,-1.400667688,0.027671456231365604,-1.692959979
0.5245365578369947,-0.737063355,-0.192654064,-0.581974889
0.11202222870315198,-0.4999663,-1.107056373,0.543364109
-0.398923529,-0.215696837,-0.886279472,-1.033502905
-2.280226022,-1.30422091,-0.510115664,-2.458302064
1.6614161192547037,0.5346283774811895,-0.679139292,3.842439960110056
-0.645910889,0.7589827763236567,0.7556263261169623,0.5320637874353858
0.6831087556370541,-0.388687659,0.32701612453542706,0.38528896722430384
0.13646900449929134,0.7764284414690726,-1.064115137,1.0769489595920867
1.4556406342886423,-0.105389025,-0.63379149,1.8946730178695508
3.2644699374091406,1.5618319016239572,1.3640509651826507,7.184134969735813
0.5660959898522993,-0.879049827,0.9683383157798368,-2.218347535
-1.417858939,-1.173278049,0.38832951211884253,-1.238605744
-0.983180712,-0.75883278,-0.537619116,-1.890260593
-0.006983842,0.45507836214597813,-0.158443364,1.6622557694957374
1.801187359474073,1.9936953170213467,0.2915940417664266,5.124883200584512
-1.44257314,-0.385928361,-1.604555484,-0.719369183
-0.280224636,-1.680516406,-1.305287715,-1.453465221
0.8161153525033654,0.9320004773300937,-0.278923974,1.7713786131644509
-0.07369689,0.4592265920333038,-0.500526336,-1.442237453
-0.940313084,-1.320724455,0.8643120399817233,-2.447589007
-1.277681719,-0.258939277,-1.212350837,-3.249191947
-0.583216565,-0.568448534,-1.241961742,0.8690995114420359
-1.830416761,-0.298283695,-0.796700027,-2.317791614
0.11121751040544599,-0.012283345,-0.758129439,0.7395654276553474
-2.848108837,-2.007755726,-1.388090643,-2.97979581
-1.276138588,-0.944940649,-1.207024991,-2.708285546
-0.55768225,0.5872820305044794,-1.067964458,1.1076613760859908
2.0649371980925464,0.8276633228794492,0.7480951898499273,4.695435407364089
-0.533325504,0.2463512470341073,-0.462465054,-0.953814063
-1.568925147,-1.899730772,0.41644164796477867,-2.679438328
-1.464035863,0.083595904,-1.973324453,0.006968032
0.050737724,0.9735121233624938,-0.542780989,1.7731991420462643
-0.178788482,0.3679606693119687,-1.752535554,1.2441063864121291
-0.471911914,-0.080855001,0.10180206074554575,-1.838523583
-0.040931142,-0.301755493,0.8793993947307438,-0.982705589
-2.448568643,-1.749497451,0.11775713460109079,-3.696416135
-0.490763998,-1.68826082,-2.70159911,0.3391887452190514
-0.515189147,0.44174243026272203,-0.283415499,-0.687044172
0.35498768652611157,1.1802501391531086,-1.658875418,3.685672233367676
-2.037479394,-0.987543614,0.2184909811655175,-1.548074838
-0.732990688,0.060962141010387286,-0.107991173,-1.349629984
2.0491101047623075,1.4669853547697633,-1.627869669,7.958844877181442
0.8078786042251099,0.6949551107356127,0.9137500565941743,3.0380122717536606
0.090953743,0.4240921244094235,0.4051102559314102,0.4166189517942669
-0.743981884,-0.104463889,-1.09620183,0.5686948001609347
1.2784806574566476,0.605142759,1.2675285644505858,2.6876646052756668
1.6001854350851041,1.0960326548914925,0.11775506307669578,2.373214766563727
0.29910980665052667,-0.045443243,-1.227835225,4.062083550899574
-0.030508576,1.313139458402953,0.534428113,1.3310027505618172
-0.248429577,-0.693840897,-0.835701335,0.36126577340444743
-1.810131492,-0.564688563,-0.718144261,-2.736863
2.984143164801112,1.400351610397663,0.028407267084748812,6.603226139116096
-2.631916242,0.38426985701570504,2.7715593226182427,-5.430244752
0.5014847456177898,-0.104316631,0.042323215,1.1683460257950737
0.5545319921793472,1.3333266762275615,-0.974094322,3.0703559732727363
-1.542252834,-0.963435537,-0.477269957,-2.998088609
1.0351423640814823,-0.484388239,1.7718591390996652,0.6026688073766662
0.9570435897220768,1.3900736869668433,-0.295913698,3.9490596187821834
-1.420768499,-1.188284369,-0.930939382,-1.955877532
0.5363706004988782,-0.43947076,-0.084304074,-1.664896384
-4.028432303,-0.876928016,0.5697579156295174,-5.151622648
-0.686861339,-0.748091323,-0.283860595,-0.916064814
-1.687121848,-0.902503872,-0.65856733,-3.50575383
1.8364475854058688,0.7260035802934428,-0.841954898,3.9336947575277197
0.019744163399342707,-1.046070265,0.9607696105927394,-2.841607281
1.6595658149978614,0.675338813,-0.849504359,3.4348541689948378
2.252381758552821,1.1705916294327663,-0.096858079,4.235605323453594
0.11765813610009013,0.8350108762048956,1.807758333718049,1.7433763769792585
2.9885680581263347,2.138319431157839,-0.655974055,10.282603082247398
0.4540575091541398,0.5685556930355032,-0.025246722,0.9949432104296134
0.44828814952434426,1.418365662,-0.745424491,3.741896379258592
0.25859055817653787,0.23425389349477535,0.5974461216100161,-0.927521685
-2.220536239,-1.781843717,-0.504388634,-1.675732868
1.0279607944920524,0.5147758407943608,-0.20623318,1.103375236462062
0.16375100702187714,0.3115714154760168,2.2433507320115336,-0.313484576
0.099838637,-0.869014134,-0.166817402,-0.667039166
-2.26330282,-1.467440841,-0.654628718,-2.548256045
3.144806602203385,1.613457670374251,-0.1101068,8.535481979682375
-3.654998135,-2.133329431,0.24957514822586144,-3.462216022
-2.85500713,-2.691572529,0.23278617977243213,-3.326707807
1.0368842989830709,0.25913903865226356,-0.649064106,1.130743814873921
-0.63623656,-0.453146212,1.3944079042032689,-1.526495418
-1.046830025,0.2211527703817697,-0.214728762,-1.172728251
-0.244677872,0.13309022633742423,-0.782625669,-1.299110125
1.6792369396592544,-0.566975752,0.4524200636131993,1.1921887874510793
2.8681831639718642,0.9899813573572552,1.7749374438571655,4.859651031302044
2.3760211749303384,0.6001618803648328,0.6499343479413996,2.8103995949545135
-2.175546965,-1.257773168,2.871734875791664,-4.832334288
0.9981742688431346,1.0659664697527982,-2.359583077,4.922100870097634
0.7778799120684414,-0.298310031,-1.25133427,0.8758209215772315
2.3167478112839657,0.3294131634848531,0.1431168629605408,3.6383974853377063
1.0578072435369916,-0.097383693,0.2695501711490768,2.1606855252517443
0.1942987628975923,0.9240310084398734,1.007703426109985,2.1445339482317456
0.095241805,0.5533896089929766,1.528353521,-0.713261347
-0.466171292,-0.107770473,-1.66427692,-0.402257035
-0.929915595,-1.382738399,-1.14863096,-2.192560269
-0.566631532,-0.54477941,0.582992156,0.307213281
-0.532372686,-0.20513802,0.672348308,-2.102782565
0.9077927431523549,-0.649595716,0.16472737423001407,1.1895997804366745
1.0751187319013034,0.4649695682584206,0.5935626446518488,3.1514331051715248
-1.188191133,-0.904644688,0.24243640984910414,-1.890761335
3.838973057653155,1.5879640313091041,-0.015411256,10.17135312642311
-1.030142327,-0.378906719,0.39501294841398304,-1.424546279
-0.238885842,0.452218785,0.097253308,-0.501940468
-0.341576066,0.5320285693386995,-0.019096791,0.8352847161737428
-1.943545985,-0.433020448,-0.441809044,-2.534137138
-0.886683052,-0.22908501,0.3459893581078709,-2.477790921
0.8153237355784999,1.2596851510838394,-1.655559496,3.0187920062791456
0.7235001957554977,-0.812944975,-0.609358756,-0.484157482
1.4965077987634683,-0.073072589,-0.060508371,3.571627300179923
-2.000367375,-2.29795826,-2.430362668,-0.731574973
3.2066767439051262,0.5856833420029375,0.7726458810577713,5.074650990822604
1.539452946990825,1.693371543498438,0.4580494762945799,5.883473971603667
-1.310757544,-0.198789039,-1.176985492,-1.040987547
-0.391768442,-0.461690076,-1.374444278,-1.668809247
0.152230618,-1.421919335,-1.526929274,-0.57801138
-1.224816266,0.4431267560057248,-0.22792081,-1.179672091
0.5073201734346501,0.7767830689738591,-0.702457761,0.5630826092008594
-2.041635013,0.5026274889198553,0.7836799100300288,-3.85396112
-1.083484238,0.14087129117099947,-1.003775606,-0.712116363
-0.159318307,0.5692114940425512,1.9469715745711669,-1.725407226
-0.325327408,-0.912126792,0.4695514224981854,-0.701873416
-2.344315789,-1.138138575,-0.058310443,-1.407344166
-0.346555347,-0.659087701,-0.013084997,-1.911809793
-0.570459446,-1.030320038,0.3468618782799071,-1.804507187
3.2380545834648906,1.4024264993627875,0.5049932159555838,7.363705857986229
-3.205444023,-0.93209856,-0.994640434,-2.607715759
2.086435570704562,0.097847483,1.346660800758139,3.4812475493468997
1.6224258736389574,2.5678521660364755,-1.238794756,9.703326583992062
0.14891139739989365,-0.124269702,-0.183453776,1.9662433800728014
-2.656458196,-0.280501141,-0.422134255,-3.924697188
3.1724626214074747,3.0036122661476727,-1.899923804,14.124026417881252
2.134408781,0.15294667996102002,-1.825769112,3.7301108362965523
-0.148781304,1.9085408390558132,0.9605446260223987,0.22864128271107154
0.7725191136891629,0.7378429243383393,-0.934416723,0.957920144
-0.175804492,-0.98380962,2.0163615953871186,-3.048399972
0.9993500834271279,0.8390988820281122,-0.298276169,4.736013165526287
1.3386083152545627,0.6657999282134539,1.6475636216628076,4.631642464070656
0.7092211459690996,-0.593259674,-1.101789458,2.309010980648039
0.31927360130504245,0.5772718935048631,-1.587399286,1.8274679362178223
0.16089831034967342,0.3104909192528027,-0.867449093,1.6481828583478948
-1.689995908,-1.558482703,-1.078586973,-1.960976516
-0.020718489,0.901097018,2.5216023755483246,-1.699227714
-1.231172883,-0.497543074,0.3456097898175344,-0.261092087
-0.173511502,-0.88089,-1.467593797,2.0544788867878787
-2.120334176,-1.537037328,-0.52096463,-2.141380981
-1.802447219,-0.61690643,-0.391375561,-0.429699871
-0.09896305,-0.404744102,-1.497388642,2.0261598800455016
1.9949862731052685,1.0835055447409645,-0.748879203,5.240821350579826
-1.000334278,-0.813662721,1.9810188158217503,-3.235718578
-2.099588661,-2.176648477,0.5915136466107539,-3.258858278
-1.158174841,-0.359999921,-1.337136925,-1.433400395
-0.244470489,0.738499777,0.9509194925590237,-1.04912418
2.201459253641021,1.0967279129376666,-1.650912997,5.713705622048748
-1.222098699,-0.586718983,0.24874527431159071,-3.007648562
1.0950909465262881,2.022729759235479,1.0461886008268746,3.536994049713078
-1.20919755,1.223124293255683,-0.35195821,0.7958077923612413
0.812005553,0.35271950726488116,0.2317880955759205,0.8845193806795696
1.2183222523954862,0.1595143444607583,2.6901808238928098,0.7423670387444397
1.8020659333299378,-0.677342834,2.3146803197564627,0.1093718736213588
-0.634188112,-1.096495465,-0.353463914,-2.967574248
-1.519104252,-1.160522773,-0.139302748,-1.714779788
1.3704854072680412,0.6338777245575679,1.6453212077834745,1.3089109819685154
2.6548524094607435,0.9908821191813312,-0.969846582,8.142983303738776
1.7385049838247921,0.699343937,-0.009423179,4.016027859628187
-0.21028428,0.5327016671394179,0.9033363688893824,-0.579497397
0.5893201648782421,-0.240855696,-0.623679124,1.4637530065580573
0.24406695211110524,-0.196502615,-0.288998214,-0.682914066
-1.008834114,-0.214938642,-0.974753405,-0.235744905
1.7873656369158217,0.3076519149012667,-0.337927431,3.5413000483977504
0.8929310239882673,0.32487642,-2.210757977,3.401684836520241
0.076759563,-0.257043177,-2.082961834,0.066352558
-0.66446481,-1.059494994,0.096183448,-2.301756118
-2.680606453,-1.812770076,0.9266752401279656,-3.667321869
1.0098685827573939,-0.753295078,1.6376863578738348,-1.34581395
0.49975997841904957,0.7321860589951098,-1.877379952,2.587619785330822
1.7962091423305062,1.4471585792307105,-0.192036152,4.396336088
-0.100114785,-0.745924719,-0.543647273,-1.431172472
-1.752198077,-0.711362687,-1.012612388,-1.251988632
3.098978021,1.1880092621277647,-1.057245286,9.274083091533656
-1.783018807,-1.301089519,-0.79456319,-4.059536655
-0.76601262,0.29324013344642813,1.1812203777389298,-3.053647465
-2.678857135,0.3073832370418487,-0.040401906,-4.334082444
0.050189601,0.23681017537839283,0.24713202413686136,1.4566329588336948
-0.285510953,1.1875707431441003,-0.563037211,0.32100528282875773
1.3964836456091183,1.4295453726167069,0.23649702536599576,3.909817596251127
-0.876357803,-1.273561937,1.447179245106963,-3.117610668
-0.848714113,-0.782573508,-0.27111357,-1.14203947
0.7529958583422807,1.5745456413873773,1.5034414764502124,1.6489350672430878
0.28040081545421014,0.5779164210724573,-0.823259475,1.0394720985958892
-1.456684354,-2.367681283,1.110731394655723,-2.903120948
-0.656108606,-0.371990101,0.2956987073916886,-2.137527101
-1.752282574,-0.386301044,-0.038786845,-2.834203714
-0.016874933,0.48073896296278346,-0.037424352,-0.955448318
-0.286124094,-0.085943713,0.33559019,-0.625582516
-0.261095066,-0.049257618,-0.857698714,-1.813149001
-0.4740042,0.1938601516049765,1.3492893803126067,-2.289343085
-2.160730483,-2.053265017,0.43368719641700026,-2.135841063
0.7400982506960709,1.4503314697062575,0.32139800648739997,4.578055632596742
1.1020936990906964,0.22920096806152723,-0.107211444,1.7791662522813423
0.17420077050838217,0.1260715343729192,0.8816605338912782,1.1933070705086581
-0.720441358,-0.28076435,0.8469353541895045,-1.63812575
0.8759165998775875,-0.210335137,0.18653724223584114,1.4438617907251734
-2.729487316,-0.75311129,0.7537376434313612,-4.438191362
-0.938482962,0.7142139445963785,1.2592025019496014,-1.752920249
1.5806411276848344,0.5718744097032029,-0.472057665,5.279194514234279
0.4671440093070426,0.3993112016429695,-0.038392868,0.026855377190349472
-0.272688953,1.0876318647680177,0.055859276357645316,1.5097737900813784
1.9150877752145679,0.6954594910443636,-0.271720244,4.055224273991428
-1.409769655,-0.526476032,-0.068917067,-4.067348802
-0.342134609,-0.044313173,-0.247773423,0.5864886990919902
-0.434269391,-0.152715608,0.513702065,-0.143440761
0.3957064332612465,0.6701307108422417,1.0027558228588944,1.8809734738780621
-2.606444853,0.33783460150863853,1.0676281139184265,-4.408960014
0.7051029943821701,-0.35392824,0.45087802693424633,-0.369726584
-1.061250756,-1.688388963,-0.942556516,-1.867980019
-2.711625255,-2.013194368,-1.187151107,-2.775517541
1.2137626423520247,1.3532833530059634,0.13015980869871072,3.7213623768433646
1.5035827227336591,1.3828136629590868,1.4648105935407862,4.638288753827617
0.43954170945321813,1.0686497145443286,0.3264721305659373,2.439572797
-1.014550109,-0.865754577,0.3471638954707931,-2.434761148
-0.274827496,-0.528022049,1.4888295671535279,-1.716756283
-3.356086434,-2.184343456,-0.117802499,-2.678670286
0.799307205,1.891818838727934,0.38497893290228336,3.7573068821431717
1.7327150992428368,1.307782158627337,-0.802188341,6.699450809944725
-1.256608002,-0.632576274,0.17286412072448382,-2.468324811
-0.135653715,-0.312557298,0.22794176351634132,-0.493456473
0.42163543439758167,-0.848461122,0.25165732567437776,-0.627757532
-1.15348111,-0.30373518,-1.674448905,-0.86237505
1.0158903463462692,0.533531306,-0.096693056,2.193408465793495
-0.791657979,0.46940185710984944,-1.112782106,1.9819887068234774
0.20110565094480393,0.8059027709615781,0.42553135437610373,2.6691003002413627
0.17236416991877396,0.4695111845788196,0.095716124,0.1682007197208195
-0.747264586,0.5012196198724171,1.1137674876239532,-1.590800281
-2.093208095,-1.85268962,0.7325747292990631,-3.241109282
-1.837802174,-1.403049008,0.5751488081491828,-2.592109673
-2.103944903,-1.004111027,0.775529497,-3.408663783
-1.033359831,0.6673387456642009,0.2519633732277174,-1.033279016
0.9326914318433984,0.15359749934603076,-0.156108137,1.0735299370329785
0.6019131372739203,1.4244989882571868,0.26464529358333144,3.3256763794775526
0.30798912316050564,1.018343382579795,2.269955386438655,0.6560711539517683
0.46752139746848076,-0.399763778,1.1573872194317936,-0.718821857
-0.607102146,-0.749949342,0.6142138122305721,-1.840045202
-0.225938451,-0.69874149,0.5761604265835222,-2.877243761
0.717433855,0.2581720626178452,2.160704919680764,0.061739041
0.44955250626476273,0.2572670479230941,1.1874822166416148,0.24154020314139574
-1.485389354,-0.345313955,0.5446962080277354,-1.065732057
-0.916525232,-0.08406117,0.6422118812319336,-2.249946388
-2.20219835,-1.550473914,1.1549792609289222,-4.97110047
2.192722861942252,1.8308836234436905,-0.952934703,6.071004314
-0.13468446,0.4113933487955094,1.1924816129943323,-1.543334229
0.5968154874845268,0.4561218179529627,-0.734266009,1.5322815226334565
-2.319339891,-1.252911053,-1.587543037,-2.653227225
1.4924294314820832,1.3335887242750883,-0.141219405,4.989070838
2.0591494522749807,1.4873315515990628,0.7074100695784158,6.5444048362125535
0.20676872818457315,1.464755458853124,-0.239159286,2.9791945452045856
2.2717806566083913,0.9598345896288882,0.9031971653902219,4.786608688243597
-0.496728139,0.069232856,-0.095100657,-1.290387642
-1.759582492,-0.970100625,0.9635150434367186,-3.333967864
-0.666558272,0.046395592045525076,1.8136988047496037,-2.03252123
-2.088178044,-2.44936978,0.017969998533813838,-4.526904476
0.19999554389582908,-0.482025936,-0.037187646,-0.649363535
0.22120551810802935,-0.364521836,0.6717816258583285,-1.525189294
1.620676540995686,1.8485363069405456,-0.405150752,6.887027574890616
1.7926655391443065,0.8284352871083007,0.8720027216546761,3.9753255505076175
-1.310595502,-1.129046178,1.049464138390916,-3.04546479
1.1653579485504302,0.051087257690676686,1.6050563395253576,-0.471675944
-1.819997813,-1.917221062,0.16492917143730518,-1.840589716
-1.664045834,-0.920029889,-1.750775896,-0.257975517
0.38250037376588486,-0.928175556,-0.897976489,0.5204161793836876
-0.536514995,-0.144476686,0.2640937681484964,-2.998111878
0.393540261,-0.388399572,-0.360128117,1.0675502042879241
-2.526819295,-0.110231655,-0.860181559,-3.483924983
-0.61343522,0.15533964395170763,-0.856976721,-0.503340851
1.5145003124340732,0.1527180075237401,-0.8994873,1.4999406463512288
-1.669392401,-0.29669371,-0.138239743,-2.567069389
-0.855179945,-1.221681184,-0.529837219,-2.716768815
2.5680299122517574,2.2676402698371025,-0.842316104,10.719962067761497
-0.584943734,-0.329711323,-1.380281805,-0.555407047
0.8184255571892836,0.46975321141198645,-0.402309795,3.3824093488850178
2.0533790069679285,0.17985732687326497,0.29625907963557235,4.1371277482784805
0.20890303169787564,-0.112061605,-1.692018569,0.6361357306413254
-2.810640267,-2.518045079,-0.558626033,-3.102392196
-0.982963864,-0.610003048,2.201751112847666,-3.470133211
0.2600218593631307,-0.341380861,-0.813977571,0.5404716242203722
-1.823401012,-0.417507989,-0.040513427,-2.412161093
0.2821066898950967,-0.71197737,0.3380018013273236,-0.550400711
-3.671295182,-2.169955114,-1.556800358,-4.021620271
0.4262195510283199,1.0735752718583405,0.31011601504347314,2.313819539603191
-0.736599031,-0.576271124,0.096794237,-1.809143129
0.6356804078523245,0.38194584770611933,-0.716570357,2.5744577809074496
-2.048401493,-0.074295688,1.584633044930274,-3.045541444
-2.275911544,-1.507175524,-0.72242989,-3.28290416
-0.227667289,0.08288004,-2.332270762,0.5389518720695288
-1.058969874,-0.512870328,1.064463943322736,-0.751078309
-1.262721155,-1.71933423,-1.060434104,-3.91953938
1.9223647771768864,0.5253490539511402,-1.305503695,4.667261009502499
-0.730244705,-1.682164484,-1.793590674,-1.437584544
1.943861429532736,1.170435932494427,0.18886422773022457,4.045996241998629
-2.407136497,-0.553278906,-0.080954608,-1.781565166
-0.458847298,0.20901768719009564,-0.003971014,0.9958565865699969
-1.514655376,-1.178781751,-0.463357618,-2.127741146
-0.42319409,-0.397566558,0.6034033556690271,-1.950323414
0.23276729620620973,-0.680992778,1.0983376878056856,-0.556411434
-0.349896109,-1.259313543,-0.524795124,-1.945513391
-0.299969129,-0.205734017,-0.54541074,-0.716922357
0.5472572637962212,-0.315775573,0.4668270460107484,-0.678289991
-0.194497152,0.45740999191599707,0.2955730489403642,-0.834277389
1.393165080903466,1.0337327870373185,0.4695575535810126,2.500566188416087
-3.199254116,-1.248301037,1.2240717528367244,-6.359606725
2.392444829910388,-0.110785336,0.10679712756893611,2.9469437181084817
0.6742581936979559,1.4710875474990242,-0.223475846,3.104799641898977
-0.21814202,-0.93055076,1.8251891870343764,-2.00325616
-0.566505974,-0.094558232,1.9023300087848707,-0.50488145
0.6839267614843662,1.6220884104295354,-0.765130366,4.566881124983937
0.9586348706244735,0.7157704327432746,1.5711053198038156,1.5026813220688946
0.37407879018771095,-0.613076179,0.3337543339145652,-0.289981863
0.5807184745604372,0.3274618213737023,2.256332351646796,-0.941228215
1.685135209471944,1.8051086628382014,1.0128988618423156,7.0076397681560385
1.3643850153221977,-0.640231512,-0.285669881,4.185540304530655
-0.340178364,0.033754379977538926,-1.977472574,1.076766851434663
-0.448296829,-1.139974596,0.32092294387680476,-1.990818035
-1.336076369,-0.649408199,1.0246479852477721,-1.585755495
2.591136488665811,0.9281901576455139,-0.008480857,3.856087093444204
-2.33292842,-1.8530269,0.29352369817485263,-3.943104572
-0.386303111,-0.964579909,-0.501201268,-1.292422219
1.290743473728796,-0.052194055,0.525343225,2.205307289
-1.331401074,-0.90768457,1.342622270736826,-2.345788461
3.7350212387550146,2.2337832328472036,-0.067128203,12.36245990752612
0.2009722526282245,0.8867017619920056,0.8315760581599575,0.5512594796030452
3.153686515094197,2.380971580123706,0.46073889499481113,10.386592299371344
-2.233695252,-1.297830675,1.7470199480199085,-4.233830689
-1.067315092,0.5602486222917341,-0.012104461,-0.795209566
-2.674081071,-1.737090068,1.5720354055627381,-5.365741824
1.3430441655023828,0.16072867288137915,-0.623575038,1.933426924929689
1.6809025931029038,0.2954017127311882,-1.407156006,5.5732083085754445
-1.222967733,0.5064537988381481,-0.545554668,-0.70012062
-0.354989559,-0.456976198,-1.66479249,0.7796383854725452
-0.298096881,0.5710157585121288,-1.480763835,1.6810388775610932
0.2540536019572366,0.37679129908975617,1.0463168897941835,-0.394324692
0.017244937,0.946388134,-1.470793037,1.6458332536235178
0.7422607573733057,1.634406065244944,-1.856276185,4.782037802623985
1.9671131138551563,0.34859729611908485,-0.758048549,3.331387474424784
1.931093213546445,2.332618865883446,0.6081764207372231,7.021191340510059
-1.180366516,-0.97685756,-1.395419345,-0.703605579
0.9092173089405895,-1.142678025,1.1199150304804848,-1.404750697
0.6764900362831969,-0.263269594,0.20807110162808473,1.472065178448997
-0.025330742,-0.441352167,-0.36321923,0.9279498667241124
0.5397098424436417,-0.487405655,0.5890007682317542,-1.308112395
-0.588696021,1.414956089001287,-0.427067876,2.1120766625993874
2.2412158774528064,0.9789782248019507,1.0320888462441011,5.289310001756987
0.5625444007017848,0.8081866799623738,0.38874520554585884,0.6776388608159141
-2.671970253,-0.539848701,-0.629331485,-3.434194939
0.11430448808169708,0.24076172944550872,1.5160560716466673,-1.076134188
-0.108372066,0.261036594,1.1114600391689218,-0.122677597
-0.613480637,1.4096859538057265,2.2382495230756616,0.014262132548442996
0.47443849463136406,-0.1339489,-0.225526968,3.0176227221785914
0.31158564493001306,0.30268568282394925,-0.876991793,0.9057571447881061
1.0843090231101518,0.7201271222596755,0.74074235,2.116869961992622
2.5111571801182473,2.2247601096824265,0.9317701287800297,6.962024426166964
0.9996337309762992,0.8465214335855946,-1.156241391,5.918640042737071
-0.403705998,-0.389674752,1.4271720132772734,-0.965895033
-2.404432482,-2.49941072,0.32154958765832886,-3.780620777
-0.43521152,0.6446209199099101,0.6991302847450674,-1.599435535
3.0528160292154407,1.4114206234986895,-0.584676523,6.651192828888796
1.1152106340638548,1.1515914028023666,0.8404857718594325,2.827948249112804
0.6342693111100954,0.5343383480412431,-1.727390761,4.773488527277936
1.5100702320020793,1.6099746547255886,0.3704204361666923,5.888254921261765
-2.478820222,0.23777902513607915,0.9941211604237548,-3.991162942
-1.377639632,-0.689586297,1.110432859037455,-2.974408685
0.7139214603175851,0.722116424,-0.821456365,2.8936737294915327
1.6403388745820693,1.7372610948874365,0.903592883,5.645099404799134
0.6424372463304309,0.3399713135514671,-0.249374742,-0.152815955
-0.825141393,0.014691208601185928,0.8282921525185031,-0.914854435
-0.180496655,0.14713745113725923,0.5446219705564139,-0.3652085
-1.185934173,-0.568646594,0.9680589174518399,-3.156764638
2.489284471170519,1.1384471617838199,-1.35366931,6.804051409358163
-1.206101556,-0.781091423,-0.721423673,-0.482735264
1.423932784895253,1.061501774828675,-0.037493958,2.6390379843905603
-0.811994579,0.17849759092415352,0.677764175,-0.700588652
2.389869096327252,2.266296859895056,-1.616151604,10.427115157107565
-2.791789676,-2.162486759,-0.121673403,-4.410258693
-0.715044428,-0.189257164,0.8317569580992492,-2.011656287
-0.734266849,0.7150544352393762,-1.292160626,-0.281338186
-1.460499562,-0.391073661,1.6284475969118795,-4.050937512
0.5639528202643984,-0.51486452,1.152636653921001,-1.240787808
-0.869754854,-0.609015809,-1.528332966,-0.586536229
1.7591029823212097,0.5855376263799498,-0.718794459,2.027859778137263
-4.085813273,-2.823926254,-1.209035121,-4.029531231
0.682977503,0.6448165278793654,0.34056287194444546,1.849061932
-1.71096902,-1.460330512,-0.136091709,-3.303241739
-1.319812637,0.2448576864453896,0.35762264821294104,-2.373147323
1.0845011359211194,1.0228208896338231,0.409060947,1.736511099115479
0.4404805179694166,-0.29238408,-0.87582237,1.0099248728113213
-0.789193324,-0.518194863,1.0303528432567064,-2.45650326
-2.432305354,-0.603692438,-0.032117069,-2.886170372
0.1694677364262582,-0.107770648,-1.596883628,0.9111598019358824
0.029634195839895634,0.007015398,-1.514505723,0.5365858002548665
0.15384168953992283,-0.322281074,-1.022864341,-0.008465474
-2.303094667,-1.899731257,0.4838353616800053,-4.324604819
-1.771141778,-0.793748466,-0.193715065,-2.381000805
1.1064085105318813,0.30796375330919407,-0.792437402,3.660083238373945
-0.437754435,0.5042207384585122,0.2525616594845975,0.7540420925700679
-1.98553934,-1.673876135,0.029415764,-3.100036656
3.9421617621291345,2.147546257310527,-0.329447364,11.284737621079003
0.7184957338313118,0.012658588733997894,-0.792796893,0.8195321575375043
0.5113976806657466,-0.046737668,1.7301607543967195,1.629049571
1.7571973850810725,-0.345427903,1.848680102268602,0.4554946760713462
-0.583207545,-0.829004845,-0.527055015,-2.275028712
-1.526887361,-0.995580022,1.4030398141539466,-3.931402293
0.3045438871884359,0.7058758421421176,-0.688874552,2.762853819605745
0.070622131,0.6381451085273376,-1.549232153,0.9572302434080454
0.7994389742362933,0.48299571362957894,2.7580040562142667,0.098244764
-1.332362488,0.5119277228025355,-0.648246882,-0.251965989
-0.767583312,-0.605476029,0.6748523535396076,-0.962203195
-1.430466961,-1.891497086,-0.74792242,-2.980309349
2.416282739313831,1.2755155702001224,0.7633137206373749,5.521510288558852
1.8343990747818655,1.018866519417447,-1.371003449,4.726497284603371
1.4596896204458196,-0.040183941,0.38203183947482927,1.1661176752457454
-0.457362878,-0.734619352,1.4713658464538844,-1.43421058
-1.669052419,-0.443360662,-0.198072011,-2.305708487
0.43628329478447014,0.5430267976364778,-0.345406805,-0.081609684
2.118472491804739,1.513007572003558,-0.078116382,5.974555618
-1.023190938,-1.603034538,-1.021510761,-3.426927477
0.7821202011703345,1.1244352323898406,-1.608530154,3.9148946474712547
-0.111525374,0.011111330891546069,-0.424776205,-1.341531041
0.2498112843097411,-0.985775571,0.8074830969761149,-1.154640528
-0.176065745,0.3422666926020703,-1.729283504,1.1146358080563228
-0.390308443,-0.600412824,-0.500322892,-3.107658768
-0.487126009,0.482064763,0.051493347,0.2896692047874925
-1.665411695,0.19204776849472646,-0.470773785,-2.808602029
-0.838866924,-0.223709755,1.063869917468052,-4.017523715
-0.207498693,-0.635422752,0.8890252740785141,-2.561588086
-1.517649019,-0.431064877,-0.343644052,-2.432115827
-0.954504118,-0.242669854,0.007302117,-3.157964799
-0.365930798,-0.532045063,1.6553273811018423,-2.057990819
-0.238735574,-0.142497425,-0.25950083,-0.812658415
-0.104492926,-0.65778415,0.07201319,-1.095872623
-1.57603463,-0.603726492,-0.828071399,-0.755009831
1.7154202780497183,1.352088802654847,-0.803529327,4.935651008269563
1.1466168300391466,0.7506428788460182,0.3809024564598894,5.339299506546119
0.3861124984080671,0.674969145,1.4271433941052356,0.9992473534469541
-1.938715196,-2.155323821,-1.632877081,-2.726859001
-0.201216308,-0.982696962,0.8505296342356453,-1.855183089
-1.541089519,-0.592654371,0.059467505,-1.521410478
-0.986318289,-0.755831137,-0.472709997,-1.732941269
-0.858375204,-1.348462002,-1.215721234,-0.006537154
0.7866355551173508,-0.430758565,-1.316683584,4.892857581059917
-0.802808453,0.025449115013327517,-0.234845098,-0.312540386
-0.913825375,-0.926228677,0.7237588495494833,-2.271060174
-3.234957649,-2.044634894,0.47308048634500904,-5.507038281
0.5401159409135372,-0.452874531,0.25264319175469896,-2.242887507
0.8098674760354485,0.554651395,0.16116773316697874,1.0664929739600386
-1.881626145,-0.351669837,1.4654709091752192,-2.724697744
0.11308403880190543,0.39122181501127146,0.2454474022582408,0.3698484512347686
-1.554748553,-0.83130805,0.9780697702256352,-2.57018904
1.2006110516871278,1.0842316424644851,0.3017109982944264,6.164117111545544
1.0632873341239248,0.091515994,1.696580319892978,0.9629978557403908
0.5144837202332989,0.5523206338718974,0.4736042908101591,1.3974145077752658
-0.356443206,-2.056904915,-0.120602295,-2.049154978
1.5941705269172741,0.4834914586247853,0.2509913795225047,2.483622782267407
-1.351312792,0.049655151,0.5498503283768056,-2.584234132
0.14678125752775528,0.459548731,-2.003662958,1.454231647889099
-1.320997182,-1.195593641,0.5891412220722038,-4.436999981
1.3257258126047762,-0.286286594,-0.726416261,1.977526543421393
-0.986922638,0.9284945100980699,1.3993828590952804,-2.193837323
-0.800123931,0.5201531480479095,0.6491449568396519,-0.644382533
0.4910085126456991,1.288903846310595,-1.107654337,3.7699425893272474
0.4865538306325172,0.2879088617669031,-0.019211094,0.5352462769962372
-1.961061905,-1.185205151,-0.383090076,-1.958047978
1.9619038358225869,0.38213766602428545,-2.453515186,5.122769195700834
2.3197978781979427,-0.075065264,-0.227316302,5.278183763047463
1.6645565252473606,1.452952860397536,-0.370805014,4.797321824063474
-0.650387744,0.087367281,1.140419967369256,-1.333054835
1.1425113307431065,0.48729829929752355,-0.273475541,2.8386909446402786
1.5122706320868562,1.0373656449599082,-0.902442579,3.962184063217021
-1.357344965,-1.379713392,0.5515015866474506,-3.377810775
-1.427829719,-0.644792711,-0.566874065,-2.239214595
0.8717545648064637,-0.641684745,0.9541864352147642,-0.193101101
-1.131076389,-0.525865404,-1.119775775,-0.629001459
0.9402195793920443,-0.302698517,0.048874739,0.439659659
2.1085531650533516,1.9158008745816837,0.9612257475021299,6.5069352671797205
0.141302944,-1.411331759,-1.058025235,-2.190524766
-1.166407945,-1.336967358,0.26381862434610104,-0.491166229
0.2240973715078236,0.8059391640515108,0.7688389577600657,0.5715304290565818
-2.535944978,-1.101364549,-0.437164649,-3.246339594
1.6139694088844112,0.125866771,-0.494096209,1.1112608944786846
0.2473105757107375,-0.402380977,0.8799777815548078,0.9275805469219549
0.566534945,1.0502297355700931,-0.934981406,2.0510029949316277
-0.41758906,0.23234484141896797,-0.936833344,0.18373351763648263
-2.211381056,-0.698304084,-0.877958426,-4.002723823
-0.840498454,-0.904983307,-1.602260224,-0.652839834
1.1692092075707956,0.395240671,-0.895619911,2.5301472098469233
-2.885061876,-0.463171733,1.1221077746180603,-4.354522448
-1.008051185,-1.308667084,0.42232656321198986,-2.842969074
1.5623530339459604,1.556833907351369,0.3518856343127214,5.358992512687614
0.679799058,0.33204884522825845,-1.214942378,2.4238093951813857
-2.931908272,-1.084829737,0.2500147036567923,-3.495795723
1.2908627631527478,0.49799211844138824,0.5041376169520815,3.295884957826987
0.43082021727743647,1.8408759885570538,-1.09860412,2.598783183998487
-1.511699134,-0.923809227,-0.484675345,-1.746631462
0.66782495,-0.315437609,-0.391287884,0.006903209
-0.694058588,-0.54929622,1.1620718832021466,-0.510428445
-0.271722149,-0.39323334,0.48328233420747757,-1.973953793
-1.530431183,-1.435104362,0.25112739541895973,-3.717865051
1.0218583887065957,0.8073220543665447,0.724316797,1.7241820902894174
-1.083397834,0.6355425814785124,0.39130895051544484,-0.258714823
-1.755029963,-1.101998992,-0.075173606,-2.82984346
1.8077561564471907,1.0568039483629588,-0.450247403,4.0768151755483215
-1.686451104,-0.506859187,-0.725084137,-2.64500308
-1.207428046,-0.428614022,1.218625770204363,-3.379031971
-0.169997062,0.3423116841992179,0.19782776966544413,-0.603284593
0.7088507811401525,0.8111608790869237,0.3527171759183382,4.022668035644795
0.15323822789348257,-0.375269763,-0.946919414,-0.088559082
0.2621391341861007,0.015709323220056443,-1.98934483,0.5499251255446245
2.6786367575840204,1.8573654215934736,0.2568089151689976,7.136048740223151
0.3034234609594737,0.15397992247303016,-0.783570638,-1.158364526
0.20023984764201697,0.7729913242319816,-0.541834458,2.1629924034623986
-0.336841843,-0.643873323,-0.134231181,-3.328188033
-2.595070842,-3.435010916,-0.858421328,-3.365840818
1.5715373090088485,1.0635403008800122,-0.387143335,4.428674012
0.9405113418716349,1.3520125371234712,0.36693504611407707,3.369608149908264
-0.876191212,-0.546088212,0.4758610868421661,-0.643037341
-0.859017698,0.19070713016206528,-0.708796803,-0.871682718
-1.714348158,-1.822845677,1.1011513291106143,-2.962282765
3.3422861926195617,1.3372892402335252,-0.14824337,10.216573995816862
-1.146672854,-0.705164241,-0.290164124,-2.221735326
2.6979447217914947,2.225438677821301,0.8352529637387233,8.991765774
0.7429653180789668,0.17559713057416343,0.8219989700173992,-0.673162393
-1.323153572,-0.889246086,-0.793779415,-0.070876023
-1.313973729,-0.181667453,-0.253854539,-1.315047569
1.254109676081549,0.7190342186735116,0.9194809435915224,1.6737014353900301
1.517898070119172,0.6944237199535027,1.1733025747719446,1.7542663539874674
-1.740961833,-0.585614565,0.9709869096367807,-4.471898314
-0.113167353,-1.672631744,-1.061786935,-1.645721835
-0.203849867,-0.002151381,0.43258572004132356,-0.647083985
2.268710388288115,1.7074916724177054,-1.222624833,7.2963281404673666
1.9219122744645667,0.3631684342574312,1.4166450565143085,2.487050373722297
0.24582219095119817,0.8075776805859709,0.9045882384263109,1.9134931091995575
1.953864850396792,0.7225865792282952,-0.880023241,4.710158199203386
0.8162228932147573,1.239768247,0.3139124553200593,3.016649259752584
0.2827247600385796,1.665641883164999,-0.165984216,3.7088047731237963
-2.99705791,-0.450090763,-0.998584781,-2.870504412
0.090632741,-0.627518454,-0.742372657,-0.010309472
0.40449250131560854,-0.165092052,-1.574318147,-0.304222756
1.2056861129280114,-1.058717879,1.7099888359533348,-3.495083458
0.6426436237639174,-0.285233274,0.22612983178709273,1.3138149891776656
1.5271494446037757,-0.754882724,-0.190367064,0.950379774
-0.05101775,1.0800815951763572,-1.064631925,2.2393751999704152
-2.077740008,-0.22271332,0.8040065450243392,-3.678259511
-1.595249419,-0.510534981,-0.631287482,-0.89715827
-1.880994365,-1.01883169,1.3949226563011423,-2.419484629
1.1862103309181016,-0.468290506,0.006745363,-0.386493908
0.3422526294203688,-0.263642625,-0.701857116,1.141827656884333
-1.211865879,0.22123075036492756,-1.202416512,-0.4087647
-2.160028482,-1.918225139,1.2321288189309065,-4.400162328
-1.108490072,-0.485489174,-1.481911698,-0.686486818
-1.41326694,0.10702620933440812,0.7531230703439461,-2.503814161
-0.101591087,-0.088090832,0.064095329,-0.500081545
-1.372905186,-2.120638846,-1.211211332,-1.66949
1.2025089869252183,0.13337626353736515,-0.009939494,2.7439615445054377
-0.579101284,0.5754637907811049,-1.086098876,1.2283648322021716
-2.453260071,-0.946511587,0.37700571995686555,-4.545834397
-1.422234447,-1.562174749,-1.748009965,-3.677920447
0.13115188965519353,-0.796310154,-0.393126047,-0.253369896
-0.141100691,-0.689945437,-0.350361977,-2.57853495
-1.013352435,-1.59503585,-0.229979816,-3.250624055
2.6644829672887185,1.6013871810091702,-1.336493058,8.053600001
-0.698019461,-0.529027726,1.3358118972592534,-4.022993299
-0.224937891,-0.254750136,-0.302809081,-0.890429879
-0.415552832,0.5297576924990957,0.4319176008750755,-0.572385711
2.3810332652814834,-0.324427014,-0.132879125,1.6185422240504241
-2.131955653,-0.659985952,-0.655837764,-3.768141542
0.3085004915073475,-0.623816481,-0.011122076,0.39304497813067185
0.4950314279504705,0.8350053490716708,0.3497223604200868,1.528124257967795
1.410703361504793,0.39908101447534794,0.33275655221332995,1.1531249528943304
1.2524422814376934,0.6096918508512159,0.784602447,4.046385687896885
0.2179268629315968,1.0041389206578222,-1.397849434,3.8512641562681775
0.5579006417435812,-0.173121341,1.4340378132614522,-0.737046041
-1.112970408,-0.252094391,0.7837207209805256,-0.41481108
-2.136377922,-0.94782325,0.1209845332211378,-3.748710583
1.4642117142150757,1.8332431337283959,-1.510914514,5.408389458
3.8913545002816794,2.868203618135879,1.417550438809721,12.423451818290006
-0.29872687,-1.336617078,-0.781572489,0.5167542250016481
-0.58483014,-1.00935722,0.6528927373094932,-1.67440909
0.16018924270754425,0.591163484,0.12282672416467673,2.695579700973341
-0.590944342,-1.57720575,1.3023132184024464,-1.915906113
0.37304329325368024,2.3342776677918007,0.23048715810674789,5.314914241365505
-0.948487069,-0.785381017,0.16097837365009343,-0.982086139
1.886597868708518,0.30174450512122986,0.7415206271156998,1.7078062333224593
-2.427131111,-1.905471415,0.3249583924675113,-3.161671476
-2.879090108,0.2540818912437414,0.5487045075970757,-5.274364353
-1.925128096,-1.828530929,-1.628332701,-2.12970083
1.1416564532696725,-0.151299805,0.058602644882815844,1.542443655
0.12087872616306378,-0.457539137,0.6874292848571214,-0.902976191
-1.319959265,-0.084832873,0.40794363111319304,-2.713111888
-0.252943551,-1.089714628,0.5960847754245967,0.08020869
2.674018849995717,1.0187292660785676,0.097635407,4.874444081182394
-1.706291011,-0.479895141,-0.682865957,-0.781036331
3.0607164866622227,1.5418062140412607,-0.139992566,8.151180280382361
1.3101663945878552,1.2697052840197753,0.5956301674938465,4.628110954082111
-1.365604485,-2.62653725,0.3050314345023618,-2.011211962
0.2803205181232742,0.8631335685379142,-1.429385346,4.309148505501071
-2.834075345,-1.639182052,-1.925618638,-1.273838686
-1.565069803,-1.583908894,-0.234095127,-1.458469277
-0.241511686,0.29056686578506724,0.9778948536186954,-1.253636662
1.1889376744243791,0.9541421806920736,-1.823545755,3.4308241581133356
-1.255031145,-0.896555903,1.2541241524255518,-4.128403141
0.3816959444467267,-0.92510377,0.33913155495546615,-0.258539695
-2.525015072,-2.593138479,0.16300003853126588,-3.090889454
-1.983478572,-1.142099907,-2.144644295,-1.089314994
-0.889581779,0.090444358,-1.399786276,-1.26206132
0.7407948770591074,0.041300659,-0.568189715,0.6479973231601448
-1.626690648,-0.575616015,1.7262567850107389,-3.967774574
2.4901116153025145,0.7336579936649467,1.4944913505402246,4.740258561696777
0.8842254414874328,0.14357540930912382,1.8103450367818914,0.6830728041738682
0.025058368,0.7473441810810191,0.29050173836850546,1.809032107964526
-0.095673158,-0.170303999,-0.671470376,0.6223780014722843
1.525487869391317,-0.725489574,-0.197150164,1.3234848894588904
-0.030796854,-0.344256799,0.1389128789324697,0.061585254827100866
2.4607462956328257,0.5485791816881472,0.6754866979669824,2.9051874776141036
-0.834554622,0.10627320166754692,0.5875442935111458,-0.855268177
0.8508475085830611,0.5506119884438763,0.11481542519420562,0.9644678767278101
4.438711732664881,1.144511465987527,1.4379034007968996,10.214490239643323
2.760359285464679,1.978314901687307,0.2723942985217327,9.904356466692333
-0.756448572,-0.447375252,0.16879659206796366,-2.150181595
-1.422533179,-0.363586176,-0.568239759,-0.6116878
-1.346599302,-2.634583351,1.444674153905534,-5.274863784
-0.42916115,-0.507826888,-0.96595936,0.10804640095682572
0.9317151872014802,0.8390139775616076,1.5867202409133359,1.3980897453002685
-1.122683914,-1.264584183,-0.746911515,-3.317867634
-1.944532642,-0.66989446,0.48420881177440567,-4.179392493
0.074701324,-0.895961976,-0.039899551,-2.703164375
3.1183104013492136,2.360469923354536,-0.617835819,11.734636053202614
1.939191340635473,1.026405572379999,-1.010377917,5.3250700382713845
0.21611269971752062,-0.285871503,0.6756116068109951,0.5284635338840065
1.910950633157436,1.3685665028819753,1.3791446568163828,6.225032480050997
-0.033975081,0.3155354174637108,-1.540083559,0.3920302410372637
-0.616675706,-1.873565722,-0.151461063,-2.668723826
2.3900601355933206,0.2370589334145258,-0.215942546,3.5831106814791296
-1.434671045,0.9224529148747835,-0.38508802,-1.578885538
-0.332969502,0.6163827218178108,1.537889789082951,-0.847768915
0.026974362581579037,0.30880329535985207,-0.091458082,-1.819474414
-0.063755207,-0.725434298,-0.343496212,-0.049571065
-0.692637612,-0.214378515,1.4357630358841371,-2.40781463
-0.202171729,0.7423986168813177,-0.125037561,-0.261510616
-1.83405343,-1.453312201,0.031668454651816356,-1.666259236
0.5332897638151868,1.445580859568998,0.695173957,2.988067730095151
-0.554901222,-1.138572845,-0.143088783,-2.982011972
-1.064272796,0.2368731704347535,1.3835669060801077,-0.904892584
0.027651597352810198,-1.136439649,-1.231137961,-1.667797805
-1.315882237,-1.411673682,-1.047490723,-2.022048318
-1.116489129,-1.102712193,0.21110023361285143,-3.36052745
-1.951509972,-0.830529252,-0.465391745,-0.897221599
2.1189365359088197,1.356232851799316,1.433917430696745,6.116077210950345
-0.262178121,-1.371470065,-0.023848826,-4.191089903
0.2638710214911629,-0.666934464,-0.003092834,1.0619339039336824
0.04066264,-0.235214472,-1.793884789,0.41483736111488806
1.2657236292303957,-0.327465065,0.7093908346535006,0.5592501257219141
-0.779469015,-0.902572705,-0.717901341,-1.411202207
-3.347012465,-1.618361656,0.472207074,-2.507306026
0.7155640734820068,-0.162055478,0.8111010597414184,1.2188853918376372
2.575523450253484,1.7899284473477373,-0.558564142,10.434781589384766
-1.315660155,0.290519712,-1.005126565,-1.574922853
-0.753142122,0.9395489114040886,0.5084236840964734,-1.016395892
2.8357846454945337,1.110865578764908,1.247399832407824,6.761459225151412
2.254389567806098,1.4997678142539352,-0.239393626,6.37450317
-1.363959785,-0.17654229,-0.275122926,-3.242861345
-0.176978864,-0.057861817,-0.738220066,0.046933844
-0.157777742,0.6364274836752325,0.8764075003657716,0.9133940328857326
0.03802784,-0.899658556,0.7021775603507019,-2.067146106
0.072813689,0.6295157965683645,0.6826689182383164,1.620806345181397
0.15159831634442877,0.058957051,0.016167884254254736,1.6522701888826627
-0.721183049,-0.025289878,-0.145791213,-0.170400684
-0.683717838,0.6553964230208569,-0.314606454,-0.111299751
-2.556404127,-0.844118454,-0.702456731,-3.795493579
-0.458021852,-0.120143669,0.078184948,-0.959866224
1.6197889954248132,0.1992380694147773,-1.229408899,3.8328381186491947
-0.526700835,-0.760521616,-0.088862891,-1.251924994
-1.812391301,-1.410591309,-0.47576688,-2.284766729
0.11677851432840847,-0.535162083,1.4749989596511652,-2.429716638
0.9019961958609206,1.154541123447534,-0.056466169,4.456975083658045
-0.775795975,-0.424071857,-0.409322273,-1.790935099
-0.378060564,-1.42778256,1.0699129067587985,-3.890464346
-1.516303421,-0.462566878,2.3975168129432523,-2.594269959
0.6696867617434716,1.4834248465451545,1.0140244985752207,2.4093227214758315
1.092384141952389,0.43337454732915204,0.79355752,-0.003455186
-2.23630594,-0.74977239,-1.097029272,-2.721513496
-1.206246715,0.45411129408851003,0.9043882769564678,-1.477112416
-2.726367024,-1.707200992,0.9363217951233714,-4.422467037
-1.204418734,-0.984254537,0.9618082452896611,-3.833214734
-1.045683511,-0.08707694,-1.223880949,1.0288007056708133
1.8378857781595916,1.1101486378312684,0.078410991,3.8693658395446526
0.8807554694776408,0.6551994686797137,-1.486294091,3.5994929825833775
-1.01324822,-0.312615797,0.7028371420889502,-2.378399296
-0.905027081,-0.383237305,-1.140081312,-2.169550571
-1.216374166,0.13565791942442376,0.2656731632570666,0.2419571686546642
-3.509407832,-1.227122055,-0.750087964,-4.15123877
-1.533565622,-0.788386438,-0.480681169,-1.319397246
0.9531026071942752,0.8757240221929375,-0.345846869,0.741144822
0.9522958,0.2742262054241243,-0.056160837,2.067715317190405
-0.95271348,0.7370312308459842,0.4808557765382629,-1.664836337
1.2409412813610619,-0.263719416,2.502934274284755,0.034244886280702796
-0.722801842,-1.22668835,0.13720500559669702,-2.123716249
1.5322110663460107,0.2106251115836224,-0.699609989,3.1670308691495346
-0.601029156,0.6892257897790292,-1.886967585,2.1884923874357582
-3.352825482,-2.305182804,-0.784655449,-2.748340905
0.8697852876482454,0.2968430580144731,0.398425429,-0.059990052
0.2577604028965287,-0.520894329,0.714344986,-1.394488354
0.38735053166218936,-0.689695223,0.41214941334685967,1.1621562567659673
-1.162248412,0.10739849713141045,1.0619708022529233,-1.924723603
0.7360691170749555,0.847450152,1.4324620405657853,1.9872549989710222
0.516169203,1.1276145584447066,-0.238427196,3.5975574656464877
0.5039026297690107,0.030480835932111455,0.877979303,-0.812315417
-0.222068179,0.40851976645013105,1.0856076041723712,-2.491548531
2.253749047924466,1.3816549056942464,0.7169997293236667,4.631723755962174
-2.28905791,-1.881112301,-0.35817638,-0.884578499
0.5894833340379474,1.1424183137246056,-1.04950664,3.1932926223786513
-0.21704479,0.7490568739456663,0.019042872647651376,0.020833324
-1.902827913,-0.963848789,0.30503675705165484,-2.04527415
3.058694440061215,0.9681830545847607,1.2645778985171534,5.692527257310068
-1.456336156,-1.678090606,1.1383163280084792,-4.139056489
-0.658221825,-0.923982746,-0.06762843,-0.287539847
-0.729043698,1.1710037206302994,1.4412908071817123,-1.721245035
0.6560198868560292,0.1459230477957546,1.2933376119113595,1.0240796851719427
1.2408768991485044,1.380685360988691,0.8340430700487566,4.910766388308286
-0.482565168,-1.133455133,-0.151222377,-2.072169105
1.2499864099370972,0.13158635267928478,0.053167292,3.0986154285696204
1.403353618615963,0.5461374819757548,-0.471265162,1.779958174335798
-0.44098018,-0.802185005,-0.790610307,-1.841213857
1.129379911294907,0.7422918236255247,-0.323354398,2.3244050327694854
-2.061326158,-1.260997814,-0.981343568,-4.500096077
-1.467872932,-0.548860052,1.0032472664261884,-1.992016748
0.9913678897267331,1.1330752010900702,0.3668201181036511,1.6734161466801445
-2.326654046,-1.64613709,0.00943579,-3.622429275
1.099704415255621,1.4317065547514538,-0.886123721,4.629716648082212
2.202181907148174,2.403740792346417,-0.357652943,8.457133146805084
0.8774436281995022,0.394677131,-1.163288534,3.715266308900027
-0.685441853,-0.157360151,1.5683545995566324,-1.905736004
0.854836164,0.545417885,0.022269750816985606,3.0362888006924083
2.140173260456975,1.933639471310752,0.3835088607876974,7.983868610895325
0.5280773472024263,-0.385788422,0.11829253766496607,1.0330984044912521
-0.783943862,-0.134927791,1.5772927198665958,-2.611802826
1.2589486232927916,-0.064166962,0.264681857,1.5405433784914757
3.0587606309134068,0.7936199742156059,0.063217014,7.141463815201638
2.7249999121594413,2.220345450131042,-0.661534389,7.998890605118328
0.054731675864188756,0.4639854263356041,0.3464048758085182,-0.454017835
2.0766509317152715,1.0967147197035831,-1.90627132,8.338785555780202
-2.155823988,-0.924473884,1.3969871715877182,-3.116337621
-0.874795239,-0.292738019,0.87789852,-1.430057841
1.2861208534919264,-0.766189324,0.7772852028510258,-1.064915369
0.7839723513742347,0.8869570215971292,0.6603114781962652,2.0891446470540176
-1.462880481,-0.067354404,0.924407051,-0.788074056
-2.05327473,-0.27286462,1.5182360683787366,-4.668745287
-0.239533718,0.6103311138278154,-1.109558911,-0.070101573
-0.864463729,0.037218851,-0.186408084,-1.202517999
-1.858805628,-0.562045193,-0.640055901,-2.076570277
0.5783271248382871,0.7213246041745536,-0.03155383,0.942310265
0.17356334899465947,-0.092815248,-0.292025375,-0.0163031
-0.183683605,1.0984439497602847,0.3422104626189159,0.3495598132933031
0.24398977148355072,-0.24220946,-0.276711253,-0.850157153
1.636628968599057,0.5695115133664449,0.9781536397202966,2.9379305012292503
-1.994940384,-0.582066011,0.3805971418307304,-1.59544777
0.4918094749124072,0.058453339,-2.20949634,1.316771076846881
-0.167332183,-0.132579937,0.066968861,1.916715219705119
-0.049066229,-0.475238843,-0.213056702,-1.963155002
1.3868625466985167,1.7900447551432734,-0.174871365,6.7268347772477135
-0.869644806,-0.963066498,-0.813034225,-2.194190831
-0.920089825,-0.58250581,-2.751648005,-0.308901399
-0.758344837,-0.597809433,-0.501467411,0.6811501996227618
-3.727339265,-2.190642908,0.3228948324285178,-3.467857977
-0.363069815,-1.070107444,-1.896499854,-1.102073697
0.2088487613459279,-0.114132394,-0.425908044,1.1981088673641118
0.9124724230181547,0.8929406411316028,0.5934820031933911,3.3090972490407062
-0.274947129,0.2130391241488609,-0.531407543,1.551652176185025
2.3835882002566127,1.675558629867004,0.060109269095536176,6.768391241280261
-1.076437196,-1.169129465,0.6573809705603642,-3.583750444
2.351614008521433,1.961335525,-1.408783028,8.425875895894187
0.6873049066554893,0.16689286639873802,0.5375011507559354,0.881023401
1.686485955647634,1.2925744458866462,0.8883540732733265,4.5456039944439155
3.049103706344931,0.9147608245278344,0.9468156548034597,6.7820937699319455
-1.695393866,-0.015618572,-0.790775266,-2.595314932
-0.772672142,1.3666755102356214,-0.480568337,0.5646490450871385
0.5749965377463617,1.1084576349032813,-0.694576765,2.293376060552531
1.0794813799380878,-0.087182669,-0.254557937,0.2685007565358586
-0.574054235,-0.447958552,0.9706860816697601,-3.554790189
1.428249579386716,0.2897502172651249,0.9534278767312582,1.522601759615592
0.6286893389922634,1.1162901694118772,-0.352626422,1.3731518371970666
-0.651102611,0.3451008491677944,0.39139412014591507,-0.920426882
-0.535480049,-0.264584563,1.7824471181683363,-2.745081728
0.1538886059876856,0.9487228191043977,-1.879498466,2.771563708689191
1.6616216547349505,0.47646933057606244,0.7836062330646453,3.798879403799241
1.1030360436216122,0.069134577,0.8510298202245258,0.865152955
-0.009674736,0.5522894232016615,2.670634301578143,-1.039136942
-0.269133128,-0.589014269,0.11148276032911711,-1.300130206
2.4792447388063987,1.4348388205994747,-0.32025549,6.081342391785641
-0.644150717,-0.459516355,-0.03867823,-0.472757513
0.295149462,-0.227469597,-0.343253343,-0.405305408
-0.95048002,-0.867978436,-1.485783869,-1.40231596
0.7237182021236878,0.7172481162283199,0.2801378665766219,2.1075404685820898
0.2980571944834629,-1.24105714,-0.897350738,1.9293986195298771
-2.109374552,-1.672743423,1.2828467635845417,-2.525430943
-1.00572639,0.071318232,0.5908915055743665,-0.871426012
-2.049128326,-0.815042725,0.34393968166035843,-3.840498553
0.3665001769776962,-0.668576572,0.24257697374771237,-0.924808366
-1.903187171,-1.440860875,1.5134002182431536,-4.345573296
1.6982034328098765,2.1291013762035793,0.979198844,4.051831445512555
0.025718942101867814,-0.312375653,-2.154721565,0.2993749483035708
0.8438846538048266,0.8796895508862267,0.6576663212168817,2.806840597301626
0.26486990536921623,-0.090570399,-1.6277355,2.090212344974317
0.18569773994167332,0.077746831,-0.025770564,0.35966862798933336
-2.240672372,-1.025024512,-0.91065178,-2.558273655
2.6596548159083033,1.004243466,2.496290440329531,3.3426380103322666
0.897788663,-1.327613887,0.8365637784350441,-1.021540197
-1.214949086,-0.659778448,0.7026901006570848,-2.032606107
1.1827573474838744,-0.491488993,-0.33795743,1.911988662945157
2.2861084504567817,1.211674689069764,0.6473701185841222,4.965319299398473
1.802204316310983,0.031483650908710976,-2.320742988,2.895409443895732
1.3800068622459034,-0.696723634,-0.467035585,1.867043003040931
-1.978549633,-1.034861144,0.35104826714564286,-5.814551735
0.12142851573916891,1.094577218350297,1.2064877304161161,1.8918218020423867
-1.214051193,-0.359188086,0.3273143053689572,-3.245668542
-1.690716667,-1.212677447,-1.544253733,-2.33547368
-0.658415701,-1.28265783,1.294778687849756,-3.987547593
-0.446985152,-0.499548571,0.4035064871970246,-1.575313151
1.3799322691810236,0.024743479064744184,1.641579510513921,-0.54332834
1.5572571593461835,1.6649372604097494,-0.905284453,6.363001092935255
0.44900061346405623,-0.151927709,-0.267826288,0.8970876276546831
-1.928280434,-1.330785965,-0.163579391,-2.892785119
-0.708685356,-1.041002937,0.459599943,-1.952552458
-0.310934306,0.1915913090173256,-0.530485874,-1.128922729
-2.019317496,-0.666100181,-0.292773697,-3.303638215
-0.943286717,-0.243961561,-0.433464214,0.13127639903454957
0.3786919996992526,-1.250938762,0.009370346,-1.061306622
2.5500682821438634,0.5852979543105091,-0.192003044,7.5900987126477855
1.1116002387653747,-0.749399702,0.47137421603375723,0.559968489
-0.331299727,-0.161392719,-0.990616966,0.6559362248586013
1.9163533589754003,0.053071534,-0.700125256,3.0022455549598965
1.8529056148547187,1.7218024927439068,-1.410775653,7.315688865153864
0.018607774590620338,-0.082935052,-0.652040456,-0.210979432
-0.133260233,-0.379454908,0.6170955523243423,-0.273985932
-0.445345217,1.145296658302411,0.3978942159251324,1.3524435105900838
-2.061322476,-0.498639329,0.8600428798768195,-5.380761191
0.7719950717885893,0.6811282337133027,0.5958277608376948,0.9503150065458974
0.5908153068297088,1.2947653766556266,-0.194364426,1.9676422979696593
-0.314576293,-0.151685761,2.6740636063086862,-1.478625406
0.19546200254706464,-0.063101314,-0.420304716,0.5076955178524535
0.90230423,0.7021257778987904,-0.046696528,3.3436175930352037
1.6068418367352486,-1.341843481,-0.639829999,-1.110303562
-2.064089504,0.4554824708753824,-0.761838617,-1.472947768
1.4313450854517484,1.8639030138910113,-0.145806062,4.337179608008558
-0.142779363,0.7173858296839937,0.5588597194657848,-0.279016354
-0.641136371,-1.043007812,0.8084055915550676,-3.290996225
-0.191682168,0.082241182,2.462465638237759,-1.13122199
-1.218354415,-0.049433495,-0.099234526,-2.721695957
1.7000690199915343,2.123923309756462,-0.192087032,5.289565672270635
-0.329940293,-0.546314605,-1.026387384,-0.366661855
0.20782336869508167,1.4396746819577917,0.0553599,1.138911611514453
0.8100481273920571,0.5172835817920247,0.5236456215071325,1.9837010830109918
-0.152806374,0.067329218,-1.180239166,-0.940910922
-1.528978597,-0.12727126,-0.08827059,-2.086941263
0.7230378454105424,1.9296931468124963,-0.830379904,3.8708266055418523
0.1864754321172834,0.097278159,0.7820215220776722,-0.119741105
0.46214683519242294,0.5169269447329079,0.8377236916477925,1.842127679664177
0.6231547355377778,0.33745562722689687,-0.527127826,0.1990674995472168
0.10615803894644865,-0.343762379,0.6200841629410082,0.3228712707191851
-0.614355493,-0.368398615,-0.669055133,1.3184267263793186
-0.955176321,-0.560930607,-1.84301778,-0.201473045
-2.155428892,-0.92932255,-0.25231443,-3.950065528
0.5016514285643598,1.4945969435903712,0.9367826732403626,1.334319812300007
-0.297716265,0.30058099180444336,0.21003229586774047,0.5281872125989233
0.613201234,-0.343526437,-0.225279496,0.8409915474342166
-1.694215334,-0.412663704,0.30149601999363773,-1.38012798
-0.015574492,-0.597854442,0.27604654003785345,-2.232087461
-1.200285246,-1.591631344,0.9586205925022797,-1.743887685
-0.529893387,0.3579008204212902,-0.351779674,-0.049489902
-0.707378851,-0.171105069,-1.107483585,-0.908332604
-0.135752246,0.1531897124674262,-0.774224013,-0.658070682
0.8704458149706631,1.3100859299771535,0.9703485439673908,2.6561552304172356
-1.47196527,-0.205613422,0.2853659011457075,-3.599885804
0.9291931471088097,0.7329037922849305,1.0550814095933743,2.2648499900750596
-1.180078271,-0.839171845,0.8593323712412685,-1.560655018
-0.964366445,-0.012455563,-0.240395979,-2.776768479
1.0803696454732188,-0.052175537,0.18985153035744065,1.2425250313879805
0.39791938249759273,-0.338462638,-0.310827633,0.7433236242491139
-2.249674554,-0.190700133,1.8485313872956965,-3.573551049
-0.439837678,-0.054094061,-0.455185739,1.1544572118165122
2.677596364488701,2.2741976826492043,-0.486869361,9.331529827458546
-0.615024735,-0.144889019,1.285444528067292,-1.107846748
0.28250895321822367,-0.414011008,-0.280380508,-0.214480146
-1.228279372,-0.471872644,-0.620723136,-1.616580571
0.32426201948292294,0.31662954200150745,0.7114830408731725,1.6874991224384344
0.088175913,-0.616725381,-0.525388749,-1.457350004
-2.839172179,-1.426203287,-0.88457229,-1.554617736
0.7844967166192758,-1.454090386,0.3436887338852633,-1.101325672
-1.842525733,-1.522430023,0.13943312847536685,-3.611124945
0.4310487862931538,-0.149075789,0.6516970431933798,0.13867875652854028
0.020112953,0.4161801847156455,0.16080386427019583,-0.480844622
-1.393656524,-0.741057537,-0.304941389,-0.948860266
2.55412104,-0.637840902,1.3821214739370373,-0.114504958
-1.199404346,-0.960234537,1.4812303492871155,-3.884019767
1.1899566363239946,0.063158753,1.2419913265317917,3.034817834241557
-0.632894502,-0.77503934,-0.222941118,-1.665978612
0.7016423783773963,0.9627431797760286,0.056364199576078564,1.282295225029409
0.081282151,-1.918404885,0.29939499436518136,-3.086181404
0.21152099947530495,0.3294728343331921,0.18606519340066335,-0.600400951
-0.148542712,0.617904857,-1.05826519,1.0156928666313692
-1.220901392,-0.921597868,0.268617866,-4.765986571
1.5062569717196657,0.9869746564685482,-0.45160479,3.093020355340856
-1.183915828,-0.962386529,-1.637826191,-1.362892807
0.14146961290678975,0.2834423027103315,-0.954008754,0.6883180918124665
-0.160270026,0.6204412984643798,0.6669790338552829,0.4018920812595572
0.15889325517295405,-1.071525825,-0.804180701,-0.783689288
2.220417036414615,0.19819154062062225,0.7350517446014843,3.0993973252754645
1.6824702192132446,1.7752541360748146,-0.690235537,7.439712698683705
-1.096059344,0.16495283285441661,-0.159495264,-2.100893808
0.6380509245024238,-0.55712874,-0.110723988,0.232975768
0.3221312110421869,-0.162072232,-0.95148602,0.033066227
-0.14434143,1.2370151097476985,1.2163312881731707,-0.190975699
-0.303703493,-0.890319895,-0.038932779,-3.382599471
-2.023605752,-2.042352354,1.0988596256078402,-4.419696547
0.7457859702033678,0.18716409576359855,0.1331122309899576,1.5072157168972407
-2.763830811,-1.190075094,0.3272405430846139,-4.507058488
0.4621440941041367,-0.20757992,-0.58051978,-0.687160598
-0.761967898,-0.687032976,-0.885509294,-1.086045023
1.207947436451154,1.263889151536503,-0.629752298,3.5641626561166446
0.016055429405780364,0.45472048791491726,-0.840608519,1.1745467522087494
0.24382199251007153,1.4789850919903744,-0.208727517,2.7499851389221166
-1.466144181,-0.998091031,-0.612784659,-4.016484987
0.008048546,0.3946267769225833,-0.494144996,2.646458552421255
1.446526484423257,1.3766268429227195,0.15590748214674624,7.119409193164207
0.7044537277748115,0.2700648994814016,0.03432921,2.878162802529547
-1.301232453,-0.407860901,-0.786746352,-1.42868027
-0.902574967,-0.038022581,0.4790279072754354,-1.96766553
0.37590539809458745,1.7446611837054649,0.7178265173591979,2.590525797779242
0.5133698850665849,-0.266835553,-0.946277946,1.6028605428530796
0.41740760143805067,-0.202493271,1.1008350122960817,0.3175775176667583
-0.166363173,0.29003417329123615,-0.688819933,1.1517607230509455
-0.707394299,0.060911007,0.9111960672338516,0.060743694
1.1516932001484717,-0.200154576,-1.737466696,0.33392360614852357
-1.311649487,-0.193614966,0.7965408322875145,-3.225122415
0.6778979137005664,0.003377166,2.0988543089852643,-0.453460407
-0.472035511,-0.373613746,-0.152485096,-1.806315677
-1.423144325,-0.605660126,-0.566495464,-2.272415617
-0.440110921,-0.82307028,1.3174380941939356,-4.031816344
2.9321450456704143,0.9632697112762901,0.44550154295298994,7.449237697553037
-0.693083324,-0.189060991,-0.769234834,-0.986668559
-0.719231185,-0.042801638,0.090688952,-1.340739328
-0.525724258,-1.28283951,-0.921506401,-1.156449257
-0.470602318,-0.35058059,1.4975417815649068,-1.185360437
1.1523993952412148,0.009986938,-1.083146632,1.6024967795346994
-1.159873589,-1.198586939,1.3289925505443678,-3.209368312
-0.292562052,0.6712467608786385,0.6270524197791275,0.8336149321549191
0.11583486004666732,-0.748852493,-0.099300497,-0.174002639
1.9610887551772076,0.5021498241001856,0.7283487027152447,3.9513991978062273
-0.242768991,-0.178896973,-1.472452139,1.439992629578011
-1.680791152,-0.314079685,1.239317119756848,-1.855790305
0.5020720295596977,-0.254531047,0.33943680404654436,-0.775345003
0.9973708734785617,-0.128502187,1.5726565009062614,1.6437539896039026
2.1741581393740015,0.9898881942924916,0.5836137491339621,5.221375553303738
-0.409080896,1.393899632431874,0.4850600827595093,2.121549102814895
-0.513915938,0.5111335944526846,0.7116724045307607,-1.330293318
-1.105344324,0.069828377,1.4369917051174277,-1.632083526
-0.492424674,0.11546621076153027,0.16025835406468558,-0.739033151
-1.01791231,-1.426835096,0.15193080073571993,-1.778059367
-1.407487623,-1.690588563,0.2563291889963359,-3.26654614
-0.039391133,0.03613103,-0.127904348,-0.838746019
-2.959901033,-0.286741036,-1.185820449,-3.194123608
0.19002453204617276,-0.184747486,-0.450630563,1.9881315826894281
0.5711927116439172,-0.560661802,0.19390935389756436,1.7461914866772854
-2.975492044,-2.080625146,0.7426314611448601,-4.207632603
-2.355175018,-1.188690027,0.8874476867549892,-4.104616787
0.4647881436408232,0.48045819482772617,-1.037912142,0.7380141276793684
0.8908577239673432,1.2848894099923025,-0.472060557,3.6729144288458535
-1.300418974,-1.498333202,0.16683781745203136,-2.588003981
-1.724018934,-1.564725463,1.1993394231952004,-3.73902557
0.8633242866201268,1.0382748072930923,-0.228714736,0.3188699596767752
-2.751279615,-2.00073278,-1.038133746,-5.032460143
-2.489611304,-0.71363155,0.049747813,-2.272800422
-0.197668891,-0.046276292,-0.674154779,0.4404584905777581
-2.124364526,-0.607043786,0.3416281648411463,-2.584756605
-0.450515737,0.2711889918591156,0.8643154256283748,-1.448577502
-1.974067826,-0.593542236,0.6499734168014577,-3.220425785
0.6889908650952442,0.35718690996991437,-1.330970244,2.9661381523924994
3.025660043755454,1.3955837988179631,0.6079802131241979,7.575798639233877
-2.009562704,-0.992036197,-1.702100186,-2.334528672
-1.109726191,-0.574911513,-0.198353814,-2.351522153
-1.137236472,0.20829930391345003,0.8377312434632104,-2.82678798
1.5510472598998006,-0.097540244,-0.068132349,2.3504685747288367
0.452194911,0.7399383303395455,0.6499375684926192,0.3591589843418831
0.47346441370183956,-0.824888792,0.2580700382047868,-2.90723937
2.530126197372104,0.36487510416909374,0.7884743140083403,5.623007825613282
-0.055446389,-0.597991775,1.4081074534329772,-4.620109357
-0.453833187,-0.045559137,-0.420872143,-1.074585865
-1.066175736,-0.24024953,0.07032211,-1.802060205
-2.187220189,-1.352964982,-0.203240917,-3.569016889
2.8252404268734885,1.5167842680670285,-0.40644628,6.623617482845466
0.29382579908041045,-0.362260703,-0.053670393,-1.031173608
-1.016919398,-0.456678657,1.070296143571383,0.1824907915745233
1.3449877652723856,1.0937451062924939,0.4443852575808443,3.5213879639338708
-1.086342629,-0.628543834,0.043887322,-2.430104345
0.2385920345944578,0.049648386948211685,-0.757628462,2.501834394748065
-0.78279166,1.0330351505279376,-1.95924072,-0.163765646
0.3575727332454486,2.6174291206260527,0.16995539125318535,3.982012527835562
-1.728074822,0.21911222204010364,-0.008496182,-1.904284671
0.5926349336961226,-0.823805846,0.09656299,-0.193528716
-0.423597193,1.1885900317203693,0.6234817303942505,-0.16250593
-0.387834773,-1.079819551,-1.908951925,0.8928209462295035
-1.1560742,-0.071656011,1.6100920418069988,0.11477898014772903
0.9320438437917121,0.48257226185744273,0.5399889113217213,2.472345731691354
-1.443821166,-0.282138162,0.7297261309382921,-2.915414255
-1.479040593,-0.784638754,0.6306830331669697,-2.198061937
1.869941806247337,0.8603482547107928,-0.371524339,4.108737818049864
-1.598836766,0.2563546822992587,-0.828728519,-1.544969631
-0.970025356,-0.047992433,1.710348321193582,-2.339805329
1.0606818492835859,0.5963842301623132,0.8969982695846188,0.9540726137809157
-1.278974035,-0.341620546,0.22438566863000256,-1.428307225
0.9102141196344431,0.3059709330975668,0.41219456140948757,1.4735714887488527
0.8407706715394334,-1.161985041,-1.102403886,0.5242042270357321
-1.198931584,-1.008359415,1.8308848456701332,-3.114229808
0.5439544930044278,0.128547319,1.6909475369052973,1.681817832529489
-2.189227428,-1.108284276,-0.723469183,-3.291299191
-1.222639953,-0.718015883,0.5617541097259312,-3.758602002
-0.787347178,-1.05933122,0.16660663510717474,-1.447554522
-0.440922599,-0.032538754,0.6876928063388218,-1.357799981
0.8282289749733602,1.514302973998175,1.3691679846501008,1.3058767318346187
0.069165817,-0.192295921,-0.194619762,-0.837584194
1.2611752654554989,0.057477655,0.4027477804461468,1.4998001791688012
0.7171298264262577,-0.350698716,-1.133899649,0.292722627
-0.419372903,-0.437474942,1.3315657036086084,-0.102112234
0.6948172073491601,0.44927680426183014,0.9151584968491824,0.15819141254251767
2.919750896506148,2.3300666866689186,0.062140463,10.968396578646239
-0.763101302,-0.202787584,2.5408327057216873,-3.744595569
1.1152559776005122,1.508337484812098,0.036977857,5.4249594158520225
1.3726782543254699,1.6826950113373258,-0.215677077,6.064737023887337
0.7304561883726511,0.2377512842483757,0.23593192438939398,0.26130562380553857
-4.657013274,-2.612941923,-0.369514456,-2.723130362
0.174891064,-0.585129608,-1.672870258,1.2323483783365472
0.1766887881031355,0.035453883,-0.304201398,0.5792174659791319
1.9562280135935457,0.9783418677484835,0.2785172661885379,6.135624879153952
-0.276838029,0.3802914026900411,-1.235738385,-0.874811823
-2.49112508,-0.644615302,-0.354204698,-2.380578354
-0.52896859,-1.079921795,0.9723858265139077,-3.157801868
0.12449431416408929,-0.53119748,0.012326741087049042,-1.085381636
0.4575662309833515,-0.960239261,1.7905430582371475,-1.139687276
1.0700052854037878,0.3451613224569928,-0.842906251,2.403302879415139
-0.094405658,0.3102636628727423,-0.656047678,2.163850167696655
1.4594122364684652,1.2493717475367696,-0.12745305,3.7898342848561377
-1.202892211,0.5791378913713879,-0.247974457,-2.400177538
-1.967458077,-0.602786841,-0.678169593,-2.325992962
1.1569220799931759,0.5683621588678693,-1.946331589,3.9811419571487625
-1.788571479,-0.300138285,-1.108772363,-0.807830883
-0.987179544,-1.149276393,-0.309880733,-1.113448582
0.19549731335338372,0.4375241675251951,2.102064080468324,-1.162427339
-1.498304736,0.31593740123148795,-1.296781704,0.08959283
-0.516119517,-1.385097379,-1.725560454,-0.857732436
-0.875966756,-0.573898494,0.022017033952602842,-0.550990688
1.4322134828061328,2.281466379474187,1.9738359135224848,4.2732833870825875
0.1889863614827626,-0.593769469,0.6449623250339379,0.42293602521129936
1.6643654192815605,1.0609440333044375,0.20252325589477407,4.9535130297701375
-1.15688437,-0.240261427,-0.220305176,-1.667107612
0.93655316,1.453813285616145,0.8815478390622729,3.728673787532789
-0.9873011,-0.288468596,1.5715622070207693,-2.676874528
-2.792069222,-1.645266065,0.5515083848068837,-3.625106029
1.2371624037785214,0.2479947077094301,-0.321937307,2.942291786368216
0.37873405670258936,0.7551997361478217,-0.034720109,2.579157402602179
0.9489596459361482,1.2634687897092354,0.6657084059751488,3.9564938666534157
-0.857509154,-0.823571137,-0.302938404,-1.614441723
1.6237631079416799,0.9948313936314753,0.32996332179166565,3.3951343906437716
1.6161550397875213,0.094205925,-0.703617075,2.4797014584112604
1.2963610759183881,-0.787300965,-0.687887075,0.24208387854436897
-0.128685432,0.22321112734872744,1.257682362,-1.376090207
0.40696381933556647,-0.787606338,0.15309765338572542,-0.602827764
-0.721111229,0.06753458,-0.086093061,-2.41438602
-1.199268212,-0.895352851,-0.907279962,-0.578526693
1.8254974102131272,1.3773424827602367,-1.09963276,7.214044611070117
-0.957094278,-0.237909968,0.8052119090568297,-1.786553997
0.8733873535895069,0.3759700095600518,1.6877397242031336,0.7973512774194571
-1.272193448,-0.8209953,-0.053062515,-3.477125921
0.7900834773562178,-0.103416737,0.2147709024358691,2.2202931260031793
-1.04779605,-0.915982912,-0.401116967,-2.547160229
1.4364143094406783,0.9493984072400542,0.093420824,3.271944937415931
2.6134825573720972,0.492187356,-1.56488257,6.094797461537119
2.6866560259197674,1.2077713790527247,0.3585910865343131,5.7103395277287365
-1.538387375,-2.06209241,-0.580382629,-4.089519131
0.7248060079049379,-0.436105749,-0.204514052,1.9248150939675917
-0.218569989,-0.574330851,1.488502034439365,-2.272556959
-0.833239444,0.5347565673920639,-0.549135514,-2.317564361
-1.343941474,0.30298043455144347,-1.033415197,0.27706823075031317
0.3143014276749633,0.099520163,2.8080770960292996,-1.240448553
1.003979621262695,0.9997690619413566,0.5243977150410304,3.2326902537580793
0.6828613036101974,0.18248392391903268,-0.598707937,1.5719761489023805
1.8642404800840837,0.3478273705007483,0.965155804,3.406015314769739
-0.345597406,0.6594480581211641,1.4278693476568258,-1.276684139
1.39431791,0.6198973760404635,0.9860716126175633,3.324111743591615
-2.31604097,-1.262383774,-0.301930909,-2.990736118
1.435731606775848,1.204606099195813,-1.873499918,3.9565514016628045
1.0810571034948186,-0.138525441,-0.907694493,1.8792916875777579
1.626373496802878,1.1381042988991839,-0.852904206,6.047263793076221
-0.17972964,-0.23435617,1.3703858208323005,0.49995809350793663
-1.155622699,0.4521892506679628,-0.836861086,0.4071029244140125
-1.540109434,-1.070516307,-1.125263076,-1.603368993
0.085292138,0.6271707176011043,-0.315740412,-0.466424341
-0.354920119,-0.44569611,-0.742448251,0.6744001597994048
-0.405566795,-0.174857873,-0.670699674,0.5486226538429573
0.4688007079184362,0.9440840041371791,0.2805231158064603,1.6769124032672214
-0.392055073,-0.621883705,-0.050905233,-0.385927285
-0.818493854,-0.775350401,-1.584512443,-1.554771002
0.6559186509955331,0.069676668,-0.636011102,0.8412575920494025
-2.61706031,-0.80630572,-0.678029101,-4.179609637
-0.565024403,-0.557681957,-0.032512461,-1.436452907
-1.15853777,-0.695025652,-2.579982165,-1.197728299
0.6757653928329042,0.38789150335725064,-0.036341137,2.2764287343652336
-1.653980465,-0.855112577,0.7019501131614223,-2.347711737
-1.02247622,0.6362312388186744,-0.952376585,0.43703643450210433
0.11392737749588183,-0.289695406,-0.236668832,-3.075553081
1.0447778539820196,0.9521969899475026,1.8737766882807827,1.3782243847634887
1.8721672585584521,0.39257265414354786,0.25345807161797385,2.969053419871046
-0.073269363,-0.276119692,-0.00116475,-1.592773867
0.6676147370089021,-0.133929676,0.002096203,0.15991305486285368
2.381601442547866,1.0086333840224238,-0.362247002,5.020291362184455
-1.475804654,0.3130657363733212,-1.474923871,-1.357776987
1.6753256478198555,1.3051896588046341,-0.235373918,4.856356566195167
1.685723710356438,0.6670089516805879,0.082699307,2.9590542200745857
-0.067433546,0.5464454551837861,1.7976212023515485,-0.751053732
-1.893288473,-1.231679027,0.38327722319969804,-4.005102986
-0.454561226,-0.165708425,-1.718455914,1.7817333959123476
-1.954032118,-1.187676408,-0.514654358,-5.050106399
0.9424966820509344,-0.212659389,-1.440545834,3.408709667507873
0.2651225587188717,1.3558154473951218,-1.822838862,2.9986158243804555
0.4524010219916262,0.949067418,0.24021808118172383,4.800015746906984
0.2739782602611244,-0.249884521,0.044423987,-0.781602192
1.5457066431004067,1.7710677974082274,-0.373766803,4.697173255
0.771437742,1.5690602500872088,-0.893240895,4.004873695839445
-1.846664442,-1.043417856,-1.262173302,-4.041295341
0.7269439187166014,0.5715751736235554,-0.261253614,2.488092079490845
1.749304528205447,-0.045336363,-0.243226884,2.712560794883036
0.5003375593421333,-0.544091531,0.1784822696719061,0.8557817834269184
-0.462153981,0.6458105252324129,-0.409172498,0.4522554069081357
-1.035482783,-0.490338829,-0.375421643,-2.629813289
-1.353469092,-0.771605747,0.3516669260913518,-1.525280184
3.150039565635839,2.1136680902538965,-0.246521811,8.858702396793014
-3.391220419,-1.468471584,0.577098472,-5.361459345
0.9342651168669045,-0.153966677,-0.3412845,1.2805149701409442
0.1589433158233125,-0.40337685,-0.825484501,-0.049798466
-0.084556148,-0.888893702,1.9093940453277334,-2.863418375
-0.304283063,0.5535287992891077,-0.312778356,0.5288826492386097
1.4385758232348809,0.7864290836995182,0.8750891303520717,0.8905777691178929
-1.55725072,-0.475923497,-0.094696584,-2.125323763
0.515169915,-0.010470758,-1.20476269,2.1209432890738373
-0.177472413,-0.058789694,0.14202738728940656,0.5986715068671996
1.8082568255276976,1.5770994303002774,0.3154204955369303,4.751590920965786
1.477566093752841,0.7692034382365823,0.6033694852306185,2.492312224174545
1.059121196999102,1.6158087913032064,-0.745154049,4.111237627996328
1.0049967032248683,0.8726750666255167,1.9452806013582424,1.940400038972308
0.6590359341382228,0.1639380712301831,-1.07417394,1.4029292464591743
-1.479363984,-0.449529203,2.781829594994311,-4.449175252
0.24379826062134013,-0.287098538,0.21218603746529596,1.3257699355700356
-1.061708552,-0.760396017,0.5208012013570837,-3.435024201
0.305740112,-0.518605201,0.9139807461710262,-1.656197374
-0.136753518,-0.356767641,1.5035456712723938,-0.500857357
2.0560737691506135,1.9449458468046106,-0.519456109,8.025345403
1.2124727646876479,0.9355690423469378,1.129175051409171,2.58385944
0.8107622240353655,0.097778314,0.13196425093901407,1.8554527878595624
-2.153457631,-1.96827759,-1.295454805,-4.310376304
0.2127809817587113,0.079709505,0.9843411656772553,1.7312126897592899
-2.379046379,-0.945737232,-1.663598531,-1.702259031
0.5395211740407293,0.3934962583920653,-0.1690787,2.491706661394132
0.8828581188615132,0.8463839712006652,-0.677290473,1.7747581409358792
1.916005008470564,1.4659318011722677,0.15755808132070734,5.081115186273378
-1.842497637,-1.563726292,-0.552876368,-2.347189076
2.971424699749111,0.7354743480099015,-0.083767562,6.853004406698773
-2.525360339,-1.702591729,-0.743020062,-2.029046266
-3.165027976,-1.365306402,0.8807690055392156,-4.65010038
-0.563821858,-0.258728741,2.104143325211983,-2.140881877
-1.662417842,-0.740433216,1.035012595342083,-3.014413647
-2.475350988,-1.758837677,-1.488686111,-2.540549324
1.3937180166973144,1.6710037811487375,-1.862816334,6.126173247267417
1.1848991306908219,0.7132102721552178,1.9814525610690852,1.667831675594772
-1.094863775,-0.596343017,0.7369098530634679,-1.610202369
1.2317961174534935,-0.051670655,1.244421579335186,1.0422247043545376
1.3805282085374586,-0.559476405,-0.216528196,4.0353382292971585
1.776402784853792,1.8959490587649155,-0.550993393,7.085922443059056
-1.196641164,0.36146620575997107,1.111349139,-2.060909198
-0.750707271,-0.615926343,-0.191224249,-0.629794528
0.8527001266603975,-0.288319975,-0.606315633,1.2848632019712507
-0.880210642,-0.104797088,1.1873375569384534,-3.777287189
1.8745691639275788,0.29639070936645223,-1.858563043,3.3316003202172606
-0.700534919,0.9339937578052259,-0.786457261,-1.531188781
1.0347647092459318,0.5610998149149107,-0.212431361,4.149991645193276
0.7494103470179123,0.4472612245526124,-0.977662166,3.5872202738321546
-1.551463371,-0.495231891,-0.690604971,-3.169640461
1.3258271562420754,-0.205181058,-0.190223471,2.006553066411632
-0.270752104,-0.373225754,-0.795006379,0.11442303794068426
-0.123358586,-0.906479668,-0.399114216,0.31812238846340346
0.36462790427577674,-0.746402095,-0.193211793,-0.524887723
0.18170933354592278,1.6372421368018162,-0.448101108,2.7237623401131206
-0.024336199,0.6866316432440409,-2.125877041,3.3984284342926157
2.0104382659025433,0.9683441242555281,-1.270378295,4.372112626626009
-0.036980315,-1.171799544,0.4995674208450779,-1.562870088
-2.835350998,-2.12394772,-0.320042004,-2.947374058
-0.929822802,-0.491501861,0.4530879808230004,-1.928291402
0.5358689485912056,-0.058651108,0.848655243,-0.373675984
3.001965820886697,2.975444427964526,-0.562364019,13.161718377929583
0.45841569022673223,-0.590950255,-1.396024171,0.927105482
-1.447507571,-1.418236195,-0.981284577,-2.27890588
-0.049648553,0.5484026467537604,0.21575922842995565,-0.085189524
0.9432069787126174,-1.284013538,0.7278911881682099,-1.949426918
1.4481675559220444,0.9634294766989643,0.8619713015034974,2.658156747232289
0.8881110439035917,0.6856317424087485,-1.972712612,4.0323192445187654
-1.227223597,-0.008487389,1.4656978831420777,-1.882879361
-2.066692355,-1.040754093,-1.86395535,-1.990429342
-1.176923687,-0.833754881,0.2281779056492069,-1.852476275
-2.340889414,-0.425359672,0.4282117712619001,-3.435517739
-0.934593993,0.15089486833172253,-0.289264972,-0.412698052
-1.080445356,-1.1330056,0.08370381,-2.713099262
-0.373197481,-1.224579109,0.17346920556005815,-2.302526719
0.4578577906227518,-0.526330939,-0.267486842,-0.374429358
-0.478734389,0.2048592788922601,0.23274918031533418,-0.249530525
0.7665462876644791,0.12409351628019141,-1.795629826,2.3387660253784395
1.0738595684058074,1.2763301966716427,0.3586626757244453,3.6088836530667154
1.3461675058507971,0.47775076,-0.398653251,1.1645934708947647
1.1725489006724346,0.3407142638783323,-1.101970544,3.0267898546883347
0.23964771189730175,0.069267502,-0.458610499,0.9878433141480976
1.6935648155415195,0.7244395363670876,-0.125274477,2.9256188109294654
0.5576719363175925,0.6692596164143575,-0.320723082,2.0088624428809845
-2.144236159,-0.554835731,1.3199680051274658,-5.644830355
0.3687710344461022,-0.289373613,-0.55632202,-0.418147532
1.5154117501372522,1.146801108204616,1.344002707629979,4.544125460630842
-0.150850064,1.2545878365318235,0.5624328955706173,1.060085661017958
-2.559105035,-1.632790771,0.4569917199371014,-2.541021427
-2.283716874,-1.079516506,-0.2835734,-3.623200202
-0.099926932,1.322182796674926,-0.942588308,2.6334217006038863
-0.244037611,-1.829446707,-0.530151467,-3.498836422
1.6462098728548087,1.2667721190898718,-2.82900526,7.663388675230291
2.0993652943686234,0.6269002573725193,-0.063363852,4.800374983384331
0.7617205487819896,-0.399272876,-1.29024869,2.898486474685835
0.093909581,-0.276071132,0.6733312138798941,0.1202234897565676
-0.375621956,-1.285814495,-0.694457098,-1.825259638
-4.3036796,-1.416931058,0.46138602613848156,-5.311612317
-1.99970703,-1.992820535,0.49769049129539067,-2.183581813
-0.434636967,-0.397800658,0.4164147132847887,-3.233437012
0.9095229008666071,0.15281001289948518,1.5704294054907026,0.3884972477893551
-1.100823653,-0.633837593,-0.080168206,-1.996766486
0.7480401640338636,-0.589523664,0.4280580355602724,0.002273395
0.8841464545359765,-0.107019795,-0.325519809,0.6630841595764623
-1.046328103,-1.197284915,-0.040423325,-2.418526743
1.1874461274123909,1.4404565156041413,-0.253564509,5.582340600040457
-0.500122766,-1.131737468,-0.320887787,-2.231202715
-1.192993254,-0.168451895,1.021461027676785,-3.768201652
3.498935712,1.6427419595290595,0.638013646,9.665466279
1.7940517414548536,0.7273569740627985,-1.228923663,4.515248601
1.2618748082049216,0.9623181360758362,0.4473135431952437,3.041733632
1.487686237147903,-0.251494557,0.6146627950300285,2.2932719037123093
-1.499461537,0.23048405737353353,-0.481176824,-1.961419714
1.4785456425701229,-1.154382178,-0.916020378,1.555624938459505
-0.362088367,-0.876769589,0.7002347973432265,-2.127230857
1.6203276328054053,1.3422113219395488,-2.291121987,4.9320897556290735
-2.321794637,-0.070275537,0.13165040532978564,-4.552019933
0.5649577172332199,-0.386493305,1.142214928877761,0.5586243935236938
2.634843429779925,1.9427435195820884,2.156160045779588,6.8506762454027035
1.3285402654158602,0.10334321051769206,0.684839447,2.629693478267789
3.864654001542723,2.3254172022230506,-0.659768356,12.842832158832362
-0.952238851,-1.447408587,-0.989935484,-2.441134157
3.431606931469157,2.324231893494895,-0.860966114,10.919653295357401
0.8568138644390628,-0.769159127,-0.87882435,-0.640584262
1.2955048591881082,1.201287483855154,0.3108308867125131,2.222241047084594
0.043410977788479965,-0.371380067,-1.184703878,-0.92696428
-0.010700152,0.1582083771956778,-0.593153626,1.3749093838214654
3.3397051038208967,1.5061561211470889,-0.283829017,9.588037903411879
2.234197355383062,0.9562877049921662,1.3846123832144281,6.094182363
-1.866622688,-2.247814852,0.320925685,-2.406562652
0.6454488136606242,0.4927582274862311,0.42698941490167985,2.024010026135392
-1.066729915,0.8047468288049388,0.7816223871942511,-0.218627154
0.06225841,0.7781407420041386,0.8383224987402672,-0.53493476
0.7227716101485647,0.21085883116872142,0.013069709001086612,1.2218299321599018
0.4367899296452391,-0.987988946,0.9291731272049988,-1.823554254
-0.916822736,0.2729870109211791,0.17893505906927998,-2.389206107
-3.285680274,-2.911947183,-0.5426442,-2.4333414
-1.159935936,-1.405223829,0.4554056952518802,-1.854572028
0.039170482,0.8489388474994372,0.1403056439147641,1.8806283760443172
-0.510428917,-0.328093667,-1.461693017,0.5030837812722042
1.332258122,-0.191407927,1.194920126124357,0.6381271194997663
-0.088832733,0.6018448852738206,1.4676891417738223,1.0791819356062091
0.5651557379456837,0.20200412575461232,0.6457754033858871,1.048934760713762
-1.359953803,-1.241910115,-0.58565596,-1.794491122
-0.002757456,1.2201837145414027,-0.095936068,1.8915714091213054
0.48899948326300974,0.8572564301062326,1.097514352647163,0.9766877050254521
3.016909815106531,1.6857529771343192,1.6483019770472358,6.965041505794993
-1.350221643,0.40742521201926457,1.0220242697976376,-2.49969928
0.11430406885737177,0.6303165575361647,-0.818202414,0.8298539379771296
-3.07588101,-1.401407121,0.08936621,-5.151507173
-3.005380699,-0.930542584,0.8762785397498511,-4.103398004
-0.063494484,0.14838709060349836,-1.809379494,1.2313861137904345
-1.316638461,-0.325867042,0.6199278051193362,-1.637542677
1.6538795187026056,-0.526381175,0.2674047418816337,2.404378862353751
0.085147257,0.5530890041079223,1.1354864559565248,0.39173077520534194
-2.012270197,0.002540165,-0.798754165,-1.864441707
0.24700039526390288,0.6280778354189182,-0.453796062,0.9501419585638609
-0.212457853,-0.745373714,-1.907778443,-0.226422228
-1.471845547,0.6808080685264124,0.7380245048502735,-2.665489934
-3.014006134,-1.046120026,-0.280516905,-2.036705823
0.9737040461160621,-0.654288195,0.989206956,-2.8547476
-0.062147591,0.608180366,1.2300572110092947,1.3694740677649195
-0.810375208,-0.885851589,1.5037815322564492,-3.51977794
1.3451789486384147,-0.541964908,-0.076968581,1.4929427538474414
-0.429364022,-0.637135704,0.32951716330949876,-0.059202977
-1.651615754,-1.090678916,0.7206906112991256,-3.308038112
1.3757834280447525,0.045290783,0.1448012979992478,2.2302551733857183
-0.446044503,-0.410763633,-2.152704442,0.4465378142083949
-0.401040396,0.3000163088002795,0.8217095646628119,-0.898389185
1.2804075478355919,0.7516161288739002,-0.685323693,2.161041494386658
-0.232947102,-0.613425942,1.5657092001217463,-1.933652081
-1.242578224,-0.769112762,-1.217021884,-2.280823384
-0.259904558,-0.645076601,-1.443788633,0.5396506321462244
0.692098974,0.6004300716117084,0.507236661,3.0447848371527897
0.6145056144385292,1.1604130598467834,-1.603281673,4.747781097360433
0.91506602,0.10285212072074434,-1.300414744,2.746445489074436
-1.184947047,-0.726546706,0.5342219590936654,-2.00594969
-0.674406767,0.094493488,-0.308023364,-0.482429536
0.7758340366454716,-0.016253619,-0.338268069,1.4452168917725423
-0.272742877,0.23271687125526305,-0.122002877,-0.398783521
-0.170839065,1.0490519130413205,-0.528426099,1.5094250043879576
0.6731112459613922,0.6739975198081848,0.027058904,1.184513637
-1.763541125,-0.729874648,-0.645683986,-3.735472384
0.19301179041893962,0.19612272054292343,-0.119891707,0.3458305507800147
-1.214175131,-1.430930717,1.519150066626155,-1.507054567
1.4118497186836192,1.2213196185197852,0.33492508520884257,4.4261616269652375
-1.638042892,-0.990921064,-0.227391951,-2.478362355
-1.673847686,-1.647030707,1.024472201362805,-4.273887675
-0.805931744,-1.102505019,0.8328924974091036,-3.772251379
0.23190687609144323,-0.857074445,-1.058689692,0.4444735771193882
-0.606105867,0.5136167352196274,-0.022718999,-0.555875293
1.9527924357772202,0.7412382661753826,-0.0431555,4.539680914083777
1.0253887754789488,0.042603456,0.7306673071187518,1.2832438652715261
0.6017205754396968,-0.828637848,0.4340996093023244,0.42095971795607634
0.5510603683221302,0.3782623701384361,-0.784363854,1.3378296002685939
-1.552181553,-1.57502338,-0.073486734,-3.633299678
0.9424519760303625,0.073995769,-0.665451732,1.0428979038337907
2.939473725226822,1.4298327191469884,-2.280928963,8.247668110534018
1.3538413045079096,-0.583089739,-0.146930423,0.3016703985150302
0.9190172101075421,0.7383597480108783,-0.55902454,2.993150403655708
-0.036893267,0.8077224286980346,-0.716888262,0.6575023271181575
0.5673807254440408,0.33146229668969474,-0.745476185,2.4523826214496736
-1.290731187,-0.031375316,0.035478748,-1.048674785
0.8983033309511089,0.016917852861513625,-0.335264163,2.247535334139022
-2.259845869,-1.13963531,-0.265352593,-4.192362855
-0.543884399,-0.319869964,0.006089909,-2.252174616
0.6112800029057595,1.4610563835764572,1.059814139672798,4.213216641631698
2.3278385708212435,1.9971249486471268,0.6707362006436617,7.282120868548835
0.084440947,-0.389196856,1.2939938264794764,-0.436633562
1.4276452492530811,-0.54290799,0.3861297980886404,3.001038069930291
-0.134380152,0.4213451791888333,0.6738713164640304,0.968817552
2.1791812603316965,1.1753049757601692,0.047770212726146316,4.88202972
0.4651567787829478,-0.442725516,0.8645743750740299,0.008479017
0.5574340644618194,-0.300477034,1.2560218068160285,-0.908517916
-2.797609032,-2.0438314,-1.095024291,-3.786265082
1.289077068863996,0.5345178901403115,0.15320286825172003,2.3788325837689595
1.530256132492979,0.4071719000981083,-1.300808756,4.3859003297360895
-1.072007064,0.761973552,-0.063019798,0.20327040151982412
-1.509102877,0.36614391110292677,-0.781584339,-0.929620852
-0.834349056,0.795992423,0.38944373643529134,1.4362367604031818
-0.357722541,-0.755539624,-1.818509223,-0.329295636
1.7155434139693124,1.3834922982656679,-0.199878398,4.9690415067394875
0.9771017024673784,0.6359826512221327,0.8532727571052885,2.3564404382520956
0.31225315023717526,-1.036764684,-0.502482672,-1.173119255
-0.093469187,0.1995245018854806,1.679437955798453,0.4462671382097464
0.18139978858427536,-0.387392795,0.9614621646714887,-2.067439408
2.987837488339352,2.060655177424257,0.7506644843522944,10.921131263644538
1.1808212871427755,-0.689110689,0.3247246266263656,2.5467634605907112
-0.256299334,-1.451581888,1.0318756627548284,-2.621088915
1.9097138446115367,1.803956425992096,0.2191985227857835,7.917442975578783
1.5823489478444275,0.1022654819144073,-0.465049134,4.913771671505356
-1.694509969,-1.628204601,0.37602032613564645,-2.079121504
1.692246935740068,0.10825049957832578,0.11994332263417043,1.6068776744622242
0.11372656989957969,-0.497490419,1.2853182254385964,-0.849665729
-2.432881365,-1.497888297,-0.040137256,-2.760596812
-1.286967807,0.2987537033224051,-0.402605107,-2.389327731
-1.627369911,-0.772891426,-0.54086482,-1.680257659
0.06408617,0.079446138,-1.367264405,1.2142388688236736
-0.180408555,-0.541051501,-0.131758254,-1.640419573
0.22956206363763554,-0.592930789,-2.092271626,0.12406855244408277
0.6713527555031107,0.2682264377983421,1.3139166912318208,1.3674014556894694
1.1924522558195465,1.0861284046155473,1.1703603073589983,2.208954156
1.6062140274047705,1.9866951698708533,1.8382132442309471,5.187739060932498
0.43020340320753375,-0.318748449,-0.501928775,1.878314442810814
1.4287247317183172,1.1417522243160036,0.033354254,5.5132023684450795
0.9937062241360745,0.039343991029710895,1.2768150662655968,-0.481343066
-0.729409167,-1.126473009,-0.726029985,-0.413391278
0.5715149738358059,0.9310532007663669,-0.122867643,1.5625688122073171
-0.557701463,0.6683629941229695,-0.649797683,-1.228175027
2.675525876479797,0.318573625,1.8870639562328528,4.154256075728952
-1.498752619,-1.026445208,-0.930264463,-3.159232104
-0.865856936,-0.849837513,-2.457431069,-0.678952812
1.0705838469891282,1.431684506028471,-0.719654879,5.163374652864533
0.1966337190101189,0.6389789220590634,0.8044489734860539,0.828953056
-0.227964933,-0.729312767,-0.318236179,1.2944582869781436
1.0431790718057372,-0.889081091,-1.272392232,1.6874541981251552
0.5398353772459379,-0.341486813,-0.64166524,-1.872950318
1.0115617735814009,-0.253986925,-1.073583191,0.7239797812796701
-1.072561077,-0.298093779,-0.075240001,-3.6252256
-1.856016105,-1.644695446,-0.122561741,-2.1792474
-0.712324566,0.5012101706090607,0.020535026,-0.878891306
0.669466761,-0.201268513,1.5467052308356009,0.9316867894517884
-1.273926679,-1.541317383,-2.178160193,-0.20904415
3.045186252625002,1.3393042419471557,0.9397771901839935,7.364017332871424
-0.013096964,0.949119616,0.26922450442241946,-0.095815102
2.3380979236247548,-0.032472466,-1.432736732,3.991832085640581
2.9666132933464766,1.2180372553361407,-0.709043236,6.392595843775366
-0.912722364,-0.269483415,-0.325400715,-2.277333878
1.3118693430856836,0.41828800217547135,-1.24136766,3.598470614793652
0.2272367820861747,-0.218572735,0.8059904281958885,1.3102052024044404
-1.637851178,0.5536123957141582,1.2262591253968593,-1.956611034
-0.273598395,-0.653133333,-1.262959369,-1.072638685
0.9805413381141262,0.9656534164906294,-1.790839151,4.745110204
-1.26695563,-1.206603771,-0.154139433,-2.36193804
1.5012599400208828,0.2668405525904188,-0.367964086,2.9392706663612955
0.715052462,-0.177756669,-1.175082059,1.5939955664008478
-0.195952049,1.0320604462433067,0.48750723655353645,1.2605300037345817
1.0345035360829182,0.4146581366297894,-1.675539723,2.2173393186644903
-0.468962297,-0.173572626,-0.095960848,-1.052269182
1.1302756977948734,0.14829932827219933,-1.339521507,3.3611221505278808
-1.644050834,-0.53110697,1.4863141961834452,-3.720022209
-1.134621025,-0.368938051,1.467655103666422,-2.149815656
1.7922724467304865,0.44529067381384657,-1.285139911,4.607097573691144
0.23373703844478455,0.8705123098325878,0.44632865350722906,2.224265048077032
1.3406146380212314,0.7519019269319502,0.2796155558332521,5.33950731
1.2579865699915251,1.1606113974454777,-1.065710774,6.031201633790145
1.3123234437536715,-0.860787481,-1.278547494,1.303683096453411
0.38404837891029997,0.32945749416378634,0.8348215985585117,1.6341747800344586
-2.130942232,-1.592314079,-0.427906306,-1.838617757
-1.211948924,-1.225806443,0.056978432,-2.133151905
0.6903574331781102,0.4914149140100002,-0.861772501,2.634320795064452
1.1094895821731452,0.9303688676315433,-0.292320057,4.549109350264449
-0.513023654,0.3108295634467587,0.28679401974149715,-1.423480594
-2.027892428,-0.309385441,-0.834754531,-1.193368556
2.6567670172262092,0.622315195,-2.260618338,6.672191237872683
0.18538082702404346,0.8742082583627022,0.7676575492300131,1.3735028687975546
-0.523936662,-0.591256287,-0.427316356,-0.31695358
0.8000683348993927,0.4917691663565616,-0.82808199,3.869625442673991
1.882017768161552,1.1244729723259634,-1.722228731,7.887073931051569
-0.865795927,0.1405184537218485,0.4343392211590088,-2.052554477
1.9655807936131626,0.5548414854674817,1.610124906950286,1.4992447922307988
2.120906530646237,1.257226023204683,-0.956604858,6.8106489155211385
1.0197359726483857,-0.147008547,-0.821343016,2.7668085595437875
-1.899645228,-1.731753117,1.005518436812696,-4.418130779
0.7076516473410639,-0.393004107,0.6839166522404158,0.24153443408258696
-0.860255889,0.734364738,0.28568696377192093,-2.333586406
0.23489533911763807,-0.210181528,-0.937347357,1.2786865234943001
1.449562558517414,0.6008434003362737,-1.888658218,5.690068745779612
-1.004054367,0.683600945,1.0629535074121013,-2.720464126
0.311238556,0.30164607112294856,-1.561345568,0.14518926519959963
-1.331610649,-1.240674622,-0.140723643,-0.791550208
0.7781793312993843,-0.725506202,-0.723358931,-0.523691847
0.082520659,-0.051861907,-1.771251068,1.9744981815206197
0.056345647690414946,-0.660318583,-0.410659419,-1.908758988
0.5273818020176321,1.1664600706964654,0.39413078826614084,3.2412434539634294
0.6993572567734222,-0.750498381,1.8203590855705294,-2.868111578
2.2387057175029774,1.7678673107050429,1.5333402895787842,5.827901006
1.4215273393632324,0.37791052178923523,-1.416779378,4.274533573896457
1.4460003307095857,2.387705426881385,-0.66121853,6.873717418969196
-1.274206892,0.17103772282783597,-0.638156488,-2.508099599
-3.734501745,-2.580382865,0.5143774865661394,-4.658632886
-1.770827636,-0.711124678,-0.780980308,-1.497264109
-2.403114088,-0.726415463,0.4703526154881318,-3.351840975
-0.893643112,-0.562698093,-1.169196211,-2.112188861
0.6909084139948283,0.19709676776233742,-0.08167337,2.4573886051714684
0.6901444921003455,0.029279243,0.7551107163257664,0.2607671665824765
3.002802537843632,2.630644378502277,-0.666251997,10.67834156176619
0.8766091578814662,0.28457310827105886,-0.772335179,3.7255160166425476
-0.1067738,1.0589406263531396,-0.067889597,0.4966469374016915
0.8415722426764964,0.6114374320717421,-0.813544015,1.8184580977562528
0.26504849922996243,-0.163361344,-0.037264252,0.2801215646595016
1.136879820064619,1.010648041958016,-0.829380564,3.4625562170439768
-2.599251534,-0.329665426,0.7082312774822402,-4.844062524
-3.007468598,-3.028664662,0.13989781787578304,-2.061573732
0.7935451263096607,1.8091089322510305,0.5869712803470107,4.276288374738018
-1.63155324,0.110966339,1.669517726689623,-3.965230373
-2.481902906,-1.65236342,-0.115863161,-2.255885447
-1.62332544,0.5502926725067171,-0.145960905,-2.670510841
3.961356269353847,2.077873831605569,0.016239434,13.777150610560792
0.9325881892915189,0.37570038027036495,0.14902416821502462,2.5514038157904566
-0.822371109,-0.024400848,0.12745227104389945,-1.355279461
-1.085338143,-0.43766421,-0.861616039,-0.914502874
4.327777085,3.0497046228149074,0.23117429079999288,16.30558272550515
-2.445724437,-1.23104476,-0.984087754,-1.985359306
1.357301991,-0.105820347,0.27669885636565467,3.1229730932287323
0.9776645581091064,-0.457168614,-0.364951841,2.2656724163262623
0.15468601200390775,-1.261318621,-0.271891207,0.2237693846201101
0.38690921559849567,-0.940326671,-2.038733356,2.0689487319352287
-2.962758991,-2.023783198,-0.618189285,-1.658801085
-0.929191817,0.43249029158974284,-0.571061298,-3.254914025
-0.588194868,-1.021483014,0.7870370215525552,-1.512866599
-1.108875055,0.43272735192803724,0.4331337241046114,-0.951188629
0.5333331040223267,1.3524805742523915,0.2943907536999731,2.395921609866287
-1.051009355,-0.572751675,-1.442829418,-1.476522911
-0.271279881,-0.387562352,-0.039692802,-0.609083434
-1.612726392,-0.469716455,-1.112330403,-3.302198105
-3.586525648,-2.751877727,0.6035379140689883,-3.057113687
0.36178478215943055,0.039544088995324404,1.3444599373108579,-0.827590146
1.0848192515826718,0.31262593609650285,-1.37186743,3.195183583874954
0.5682556540490411,-0.281629114,-0.69078779,0.16567158116163605
2.8229382200388233,1.4561170858023553,1.1842785674539338,8.189510511
-2.254264639,-2.620197078,-2.866921465,-0.635917065
-2.482719603,-1.056483721,1.4727697095737415,-3.961151237
1.961723929001897,2.2927325418913953,0.9346319579960392,10.35262534059167
1.8934800119905968,1.3061397338163618,1.4734861874219802,4.421636796112356
-1.153499855,-0.127327062,-1.299320334,-1.338902168
0.090800195,0.068332603,0.043386791,-0.089738757
2.087194886385842,0.5411366746609673,0.044291733,4.516315993125777
0.5487220359182796,0.042729863,-1.391904537,-0.620059481
2.970255220625287,1.6977345685431204,-0.33810487,10.030221746304202
1.7045236015907803,0.28961262027115464,-1.462571931,5.899899522196798
-0.712203718,-0.128708484,1.252695831731825,-3.212053049
-0.147056864,-0.470943366,-3.069078059,1.1716364364274015
-0.297902846,-0.820572988,-0.254518857,0.3643675747884414
0.44929522316987625,1.0640653107799256,0.022155222,1.5747222481722642
0.24371304384410208,-0.133227894,-0.965068858,0.2926749873747677
-0.161724002,-0.2699387,0.3230103078674704,-1.888653082
-1.011816789,-0.11145007,-0.215626252,-2.601684047
-1.304347142,-0.896873963,1.6307668873556602,-5.660660932
0.4876002623911956,0.14676844977344264,-0.36422764,2.5089689610117807
0.054281719,0.071102325,-0.056251952,0.5028821403997189
2.811103478639346,0.4840454109569858,-1.680416246,7.488150594
1.759554653542763,0.8620438818390559,-1.241994552,6.1602164349523045
0.6352926027906178,0.5075321504132517,1.6422938425909523,1.8210781980216857
-0.46969843,-0.284306519,1.1222094446150153,-2.188922396
0.034223552188108686,-0.484523652,-0.297066495,-0.638701959
0.017443213,0.4184289652909955,-1.12971263,0.4617394189246826
1.0377899722910797,1.5090323610998282,1.0517552565390693,2.983130850086198
-0.260944151,1.2540050559915714,0.9247366571319325,-0.077068025
-0.191213432,-0.195366637,0.6475818145830162,-4.009654544
-0.649683638,0.42307704756108344,-0.483926567,-2.073869717
-0.763730347,0.013894133626350313,2.8227863297425224,-3.191822642
2.168342669,0.9194619338673342,-0.022818202,7.017182311662091
-0.77254233,-0.133317422,1.0434072102437566,-2.07196435
-0.584692141,0.7621648619419054,-0.757381132,2.3045813560340447
-0.970094082,-0.366849916,0.24422418117752157,-2.932107062
1.1494487399899722,1.3938453232537642,0.6025352475434761,3.540861712400849
1.4859356455412387,1.1467048115005165,-1.215253488,6.468999717115169
-2.344258869,-1.123642181,1.680468374383917,-3.300180016
-0.987394431,-2.04343922,0.5346720445689457,-2.96268086
-1.707192364,-1.358116865,1.6320416566296039,-2.38745177
2.351643501315473,0.9309529585850274,0.662833946,2.622375003278626
0.7935173372404196,-0.356715034,1.2455905989274534,0.7507165007715395
0.9515359206044506,1.5424386858746817,0.023695642534688654,3.2681483897334265
0.4027355538347296,0.21276506796381095,0.1197902333988521,0.7790224366375936
-1.431823008,-0.854422669,-0.81241702,-2.150473781
0.3844383471046451,0.3753162689362644,1.817356189,0.2829455165974681
0.4895353203103756,2.320162760689476,0.5713760638797379,2.5929180900804996
0.1792888116483969,0.11814011762441579,-2.282701046,1.5210654800347125
0.9546481800942596,0.1029681250566528,-1.908229091,1.1969518117384061
0.3006090239637943,0.038122443165731094,-0.925099229,1.3611849255806274
-1.047147916,-1.187266113,-1.450805182,-0.696812006
1.9412577592850009,1.166878382328201,-0.272723267,7.591646141879673
0.9424830473301802,0.2781083170468945,2.163685517964308,0.2657177837249787
-1.220407335,-0.369705551,-0.209531767,-2.042590935
-0.389543268,0.2712457436535996,-1.108764227,1.553763249513664
0.4646801405572173,1.3790624413051022,0.31756655527036187,1.9911987486462484
1.8566299865032772,1.6973347364966784,0.8680314965265199,6.18665743
2.097398206991339,0.884587382,-2.085344438,6.318837343670251
0.45973173433271475,1.9348775041692627,1.5913724767495936,2.147690955
-0.373496449,-0.415779392,0.02235037,-1.224103272
-0.436444825,-0.922273876,3.0690826968430254,-3.514670197
-0.691180556,-1.238030114,0.22239851587930126,-3.724914591
-1.915713129,-0.855892958,-1.86453678,-2.886716624
-2.122041952,-2.093332963,1.364677741,-3.384984653
-2.100597168,-1.111050629,0.8187352806230317,-4.011870821
0.9009666879570675,1.2214122491395736,-0.717194961,2.829986696964894
0.1379527177045038,0.15125071565886733,1.2794153018165602,-1.534581767
-0.079947363,1.402122424295102,0.15422714851189276,0.31257281440303486
-1.100780126,-0.194004229,-1.238931698,0.13357740677721852
-0.270443172,-1.958572418,-2.028222378,-0.806927447
0.6263685313978311,0.1304098773283097,-0.601833363,1.9763594306327146
0.049068722,-0.820044474,-0.316622563,-1.345466729
1.2089245422859474,0.9900981831583509,-0.452320709,3.2521399722716273
0.6525102410786265,-0.382690666,-0.107792138,0.23692124167681092
-0.780584296,-0.297541293,-0.621780315,-1.670064486
-1.608051108,-0.672546608,-0.310216068,-2.423900215
0.39344017936619036,0.17845381937199092,-0.453736838,1.3860486188446617
-0.342542563,-0.461271775,0.8389772886632324,-2.560302984
-0.850460296,-1.060783828,-1.950648832,-1.541474993
-0.649071193,-0.176694468,0.7568222212917537,-1.449860746
0.3537060277903937,0.15421730598132385,-0.580603542,0.7643600593485054
-0.121434596,-1.417801802,-1.09775497,-1.783816155
-0.92209498,0.021744264418272163,0.479771628,-1.419886096
-1.850852424,-1.503868057,1.226238539437964,-5.191198036
0.25713699911435034,0.008415253,-0.089694666,2.259181082580482
-0.729549267,-0.086808664,0.10359503740903953,0.7018803818004304
0.1210980606818029,-0.364062598,0.3246658904688648,-0.213996296
1.638901168297516,0.9722100584457631,1.3623853990618715,3.9674632784776556
0.5903733558123869,0.9218554876535313,-0.15966687,1.8856944527583568
-1.341417658,-0.114405335,-0.821868214,-0.981161286
1.5941919836820222,0.262686299,-0.536784068,3.754782829464726
-0.052618212,-1.228022294,0.08404608,-1.551292329
-1.506415971,-0.665764924,-0.334450443,-1.482691158
0.27537375971227307,-0.51198106,0.6894806727744884,-1.418402256
-1.624515918,-0.578820384,-1.057920226,-2.791162566
0.3960377645160524,-0.491237698,-0.102521931,-0.781928416
1.812160810525234,0.9634334149919853,1.0299538614588344,4.9012663651435515
3.4078906118982966,1.6561920759656499,1.3114624528910135,9.652127673800951
0.46259471538776137,0.1990414968686191,0.037006829,-0.734746878
1.638419843477418,0.5988302171494554,1.5547062093430903,1.3559044339816935
1.2002664835267034,0.8898398103097309,0.22821076536232188,3.9807722553537825
0.21466313246729699,-0.030818647,-0.971126382,-0.17447788
-0.934828281,-1.446373059,0.7020975588613155,-1.938338555
-1.432125476,-0.526802996,0.6019688907522517,-1.84001555
1.1726837206171243,1.6114989502833486,-1.563037753,6.1974029165826865
-0.760132419,0.667838938,-1.701842994,-0.016663521
2.322733106950707,0.6478051138507016,-0.480400604,6.801149510326436
0.19951730675401874,0.337370486,-0.181057807,0.8026443074106318
0.5176732964224809,0.034491104,-0.282408497,-0.546631573
-0.906933942,-1.035716812,-0.391815241,-1.182895481
-1.636485255,-1.262513026,-0.306067513,-2.613631196
-0.828246898,-1.084273589,-0.583984395,-1.025987925
-2.815869621,-1.659398504,0.5608423552079189,-4.724668209
2.207322907840489,1.9719026402258715,0.9931624979967708,8.330544586
0.012002430902607053,-0.369821688,1.3018090722772189,0.2301134798121427
-2.805824892,-0.914654114,-0.002122523,-0.917440932
1.8135847642598928,0.9709320840463715,0.7386144602855093,4.369837185008436
0.25897464904313605,-0.063262163,-0.006817323,-0.718886062
1.3273979371901568,-0.296983834,-1.081614527,0.736234614
0.8016044634020094,0.16331841376545117,0.8907388282954318,-0.493489033
-1.483195708,-1.479680076,1.994988759049233,-3.936322177
0.6178454504684332,1.637750241,0.44876420046049365,4.311022617225597
1.546478955085052,-1.188777405,0.8949964144596466,-0.150428228
0.039776093,0.515900215,-1.773314091,2.989072641
2.1307376226546983,0.6195815153299795,0.5295257797240658,5.185863887636499
-1.773842576,-0.288499859,1.036099066,-2.681539146
0.4413732164671438,1.1830518085871158,-0.352077869,0.711992058
1.487475341892702,0.5680834464585423,0.3495267477248118,4.5997310023592295
0.20225591690918576,0.48739829433426796,0.650833843,-0.806188804
0.5342769549355044,-0.032517464,1.2019978562530553,1.5977763695112375
1.8084317738295677,-0.30669071,0.3234936131689113,2.5309678260938204
-0.933583506,-0.256177092,-0.406056452,1.0058443239616455
0.8805506179304432,0.7034114856623138,1.2897751289329444,2.180576551486457
-0.025567915,0.27422685317057294,0.1139543400200139,-0.167236883
0.9161940670792903,-0.561660174,-1.058783279,2.361847193369707
-1.542586521,-1.74362548,-0.246758301,-5.433831767
1.000011309623607,0.3926015078970797,0.6360171032346418,3.2853726926452147
2.371162183121737,0.33262889177688637,-0.34009444,3.711071887629164
-0.245326385,0.27606882349687817,-0.425527454,-0.325051632
-1.012516641,-0.386417477,-0.983509336,-1.82375413
0.2156877000683276,-0.630592539,0.4026285433208294,-4.1768001
0.11443772861755842,-0.04542366,-1.407120957,2.518480096413245
0.5974291354825707,1.251419363263566,-0.790745409,2.610099174997642
-1.284307518,-0.680346055,0.4449936381921133,-1.289506161
0.5855702839169721,-1.797771259,-0.332078373,-1.166109863
1.8390052169627755,1.1805963686835916,0.17228728532698762,3.996964892661846
-1.244740585,-0.524878471,0.5588925755989087,-4.242001092
-0.449584944,-0.225688894,1.7807855057253572,-2.407133956
0.22162615472315506,-0.335821381,0.24967817194463485,-0.877103036
-0.065340396,-0.838763361,0.5017315998125421,-1.0058133
-0.876480751,-0.293125185,0.8821150609832336,-1.026727946
-1.421035111,-0.192610761,-2.257506014,-0.828280106
-1.875204696,0.29083430767518115,0.21662016643801663,-2.624262095
-1.398122295,-0.133909162,0.11493880266930062,-2.313292267
-1.40290181,-1.711953995,-0.673315399,-2.978028014
-2.730719399,-2.78645825,1.5187927070095455,-4.4350952
-0.995672167,-0.094577743,0.8870765439263382,-2.70501619
0.3004281311173288,0.7961627360727589,-0.456389721,1.918527704794804
-0.508809539,0.004385806,1.502044228753054,-2.08090217
-1.973984537,-1.180497716,0.31655597392531315,-2.479752575
-0.199463188,0.7842524112349535,0.027060136,-0.843400044
1.8265597200099883,1.221257247320222,0.9180968688070458,4.846681675
1.7783191406514849,-0.377396715,-1.387498988,2.0175925870738087
0.826150957,-0.683430872,1.7518912253666301,-1.651937088
0.030975039754181255,0.33596883388485704,1.2961039302605468,0.5677946782596481
0.8091263631564882,1.3188985182498303,0.085588527,1.8682404755468416
3.5388626574199162,2.650627019788648,0.640726733,11.343418045446187
0.5684975294105086,-1.134608333,0.7172556794847551,-2.658445156
-0.752475824,0.15673257777309627,1.2558741739009243,-0.752326328
3.1558044063274644,2.818561855664812,0.6751365534578738,12.29662049
1.371716343409764,0.9296299651998835,-1.406598427,6.041983999
-1.44431317,-1.234986001,0.034667582,-4.297464653
-0.205983496,-0.278430231,-1.633143201,1.0954371767418682
-0.148243794,-0.62357391,-0.559859235,0.34929544297125514
1.0938660306515378,1.5144346105540816,1.0240105023240562,5.767746439696365
-1.510527037,-1.424211112,-1.588123198,-3.163827439
-0.473379363,-1.396225917,-0.718527967,-2.064729322
-0.052267914,-0.658878819,-0.484481988,-1.624656205
0.6957412394512779,1.236662620877772,0.2728203380683619,3.9323639915092325
0.9728255652748913,0.8599777681813834,-0.848434361,2.7469817193161354
-0.813913536,-1.366041984,0.8156601298069502,-4.046924543
-1.983361912,-1.057397528,0.10019397524255516,-4.3633109
-0.018495182,-0.054955581,0.784892779,-0.662687369
-0.250907297,0.022045461,1.4482999475316187,-1.124145987
0.29964378090769506,-0.385148869,1.920362509,-0.619611597
0.48423464581509823,0.3224790322601877,0.060815108,1.5685927191984652
0.9839511077397166,-0.20604221,1.293038383954186,-1.235995276
-0.887710953,0.4278133999612265,0.043832376,0.069683133
-0.737906892,-0.146676346,-0.19320627,0.6267100305280926
0.071537721,-0.465329231,-0.03387788,1.0755826888604554
1.4223263874083707,1.1106133970928898,0.8997468406220291,2.0729817877402246
1.1046098407848364,-0.211619587,0.023866406,2.838733675466539
-0.39082239,1.2437717368438943,1.0109742292750339,2.3314070256366013
3.2555087401629166,0.4968240252622619,0.9427258121969418,5.445531844278191
2.2286440571465853,0.5914573556921523,0.16910795346631835,4.364778131387905
-1.717974879,-0.992702582,-0.222743022,-2.822613009
0.6239798335647233,1.0056255625332422,-2.007101474,4.895404839804154
-1.116912162,-1.116264429,0.8441000074187727,-2.090644761
1.904544098689149,1.6902519525019368,-1.054594145,6.806190254531677
-2.09727278,-2.008362832,-0.930864185,-1.952204377
-3.499898423,-1.616726351,-0.107096681,-3.978711339
-0.790598581,-0.112555096,0.4073027026570457,-0.146138693
2.096560286142463,1.9252639860569567,-0.269640296,9.687715560337699
2.581287533604093,2.6862992204664593,0.8199589593112372,10.731359246365276
-0.218667256,0.4674775923991868,-0.10088288,0.13307071886928828
-0.181231769,0.5461006549967303,2.0990745896922824,0.7744345579259004
1.4046691168746734,1.5247178022765817,0.7848595600262323,5.433638943041954
1.5154942198618264,1.7855343181926824,0.6920454995757943,5.599073052258877
-0.048298229,1.0104595126602163,-0.517625568,0.11371978611800238
0.3458949026874564,-0.912423352,0.038126651,-3.163404565
-0.05279923,-0.112808809,1.2705632369912774,-0.822516468
-0.04768576,-0.142279072,-0.885666413,-0.866030971
-1.300547138,0.7849839530293042,-0.606496631,-0.972566229
0.881934595,0.005773459,-0.778050329,1.0200154602841005
-0.253009502,-1.143335693,1.9182299451722533,-3.106359442
-1.956712507,-2.051790477,0.013090941279141621,-2.574560743
-0.350497795,0.3194301508232937,-0.440342745,0.20134237320499226
1.4079779578535523,0.5240675159382508,-0.764529982,3.190118339321514
1.5907568008050035,0.9340223508782652,1.2641998692173442,3.932253432515628
0.6051880325009171,0.7607984243816149,1.440292620435068,0.8680269385295574
0.16882262221544236,0.077500194,-0.669849362,0.25899029563226117
0.023177566797713767,0.5312318142240537,-0.300832826,0.5685091903906552
1.3934693613584745,1.2721296830812405,0.3878609410194323,2.4745780579812524
2.1217914726377494,0.7828570545663991,-0.19046489,5.2836814342860245
0.9565633895916685,0.7254188633705341,-0.007712396,4.981630065116738
0.10023980983598729,-0.310808336,-1.104003957,1.3263417192070284
0.5652828501757743,0.13300423191866545,-0.757715711,3.5153450848915524
-1.184218202,-1.810797874,1.5713739374257623,-3.479963824
-0.181765509,0.8946206895005007,1.1435212370590022,-1.667442551
-2.842248592,-0.419145737,0.073627283,-5.406342424
0.3835994440081393,-0.474535309,0.39877454271393886,-0.320741116
-2.157343481,-0.771683553,-0.696233108,-4.310427938
-1.485998109,-0.166483994,-0.126640001,0.3968766613879655
-0.042716107,-0.177331764,1.6971567700553607,-2.265264438
-1.517482324,-0.522830061,-1.005077783,-2.088490252
-1.058446322,-0.484253611,0.41444736437915214,-2.444289893
-0.194627308,0.16828566034322406,-1.692263307,0.20185066749766079
-1.890039699,-1.547373832,0.8587317764551177,-4.311257692
0.15371578558312593,-0.78826329,-1.121605233,1.1472474678478886
-0.975020954,0.035663547,0.08639747,-2.918100293
-0.747611839,-0.876638119,-0.720781955,-1.1392441
0.23942132918670656,0.8482771522872298,-1.003849495,2.4621834634960345
1.1851940305973114,0.12275874086927892,0.096628876,1.2076267813339918
2.7568412077820668,1.1353212628874072,-0.001534654,5.850262380291259
0.4735598974262175,-0.152097125,-0.430050681,-0.068975612
-3.377857446,-1.031235228,-0.359497278,-5.602626632
1.313643711260271,-0.529914835,1.5258258174942163,0.495041309
-0.113826603,0.7154079879082551,-0.363173733,0.8243727036490756
-0.135803561,0.32206309684135875,0.9643169903506055,1.4602029538237924
-0.955244144,-0.753958449,-1.144328646,-2.105622129
-1.145644041,-1.106654219,-0.121495979,-3.195968808
1.4494942556565271,2.258789818726575,-0.404818079,5.102523130744878
-1.379706569,-1.267614764,-0.85249695,-0.281067273
1.0228269296928005,-0.238880257,-1.147402318,2.886020466
-1.720816515,0.047782788,-2.019740611,-1.015919138
1.2284626090632949,1.6246067950841048,-1.577130619,6.39378151
-0.404787972,-1.022800987,0.9168151021758347,-2.818081949
0.9940457057014842,0.40149841150965065,0.42550863590146026,1.7103910720798978
-1.400967082,-0.029718431,0.1931829002626668,-1.934737267
1.0541259198057347,-0.376131372,-0.518632136,0.5624189218547224
0.6411064917219251,-0.043507715,0.666838883,0.2546859709952699
-0.77839595,0.9621571672467689,0.16477867862207948,-2.234431197
0.608490412,1.3132836648038795,-0.050374517,3.5817320596576456
0.9547683224516474,-0.007247598,-0.351966242,1.8880316145532818
-1.12183661,-0.200930004,-0.120156997,-2.914514518
-0.790845197,-0.152221522,1.3962779651646564,-3.602139042
-1.341395946,-0.790919193,0.9136475734910546,-2.980172417
1.3656932889459434,0.5343765591439319,-0.148820922,3.829733617147193
0.1864527069322801,1.066850864383377,0.5053416849864176,1.7830059577820834
2.2985778225151448,1.1434547688973353,0.4447048939144517,4.508729876
-2.65157712,-1.10545912,0.21556911467113662,-3.883541514
0.5913660914764778,0.5200692582583925,0.809543687,1.3136834276504585
-1.457445048,-0.197411008,0.8029666283169131,-3.420939445
2.323396015580501,0.9466290481033156,0.3196995420086452,6.016899259195425
2.3675566474753245,2.0815750500499943,0.5502255609580917,7.930861041592405
0.7388908157442736,0.8491832457623547,-0.870209466,3.477626095212462
-0.886595346,-0.213438247,0.48283465143898757,-1.310662784
-1.386228168,0.37235927520993245,-1.3812893,-1.730755794
-1.272193984,-0.518521333,0.2641181899128796,-1.653412427
2.136385872139032,0.8851539649494893,0.7003043127333861,3.220848214104616
-0.682020725,-0.837511756,-0.345281055,-1.169992355
0.8526166200569774,-0.233088561,1.3148944616843907,-1.23634459
0.1213698426152997,-0.580827415,0.9537276010391831,-0.751789849
-2.196433483,-0.246329092,0.5597516834187509,-4.183070114
0.884768661,0.3464784503802809,-0.394267047,1.2890801121243431
-0.540426127,-1.018201607,0.4177351080417216,-1.710018382
-1.042444223,-0.050855468,0.10548536060364497,-2.124241548
1.4235448834121383,0.5072541602924959,-0.777583183,3.4211099953621527
-1.748796144,-0.691438405,-0.026749978,-4.546364167
-1.351070514,-1.695355971,1.3652701315086193,-3.833733152
-1.071360664,-0.478533015,-0.497765072,-2.544238835
0.973060162,0.8265973639089896,-0.149009719,4.539124004
-1.090373024,-0.489693521,-0.781234907,-2.759684431
1.5111560120107976,1.191593079,-0.584984999,4.423293083615705
-3.052082581,-0.77291297,0.3611865545738639,-4.254945562
1.1311469235107732,1.8683322674008735,1.3544805766530783,2.224531074317966
0.079450797,-0.003827915,2.605525835464789,-0.897877494
-0.695203379,-0.151594328,1.134067122572563,-2.335267085
0.4193704646322515,0.7887780323262974,0.095845407,-0.267469514
-3.095206796,-1.51916559,-0.351440853,-3.281742358
0.4910879909842488,0.8285198815934849,-0.553092367,1.6286736617974975
-1.228347823,-0.922558514,0.7825347487493255,-3.373694403
-3.050112547,-1.541710336,0.35589867060022545,-3.73692975
1.3348673263352175,1.5330445939546007,0.8078028822151977,4.686858300029114
-1.693244248,-1.281335069,-0.993276172,-3.58711096
-1.463118994,0.081870958,-0.091095673,-3.800201089
-0.951512404,-0.118083941,0.2731089006112913,0.23286434015035562
-0.264609125,0.28479981397044607,1.7623431698308205,-2.10846473
-0.038313446,0.4807179553910723,0.5174190049785306,0.3356203155331832
0.1977733585456165,-0.336568785,-0.850078377,-0.034221708
-0.62453002,-1.096587544,-0.105994096,-2.544851429
1.1399527329322499,0.015031095499349468,-0.818469318,1.0982479834986274
0.7169545687126564,0.6405775110474147,-0.229310001,1.3723984742033366
0.6516502737958605,0.29130462569961507,-0.498237187,3.0974220043801686
0.6470022734283367,1.4875851794585269,0.7716089770429951,3.2010189982553383
-0.231192931,-0.204686375,0.23406092766054973,-1.840609126
-0.66131305,0.734458672,0.2661956334215015,-0.507912491
1.004067614510449,1.1998140292805335,0.15479542253072068,3.3960851874369173
-0.446861134,-0.40614312,-0.119432055,-0.504439411
0.090621621,-0.937677229,-0.198132291,-2.454689271
-1.793322353,-0.839045123,0.24982519040131282,-2.119178034
-0.609012498,0.11663526156085771,0.3258344360352292,-1.740027784
1.5682396950234518,0.37800989713374716,0.097162893,3.234424915047647
-1.061402981,-0.538704861,2.536990712184188,-3.217904189
-1.622074294,-0.369379046,1.68835999,-4.317473067
1.1430379523643064,0.6509324125086343,-0.343618274,3.6838885049665886
-1.586117687,0.073546846,0.05251255,-4.000925068
-0.378960111,-1.363049522,0.1937065631616176,0.2672046665066783
2.976774621189688,0.8455945561663498,-2.197808266,8.609419684414146
1.5646772872994106,1.6669922932002066,0.5428111673512057,7.292977212438773
-0.404994528,-0.295634972,0.074332363,-1.298858148
0.13776296797297677,-0.469646927,0.5136090253553116,-2.830301411
0.31122854153274926,0.042635034,0.2075333474818607,-0.082979814
-0.913259833,0.3789183690297652,0.14656855277949618,0.024552760437117627
-0.386584788,0.031589325312574024,0.6911852867412368,-0.06099775
1.4008972573007856,0.7028433878517851,-1.12064887,4.2565447231176705
-0.072662578,-0.715987834,-0.418864692,0.6004864897766777
1.3316460580286864,0.5190261471505294,0.6219744763168572,1.4244480842615224
-1.242146124,-0.254887992,0.8161738763300888,-2.109904468
0.5270350486145013,1.0194076249603077,0.14252795002236265,1.8760216314157117
-0.154981065,0.7669189234489775,-0.008390654,-0.93330818
-0.676216254,-0.094346243,0.4657176135971941,-1.963092474
-2.789544948,-1.780376196,-0.512174807,-3.47006822
-0.481097856,0.051076768,-0.370853308,0.066575518
-1.081904121,-0.946503789,-1.108963335,-1.688222932
-1.892680517,-0.604750206,0.8191108223149182,-2.836473859
3.000987982286619,2.25279019,-1.909562149,11.199604517285463
1.070035832143288,1.7750615169466608,-0.373764583,5.725987778130981
-1.725834806,-0.325549269,1.6568883413388795,-4.567893198
-1.241837446,-0.253336037,-0.73426722,-1.447488731
-0.999615717,-0.969569706,-0.361935785,-0.127058042
-0.346552317,0.4578050664470239,-0.469680063,0.5472152737489773
0.6017391101798071,0.9999162219403691,-1.147494993,3.0461105278625027
-0.707598857,-0.475827362,0.7632406337952832,-1.838394674
-3.264226659,-0.98825904,0.5491706431201332,-5.592797253
-3.494208291,-2.340031469,-0.839442577,-2.886125995
0.5059195312536671,0.006531594,0.6172771416905536,2.196191891859263
-1.893513864,-1.232129483,0.1070197491718739,-3.715147971
-2.878298869,-2.193272185,1.4977024323602393,-3.460445349
0.5572823647435031,1.2572471966206826,0.8262469073652903,1.0022817220631217
-0.772434369,-1.07446025,-1.131481339,-2.300988192
1.0901635378557555,-0.148334531,0.079509979,0.8642565662797752
0.030542082,-0.200391433,-0.479100559,-0.267209054
-0.237502213,1.1399048740793825,0.33701918930366487,-1.106216179
-1.642187811,-1.054223486,0.7018844601740286,-5.858454368
-0.261883803,-0.444452231,-2.087042661,-0.014532731
-0.399771048,0.093734627,-0.53954548,-0.678413592
-1.990606586,-1.259390905,1.2457893190401268,-5.237462701
-0.757081856,-0.158259477,-2.077481075,0.4344109527601715
-0.951161081,-1.740415779,0.9408249455214754,-4.270165454
-1.063352932,-1.813244937,0.7866369464374213,-2.92440965
1.8589448276364866,0.7819036990594989,0.4448503045627919,3.0400918521123645
-0.51191066,-0.453759899,-0.55867471,1.0204140582864267
-2.456154013,-1.088513574,0.047104193,-3.118277825
1.1409127891530997,1.2800198891918169,-1.242617626,5.550069192207014
-2.18440667,-1.269805612,1.4370105862646327,-4.420586248
-0.148373647,0.5251977989425982,-1.494475656,0.7314141338990482
-1.614875446,-2.726467725,-0.093059324,-3.593747347
0.4028702968360667,-0.333275235,1.4315242589655812,0.21615850866338027
-0.250203526,1.0833185940797567,0.024186105202265197,-1.07240652
-0.779053046,-0.257030155,1.1694123473378155,-1.010892051
-0.294822638,-0.604705055,1.0929699740513332,-2.283970738
0.41778854996188486,0.36015760915870826,-0.181991119,2.319178705
0.676967265,0.5172023788725785,1.1990188097369066,-0.098145484
0.093504325,0.5753678225724503,-0.280059793,0.2476638228088015
-1.066449375,0.21628370492166413,1.1631894419421014,-2.703613189
2.495374420803486,1.0955251324348008,-1.718164331,7.004952791867199
0.9305480880055473,0.29536248845429547,-0.576057324,1.5792969903461747
0.16810106579245837,-0.197272574,0.9476592801397967,0.2087489077498348
-2.077658438,-0.986028216,-0.537792469,-2.653840395
3.0949008692705573,1.2668238741398679,-0.373798352,8.131089940935718
-2.463142837,-0.326295594,-0.005486338,-3.519388462
-0.351549991,-0.896442497,-0.363645119,-2.036442589
-3.635246088,-1.106366209,2.1388943487924577,-4.27072926
5.807049796298787,4.087875947,0.7390616912476852,25.530534169525232
-1.464186807,-1.61280589,0.243675545,-3.31708879
2.2013586775361222,0.8672937393086539,-0.037948899,6.763547744104511
0.14409235324990444,0.2217093703164447,0.871429443,-0.291845148
-0.413706826,-1.216142351,-0.580679566,-2.898011796
0.9636971374764955,0.5056606222041945,-0.732193828,3.068049704070125
-0.561650537,-0.303714518,-0.434887394,-0.095155012
1.1657736432140884,-0.3649289,-1.911854151,1.1281227023891032
-0.68640627,-0.607857257,2.0325241274850083,-2.535914794
-1.016492679,-0.300629631,-0.297378811,-1.793527108
-0.82404955,0.19538561299176518,-0.594367516,-0.568848383
-0.493155891,0.27596165934116207,-0.213082032,-0.771814785
0.8445715232964199,0.3527351627794494,-0.052534535,0.036230177
0.17285311789440105,0.7122126202678268,-0.865998063,1.6806567310959681
0.6890831737342792,0.048741497,1.6779409098544025,-0.493865281
-2.699185503,-1.634285163,-1.166735455,-1.992447058
0.22138312253571601,0.9784519435729689,0.3643897952770498,1.3168018679110771
-1.134133017,0.9083881264967089,-0.573471754,-1.065961158
-0.035757944,0.3394978420937127,-0.337522089,1.7376502892346046
-1.641376406,-0.354270959,0.9063278262282953,-4.441171593
-0.692762634,-0.284584709,-0.892552836,1.0369070404615792
-1.900746492,-1.008533932,1.408543657,-2.661242595
-1.891840962,-0.061410567,-1.448136271,0.17469992554825842
-0.223423537,0.22919012097186003,0.052754996689261494,0.5051486327897448
-1.771644006,-0.549896071,0.21591370571210383,-3.53601697
0.002494408,-0.376491549,-1.314993133,1.1337562490432669
1.172892617142649,1.9492917922914614,-0.157901183,5.363394022672819
-1.180071958,0.050363862121914724,-1.552601822,-2.202585554
0.3920414068469975,0.665466747,-1.19919831,1.6487918823682048
-0.04722943,1.1172615700159438,-0.76903962,1.956770066714236
0.3564459171859964,-0.635970411,-0.76517559,0.11633563644582434
-1.537148547,-1.893899368,1.0050694918191954,-4.179844593
0.4875224779761648,0.25732263968596064,0.20044425263651922,2.2915796258202166
-1.073105344,-1.059014476,-0.316864451,-1.386611665
1.2170678252761251,0.3319725959312114,1.4906576668419425,0.1523733672350167
-1.398056568,-0.915684008,1.083516303393657,-5.057187594
0.669829014,1.140165788158304,-0.510929492,4.391893659514582
2.4139631196977787,1.1586103102997765,-0.310707626,3.8922230280136008
-3.229723125,-1.619695449,0.013713221274498607,-4.023309526
-2.292695089,-0.33051217,-0.723620586,-3.566198803
1.2037216307824956,0.9444811443680919,0.5109921638023227,4.05226543
0.582142165,-0.00809311,1.1701231273967065,-0.074588996
1.335990675700316,1.623123026516155,-1.152846914,5.470114947019194
1.4845268521003745,1.512301254869572,-0.105828884,5.830501023573789
0.17078068227704898,0.080367201,-0.234992974,2.457316729831707
-1.675906618,-0.794068683,0.6881504595457971,-1.646449562
-3.208073769,-2.202617365,0.11449798814977973,-3.576402952
1.1320523559116058,0.2760593972325619,0.084925856,1.2568401664439257
0.20539743898548976,-0.122019926,-0.495541179,1.7594692915595402
-1.212687499,0.5423269714339317,0.8952801992821067,-0.658547036
0.19526879783819823,-0.336481702,0.7053533945360522,-0.302272186
-1.20045802,0.002726821,-0.6587453,-0.721471731
-1.330581985,-0.581969842,-0.566772399,-3.188496042
1.2855371717573096,-0.079381298,-0.253800695,3.3164135576009617
1.953221818603002,-0.00845543,0.40459805931213844,1.0105656881413596
-1.59963562,-1.247874062,0.9202802631029593,-3.81006971
-0.35544199,-0.397647949,1.1799180448902136,-3.183913966
-0.576542861,-0.058690351,-0.262587952,0.8273219505265926
1.6274135551194526,0.7426515057927906,0.7026653391725355,0.8002386339916976
0.003120021,0.18333654883906725,0.25564008225376095,0.955126788
0.9856643420299761,1.398431896011716,-0.245287936,4.834621346030621
-2.598765237,-1.545897828,1.9538642650216536,-2.63319178
-0.573205937,0.13743069679102232,-0.254063558,-1.019462521
-0.056854852,0.4923352998570111,0.7093733498274397,0.21826804435256486
0.25335492928465864,-0.700091193,-0.728726791,-1.030000658
0.42144479114645417,-0.409327117,0.34550599440057883,0.4010249479803991
-2.341441819,0.21299140997360114,1.0595642680627624,-3.343910045
0.9520829150596428,-0.567346083,-0.352175112,-1.027469308
-0.722193656,-0.881927745,-0.339393655,-1.453063085
-1.171075491,-0.050762654,-0.665290085,-0.673832593
1.333176357657865,0.43840341241245134,-1.036361855,3.3051443044869595
0.061781704365876156,0.24740875095327666,0.2548064090085491,0.085825714
-2.051629933,-0.593450231,0.2786012109273414,-2.963053084
-1.849870173,-1.058668083,0.29606023635837714,-3.819846047
0.18543785309969218,-0.02080639,0.8903052927801965,0.11213864434226883
-1.608963865,-0.956962339,0.048438329,-1.678086912
1.8436895064332046,0.9483269875670252,0.7082738408977236,3.7949558778742585
1.232235666266921,0.9079467787785493,1.3188109560235224,4.7122587787840295
-0.718881278,0.008400901,-0.473486942,-0.169972323
1.954013826,0.9290090772408166,1.0545000682846488,3.913399895
-0.732359777,-1.097651185,0.43774487038334764,-1.514317107
1.0021953191084543,0.9322829870537097,0.36609538641174266,3.733084356351679
1.6039025550841708,1.0225393788246857,-0.670029566,6.280550195498845
1.832295180060497,1.5772613219203064,-0.545892615,5.971010162674324
-0.737349336,0.562337282,1.1263236069354792,-2.168569143
1.0368131983246056,0.059977498121901784,-0.619122253,1.7371328080780306
-0.388280343,-0.978434145,-1.404531681,-2.950939502
-0.89427657,0.12260860562276994,2.7184286406461737,-0.79054638
-2.201172483,-1.450385089,1.125424319487833,-6.042842092
-1.342246278,-0.924173429,0.970527402,-2.732216214
3.317028823338842,1.8599527659179964,2.100571415051536,7.871651952817026
-1.21850671,0.8903940537353868,0.6471599479768033,0.1434146927161548
1.6734274322569607,1.7837537071641731,-0.5633689,8.292759315
0.8061225373691646,0.7420368573219175,-0.697062821,1.0604495153252964
0.8798185135979342,0.6721773962165729,-0.498129234,3.637867148054573
0.5110826692510959,0.4945456379065385,0.9141267675652389,1.766979134895498
0.40204220034764565,-0.274842884,-0.054623188,-0.418712476
0.8948542945986718,-0.378445556,0.035236752,0.770913918
-1.847927155,-1.986986256,-0.557993367,-2.878234518
0.1419579356188317,-0.033861467,-0.811074643,-0.353056939
2.955699800944168,0.8322433893220219,-1.960204239,6.163618750196202
-1.342048789,-0.359696985,0.18068898162081326,-3.79582886
-1.621437279,0.1757063564311414,1.7630384758453688,-3.424788152
3.718858802150506,1.7442527218977613,1.2281844098401713,9.042933087
0.042970864284650134,-0.4418887,2.393016365394831,-3.596953122
2.6002590545325464,1.194328618641365,-1.45889283,9.796821477603988
-1.585657042,-0.801592056,0.4138385599996589,-3.063709145
-0.196864966,0.7015579962042884,0.39057945477951084,2.7950545522804697
-1.13397161,-1.139297142,0.090679879,-1.970937336
0.20061359623215308,-0.412021462,1.3244854089657492,0.35967713861141726
-1.857812982,0.7206912639795895,-0.449109651,-0.952682944
-0.223225438,-0.087534495,0.026679526848319205,-2.614677946
1.6521167905644665,-0.269617893,-0.051797022,1.753273604322728
-0.782649902,-0.199699829,0.4037959541423937,-0.952207459
-1.086750871,-0.363248627,1.0606255014217665,-2.497638741
0.37010543217446656,-0.699779213,-0.955881008,-1.844249534
-1.423011777,-0.100215587,-0.054716328,-2.253637738
-2.222787396,-2.179344655,-0.058744927,-3.003319065
-1.290592628,-1.253839448,0.6545133627987125,-3.365014315
0.2997971056434847,-0.271576556,-0.663150469,-0.454791629
0.48602602584312715,0.6878482434685445,0.5469101829940427,-0.186786569
0.3976662116433506,-0.272396933,1.3347844387211696,-1.61353171
-1.142153413,-0.81121102,0.63582891,-4.1888098
2.063722590943763,-1.252131782,-0.476959657,-0.048713086
-0.359523102,-0.063852794,-0.471158667,0.2973588282372948
-1.092018188,-0.989421984,-0.168014038,-1.163357898
-1.897163397,-1.591472635,0.18524934903736082,-4.479246326
-3.277020213,-1.679984051,0.17646490512037535,-2.965304528
-1.213852299,-1.175717969,1.0995180694541502,-5.398989585
-0.608276451,0.2178155239842085,0.12411831817071717,-0.565537363
-0.780021584,0.6055224223034992,0.040992331,-0.678664307
-2.455933332,-1.663530221,0.44764054625997235,-4.121085174
-3.34199471,-1.939759775,-1.379540722,-2.665873547
-1.123264879,-1.881278634,-0.908335769,-1.477755228
0.3380191711649926,1.1045460409101653,-0.061953508,4.341539399296293
1.3308623996411615,2.0288248305193837,-0.351742428,4.834463757062314
1.121445223080557,0.8507875089236808,-0.100552368,2.800574591813591
-1.553647133,-0.973025555,-0.174349304,-2.325145715
0.35791428811266723,0.3882113581771311,0.4531082675471171,1.8637912587732899
1.281475035029743,-0.164657348,1.0134256338822842,1.106987778225896
-0.169560129,0.15316093849454757,-0.967449446,0.35331652307866895
-1.14815997,-1.149029925,-1.098219006,-0.465013549
-0.26026384,-1.216857583,0.032309443,-1.445628863
1.0212652168847323,0.6145238965948585,1.612794891263111,1.7859719710783006
-0.421518387,-0.789383798,0.545744322,-1.227695973
-0.268052766,0.37403147145764093,0.7038734772845776,-2.524814892
0.7096488049450886,1.4462632755204219,-0.601475956,4.246424702152177
0.4125734979469888,-0.415629396,-1.38613381,-0.956933821
-2.236140962,-1.555869481,-0.330720846,-3.434105314
-4.143929052,-2.905656727,-0.233288788,-2.457825908
-0.221573883,0.6578103354267572,0.859224752,-0.920479474
0.281351057,0.3704653085388664,-0.256001215,2.591189607275041
-2.491823036,-0.711637961,0.3482662237145442,-3.72583412
1.1219116457031906,0.6655446837379904,-1.16553465,3.811692537674692
1.917444114794547,1.6212407750863813,-2.183455035,5.7866292185246095
-0.480851108,0.21486631506478923,0.8131781581015476,-0.770933171
0.7114858133483971,0.6924330092668934,0.590335294,1.634166116351891
-0.341340152,-0.700458514,0.7948702371623226,-2.721813917
-0.529077738,-0.01687279,1.3335891227609173,-0.740729297
-1.506433765,-1.08341992,0.5969135644951916,-2.856307799
-0.674306637,-0.420066331,-1.45163878,0.8290255821047494
0.4766312747663812,0.42107608749292924,-0.888537038,1.4423946635205405
1.9979078074142196,1.6702280606914217,-1.495980922,6.600043826335303
1.427683283941556,2.0970411971006957,-1.79423553,7.016560618980389
-0.113704578,-0.394493518,0.4462966169336312,0.8161749930120338
1.7431848111821495,0.6090925696615017,-1.036572504,3.035193121
-3.567016817,-1.180889005,-0.888677549,-5.56006042
1.988580242507875,0.7982425741313296,1.1065276135673652,5.316733623116548
1.5446635186679247,0.5777728004321774,-1.592608171,5.810718091803338
0.41097776786570506,-0.144470093,-0.342366849,1.5187663312658262
-1.114289882,-0.382008188,-0.240991943,-2.571555102
-1.26984377,-1.00926689,-0.82164516,-2.794571573
-1.669719023,-0.942378075,-0.350424777,-2.790798264
-0.767255082,-0.008694974,-0.382988589,1.5335933630296128
0.7022676569449482,0.7083849003450429,0.5416095124594492,0.7584208383120157
-0.133128849,0.4248587901947006,-1.106606757,2.7143041937466026
3.1242825154353877,0.3952517188282546,0.4918085974996211,5.198083888796773
-0.648125704,-0.65117694,0.6571749360270432,-3.419506924
-2.13197548,-0.202746978,0.6157954965162833,-4.708094864
0.039632299,0.49362286478067485,-0.833163311,3.679704468498609
3.034985519936192,0.3298939108181177,0.8620940246274301,3.9165745415846738
1.684262575535716,0.5558852668165256,-0.195114578,2.019383257009358
0.26277463175948484,-0.013728505,0.13012603179607807,0.1880353971512156
-2.116194078,-1.219376006,0.2567162907103823,-3.594131656
-0.03835214,-0.973490083,-0.67122751,-0.642529084
-0.52578995,0.9217298273998521,-0.793084331,-0.304490713
0.8609676305157259,0.7028546585673942,1.6453708871298598,1.0465941183656042
-2.068408465,-0.387290891,0.12102178206318089,-3.595739022
1.098324561330216,1.0018066298082409,1.1669505476109794,4.374114173
-0.073456524,0.5163026852747095,1.375403443686021,0.34849366907905466
-0.324324026,-0.597089934,0.780715618,-1.321081931
0.5051325883098756,0.3864946103944925,-1.334530974,2.3963079942291623
-0.465421431,-0.31909413,0.7400900740995673,-2.89546684
-0.87885977,-0.48291455,0.6961626536076259,-2.625455644
-0.158680434,1.3279309224759903,0.5480712840870269,1.5626717232230174
-0.07930405,-0.054931256,0.5964128186235994,0.14588975013567307
1.4637150398124161,0.30627491760846726,-0.706879619,4.610887213450329
-0.384050107,0.3656690376645934,0.7539665905952065,-0.873542985
1.1650188978545035,-0.637043825,-1.962450748,1.683833113272487
2.3831775936169763,0.8863011590452237,0.10607658656581341,5.2282533349722184
-1.198363323,-1.408030774,-1.689278151,-0.918302943
-1.65636218,-1.537445046,-0.585725384,-0.403576569
-0.954845095,-0.681743205,0.425017729,-3.260491922
-0.032179356,-0.786396333,-0.696045345,-2.082493179
1.1252841467734758,-0.158311618,0.6391114425590578,0.3474967044387476
-1.900756522,-0.973389971,0.12118486618207058,-3.386139704
-0.959083364,-0.404593797,-0.648273537,-1.40353022
2.365874767524074,2.454602836440978,0.094055514,9.401201065458414
1.4081498594685598,0.079088068,-0.892427426,1.5735911565788876
2.214914620539092,0.697583077,-0.92453384,5.486891306754181
-1.049025934,0.2523594560577839,0.19041255765656795,-0.78659732
0.7907701130306963,-0.455191061,-0.862373764,0.5645193191835594
0.7232207786420805,-0.822221638,0.31724288346016666,-1.177532608
-0.487201799,0.702205186,-0.322814828,-0.329515421
-1.292922834,-1.028397315,-0.269830828,-0.79336233
-0.885016209,-2.042082011,-1.869924114,-1.723089156
1.1319519138774354,0.6306138385653007,2.373315335268697,-0.714717326
-0.161918129,0.28017226747177193,1.727447503061412,-1.050469452
0.5910104640315806,1.1878706615899655,0.23649442224697906,2.821646410625491
1.1534657103209869,-0.055066898,-1.923163893,3.6052060281061307
0.8767016803937224,0.9684640411573595,0.10796401579259783,3.4646297080319597
-1.300918808,0.22213897223208975,0.038764754,-1.921709034
-0.002457643,0.9047000670918945,-0.729039536,1.2311301895291222
-1.683244508,-1.116828471,0.10654492068089455,-1.616446806
0.46606778832332246,0.096631244,-1.828134562,0.720366163
-1.176924981,-0.601046242,0.5538415636627141,-2.259159368
-0.364342764,0.942125971,0.903770245,2.438316036191764
-0.911537119,0.20093866867103466,0.8600547613408356,-1.630303277
0.5735863296367061,1.0248133550981877,-0.09233513,0.9659134106781329
-0.922944568,-1.682152156,-0.591055719,-3.036896712
1.0526098096820578,0.6219436152014778,-1.317358958,3.268004357661063
1.4280317577904824,1.1724045172218471,-0.233392152,3.4493461737809024
-1.865925631,-0.258868428,1.7325954010422544,-3.925690933
-0.435309877,-0.323002832,1.1067362564321628,-1.429279412
-1.336417961,0.20874014421659454,1.2631669194943884,-0.463849844
1.670819004941119,1.966514345934561,1.651509802952426,5.709413128939973
-0.356827053,-0.149176665,0.425527899,0.5326815677404577
-1.553324253,-1.091282354,1.4058997898390566,-4.404306742
-0.253653766,0.18388843516964876,2.9552955185901273,-3.036522078
0.5333279090013409,0.094239971,2.1020391290857585,-0.325528193
-0.034921236,-0.226733726,-0.479696046,0.9506264729816694
-2.445863705,-2.678310805,-0.844009374,-2.568032121
2.1210851403718394,2.3029428121926694,-1.406458932,10.878892262005198
-2.471149711,-2.045439425,-1.666989833,-0.988064757
-0.759761749,0.169710794,0.5957870525575621,-2.147373071
-0.253738811,0.19055524016039588,-0.215514385,-0.347953045
-1.530636398,0.6344246508116461,-0.28174465,-2.211867222
-1.180579484,-0.525216071,0.7119862494081292,-2.488986333
-2.971460235,-2.850405718,-0.520163962,-3.396393789
-0.396683714,1.1216555756877173,1.1570707864488374,-0.103759571
0.5711686515950389,0.6771066930026225,-0.16316452,1.433531639059497
1.2457447948838016,-0.535683237,0.1994398840799636,1.318779361
-0.341536745,0.6129129632939783,0.6848588222249435,0.024621251474868877
0.5522212955119938,0.5651300828587392,-0.086783753,2.185604866552057
0.21869982309704838,-0.413360719,1.040250734753832,-0.303326488
-0.221184859,-0.224968478,1.8176274221962838,-2.651125239
-0.733545457,-1.113987611,0.7706587889892201,-3.559773049
-1.037814934,-0.666674037,-0.103844819,-1.69324583
-0.247864801,-1.391593841,-0.197900769,-1.410448736
-0.548555741,0.037722983,0.41957782234526536,-0.737323741
-1.477809566,-0.506831145,0.020102056,-2.285892806
-1.034715687,-1.224253242,-0.540526304,-3.471187484
-0.837340502,-0.584881689,-2.416178853,0.6791384273721869
-0.007333135,0.4237311621092259,0.028313537297929306,0.5391437816524677
-2.675712338,-1.51030899,-0.67577086,-3.539900415
0.10337754514734943,-0.238773725,1.0590309430871812,0.084011467
-0.304391146,-1.057063967,0.037880370265771804,-1.198008324
1.0225115006928436,0.23480713536282385,0.4060535788953828,1.8727113776878748
2.433743175316487,1.1896414179080734,-1.636028993,6.617906798
0.303105133,-0.421159991,-0.821973541,1.0813032971334842
3.347805409621869,1.2117674165291261,-0.575783212,7.3387475233759405
-0.534000683,1.188203150865995,0.085093598,1.256512694900477
-1.874051385,-2.176188716,-0.593553006,-1.348656555
-0.481481973,-0.030547917,0.048904219,1.362976967073929
-2.273549427,-1.567793373,0.5304564894587112,-3.623661716
0.6513854759966741,0.7862148568727556,-0.205213972,0.8178575204177474
2.639402964847513,2.5957400324205993,-2.591717223,10.624650252217336
0.39404960689913276,0.6699760190497657,0.5917996448448515,1.1547039233882395
-1.132912969,0.058220151,-0.803008564,-3.36784038
-2.150252376,-0.534982832,-0.055195866,-0.517567656
0.7349914336243016,1.3886909126349536,-1.117034861,4.838178261576946
0.2518714441614913,-1.03553619,-0.560778445,-0.227863606
-1.955684117,0.13172022229487523,-1.367777114,-2.456856239
0.7276744765622124,0.8303122320564426,-0.489534911,2.430449109231534
2.797185152644114,2.173833992111081,1.1192714520896296,8.371121297749106
1.0087104986177708,0.28456846237300426,-1.597471093,2.0634320413318457
-2.998251821,-1.079280133,-0.208644691,-3.903709813
-1.328651604,-1.176519132,0.371813508,-1.810436463
0.3414652385815825,0.8494501493593716,-0.073358366,1.055716738
-0.872766699,-0.038651126,1.569903109269877,-3.676759547
-0.690891783,-0.303183814,0.34824140465914627,-2.132375563
0.2351821743849114,1.9892581364971542,0.9340687497107036,1.669733611918494
1.1300118981169238,0.7067616859168362,-1.040269774,2.8008936553894586
-3.090704428,-0.435419076,0.7185742724359321,-4.12324636
0.7913665600247942,0.7379110342187811,0.8307562433716774,1.4110124219231461
-1.945501675,-0.673363027,-1.420595797,-1.995112489
0.11643845035945966,0.7425325116439152,-0.956224666,1.1068254444136971
-1.192881117,-0.702718369,1.3825445383570376,-2.717535228
1.4136912734367293,1.131334277467055,-0.836598209,2.956819437001639
0.45037291884858244,-0.586976177,1.1470308649320868,-0.669559278
-1.433825789,-1.060525667,-2.141202508,-1.492831021
3.4025540815459347,1.8048533497892885,0.12622756919792147,10.956077777293551
0.7832032488170865,-0.564188575,-0.831030786,1.6035402948286743
0.25335670680406774,-0.524681268,0.3978115987888166,-1.622108215
0.6164636555683827,0.529258566,-0.863339947,0.7988513054088671
0.11532924759653596,0.6684785462405148,-0.202261555,-0.952142408
-0.020092415,0.28645445355113647,-1.027032889,1.5699153322312434
-2.656334551,-1.078172215,1.3165373014017807,-1.369696119
-0.22109556,-0.117457131,0.3730506003853874,-2.946262843
1.8275989554582928,2.408817372564577,-1.208988996,8.058765345283692
-0.995541658,-0.347871365,1.669349918905331,-1.55344844
1.4927363210047826,0.5469046025090059,0.22987677193915834,2.5388809664761167
0.6597099095604391,-0.431321048,0.9619386424117015,1.5650840097465526
0.702327128,-0.568047712,-0.489184707,-0.52110294
-0.584651578,0.21746103363188557,-2.034240584,1.4361302323595218
-0.398627099,-0.181971708,-0.467639221,0.12690253704919896
0.8496460376955968,0.7801468983097729,0.6024740181452127,3.2217156499649287
0.41270184952410327,0.2869003195747426,0.9305211722605223,-0.851277759
-0.913437404,-0.811487423,-0.988519263,-0.66081857
-0.914173142,-0.669339569,-1.940959422,-0.228901427
-0.489038099,0.80475067,0.086838708,1.2161134279389771
0.40204457444758573,0.1630224706458777,0.9239268818885485,-2.281681625
-1.751223669,-0.947310258,-0.514474896,-2.592124391
-0.881262949,0.3029652543496609,1.259151803773732,0.079663067
-1.104325216,0.058333521,-0.390793248,-1.250000642
0.8871503704116028,-0.385365116,0.5421067736334579,0.7144361333213205
-0.198973307,0.37956603545727224,1.282637943683022,-0.635845849
0.10312131758121967,0.5484840257595403,0.5028510849570574,1.1938645392779874
0.6028743492342705,0.3311636413391335,-1.360260651,0.3408031994002598
-0.068563971,0.45832310313176117,0.25593299260595415,-0.927016915
0.23720328009254016,-0.379303779,-0.350927558,0.026633007
-0.069387873,-0.312513831,-0.259942603,0.9549352246685399
1.5995168894580103,0.29720017728041564,0.9822423195221803,3.35893917
0.6710972409365948,0.583039075,0.20312911348081375,0.3097748818760997
0.4749670399233457,0.43699221472016886,-0.243184123,-0.259930104
0.11218754413297924,0.3588524028538002,-0.309131701,1.973642769444306
-1.189496615,-1.016924088,-0.486877193,-2.323372204
-1.523807035,-0.488710806,0.6719972606911466,-2.155316305
1.169902100340046,1.8985798767053055,-0.623306655,4.639088971291369
1.17395648,0.588038994,1.2231636107846309,1.5918784063391063
-0.655028579,0.043881559206664845,0.3109961838237846,0.035686586
0.8051681951203729,-0.24864025,-0.448910475,2.380147310985896
-1.65916333,-0.309562723,0.3444216064997649,-1.846783484
2.5398576744879198,1.5379049702518832,-0.647866732,8.512464769622476
-0.932157945,-5.37E-05,-0.088965209,-2.873524951
0.8950675009856506,0.11286534078950011,0.47313784713342855,1.475819088508544
-0.689462176,-0.576638786,-1.822787735,-0.822446107
-1.259512104,-1.001608105,-0.4197585,-2.380214061
-2.504040813,-1.423640027,0.6872648997885764,-3.545376153
-2.327643485,-0.442474815,-0.774781725,-2.421630109
0.052272995919688536,-0.285100043,-1.151571218,0.9883949958440388
0.7777041805015955,0.5113905916344935,-2.234793862,2.792353729317088
-2.280004391,-2.176445528,0.5270616201461188,-3.188092777
-2.214260497,-1.296720744,-1.387841706,-4.094917107
1.7138682551647177,1.801399734703731,0.6368931983366336,7.448815593783759
-3.114680762,-3.034002015,0.25883097276975764,-3.799041217
0.1930365693589246,0.3040216937699912,-0.271087948,0.48961330746586385
-1.870675328,-0.657141316,0.30146624626157426,-3.448658638
-1.868060301,-0.342311065,0.2239910793167112,-2.431804927
-1.525293223,-0.473862106,1.8225367363858167,-3.040734176
0.4822667856382634,-0.005045698,0.8395236076859083,-1.175429161
0.26009679132983776,1.3482198336896656,1.0907134614069414,1.9832550582346717
-0.483049858,0.38014706348821364,0.976574372,-1.361764756
4.062146219977471,1.8181833591953076,0.012884568,11.776895606091712
-0.349776698,-0.305775985,1.2399649487846192,-1.855723019
-0.866125808,-0.494190133,0.7959909411572802,-2.34899706
-1.086109792,0.19731739228640421,-0.08162381,-1.961920142
0.5989620807710161,0.8896712991454729,-2.057547534,4.329728159
2.7227934458889513,2.3454199983208572,-1.324853304,10.20496195
0.47933718082154136,-0.269379873,0.19557729237160465,0.27178464226773663
-2.715866767,-2.048950248,-0.375020221,-3.688120554
-0.205140774,-0.434641398,-1.31207576,3.118262641211977
1.4520780289742177,0.3736957017437769,-1.237121794,4.878929886566258
-1.280715865,-0.333315995,0.006504082,-4.484061612
1.2878315017029436,1.1499962629826446,1.0447118659638883,3.3112115431606304
1.5882106724966198,0.6418739948859857,0.1763195673901777,3.2289731077092987
1.0255323869291741,-0.577898851,0.6846171760492399,0.4408113875271845
1.3469711554933164,1.2043543863081485,2.0839562410815513,-0.319318596
0.096603992,0.2780920298875954,0.23725458849649952,-0.303813733
-2.298844311,-0.809194152,-1.224335445,-1.670349938
-2.247399877,-0.49664744,-1.231941941,-3.77725559
-0.8328934,-1.376314739,-0.943471584,-0.548957616
0.10490443132976968,-0.590384633,0.5220702687691685,-0.155118418
-1.130182734,0.09160701,0.6209471002221711,-2.828796331
-0.301804974,-0.234357243,0.13037008173400397,-2.739935707
-1.007770922,-0.985689918,-0.142161174,-1.887118267
-0.658908409,-0.214753472,0.6075819669219059,-1.906598767
0.3137580345592371,-0.522919944,0.49928200272552936,-0.606541394
2.470567139450122,1.8227894290287534,-0.578995677,8.022690839594535
-2.003488587,-2.116635636,-1.678047271,-3.286842959
-2.429652533,-1.472607687,1.5202456717054538,-4.917329827
0.9812084487421019,1.1544048646990746,-0.030286973,3.567569354086959
-1.031586339,-0.33196185,-0.00387616,-3.118404085
0.5383320071216378,0.8960100467180876,-2.2614932,4.030041244813947
1.0456411212746712,-0.079176431,-1.538704049,2.7778259502821365
-1.460804455,-0.912131597,-0.88456398,-3.651674384
-1.549428288,0.46438685409299985,-0.887485977,-0.998795475
1.195768191320166,1.8940862186207743,0.2754882602956883,2.628370099506029
-1.793382179,-0.392490531,0.32543742510046275,-2.673259655
-0.318372956,-0.748076545,-0.473792946,-1.636467695
1.465248590530877,0.45710988174572076,-0.348407915,2.3108030516045956
0.7309618115779025,0.8390128867791691,0.4400476243291822,3.6231708161630416
-0.020822346,-2.346178943,0.043181669,-4.079805879
-2.841809852,-1.94443002,0.45446315005388943,-4.641145604
-0.43110093,-0.150143425,-0.637077071,-0.397044843
-0.638485353,0.33010816620136657,0.3582877692864886,-1.238647974
2.853247946380751,1.023779463,1.2148447545539895,5.949101945564057
0.35996724247886813,-0.834554081,-0.329334342,-0.995887733
0.42277512607015033,1.2957499419530865,-0.913496424,2.4658594243265957
1.3269575882226496,0.32348169078952504,0.41239694507470565,2.082604526870333
0.9161339230200811,-1.083856155,0.8797617809019753,1.2960331927269044
0.3705630010759663,-0.486728826,-0.916157942,1.5086736493316137
0.056946658,-0.326138182,0.8890877050253303,-1.34443296
-2.545494658,-0.855808375,0.20997726064931885,-3.480845143
0.33946332113198274,-0.085775641,-0.787524761,1.2306032888343856
0.7238426858606812,-0.578607136,0.29452580340758405,0.095136755
-3.115797014,-0.629150988,0.062587117,-5.523715498
-0.21338221,-0.372424472,-0.765491617,-0.937226306
0.17564244915057503,1.6756648798190186,0.6583737236235445,2.2770824557415077
-1.699713716,-0.119380796,-1.379244327,0.047267406
3.064749353506834,0.6791573999683039,0.5705762975683181,6.371798734323314
-1.245054594,0.65099031,0.083228376,-0.818846156
-0.169597539,-0.206878516,-1.735192367,0.17326897277182568
0.9577764897370405,-0.265914686,0.6230457205313519,-0.064631826
-0.563264716,-0.403352287,0.8876708137483464,-0.807464419
2.4229359156256143,2.4328536388326083,-2.110663033,10.27380258043826
-1.78318136,-0.095073131,-1.607833712,-1.832280306
0.17320162228642094,-0.441241651,-0.443870841,0.9540223556549546
-0.975919772,-1.939596591,2.238842892195295,-4.785355368
0.5799535664169028,0.22274700417971108,-2.486818477,3.226286465678551
0.20722824746689705,1.1408569251055563,-1.339012354,3.771781619097106
1.9649118161643548,1.8385463065868346,0.613248777,6.531237069
-0.130326437,0.17693202650321735,0.38099479481941617,0.40991971326556126
-0.444756651,-0.572595983,1.6050064068727141,-2.469933947
0.35928546494158203,0.6392738214032087,-0.211470142,-0.345953708
-2.220358887,-2.551990868,-1.249018495,-1.970024026
-0.297101296,0.2760642498667901,0.3679462566472916,0.2270176730838906
0.11130722204759846,0.47021669252833803,1.2304375309944175,-0.178949751
0.9884762929751606,0.3177303180761817,-0.064316381,0.3780768326065538
0.44676922437542355,-1.836869298,0.7712314556811403,-2.174564367
-0.60391018,0.7417182290153048,-0.00409638,-0.043712058
0.10319792753553814,-0.979782398,0.8221457972564127,-1.08251576
-2.676592351,-2.314737182,-1.108905614,-0.557220718
0.1915930172064455,1.1752609947678314,-0.955921851,2.131404521952777
-0.445511089,0.062050818541886064,0.33343818434677713,-2.183517746
2.192875907,1.9407676017805666,0.39486524035578674,7.422855312097747
-1.644856046,-1.444676833,0.38471989110635696,-4.241166685
-0.363558005,0.41679439247753725,-1.039716049,0.3306247855717019
-0.641394504,0.5439606949320577,-0.332618869,-0.609546407
-1.707309653,-1.018180526,-1.221402411,-2.194760142
0.056950513483218536,-0.058637602,1.1409189381774458,0.5316986269580278
-0.332138307,-0.725195674,0.15008868000743492,-0.513307014
0.6712757155217606,-0.204553092,-1.023988913,1.7165406823304243
2.4843422977705343,1.538912768588918,0.1971883946154068,7.413113525422949
2.297381518579499,1.010018813337914,0.415236119,4.635609044246772
-0.64297989,-0.879556911,-0.366191069,-1.814526495
0.2563167845604719,1.0183633957718876,-0.095813426,1.3103878412056822
0.8864301939822763,0.20155793972997288,0.41586748872435414,2.102412384539261
0.5119260550039715,-0.990125311,-0.169659817,0.313139269
0.27861329402501267,1.2458822556147648,-0.221466047,2.3839366615965907
2.9382969960078023,1.9967149000620323,-0.700902423,10.49405082
0.27338997961996037,1.4547514302538913,0.7059283296855569,0.34875236722549485
-0.839993812,-0.360621759,-0.493353809,-0.981555856
-0.055846501,-1.352465624,-0.372937908,-0.836696433
-0.318659173,0.21622903658546672,-0.917871688,1.8851866956711132
0.12278700770557655,-0.321988358,0.6238304950050064,0.3126370075599223
0.618287648,0.7379762944007521,-0.091897106,2.6060449744201293
2.442623433653705,2.529017117363701,1.8791801764241027,8.374024383386805
1.7684421640924362,-0.002634219,-0.795182565,2.698894983554993
1.5250375372313063,0.7954555673803716,0.958285567,2.170311767772832
-1.395871033,1.5330396857055029,0.19078011143944726,-0.561456611
0.7306308387511886,0.826371515,0.5292462090212766,1.9421453681439553
-0.12890048,-0.085352049,0.9500963255074988,-0.648726525
-1.23935932,-0.173345048,-0.946695602,-0.589207415
2.4394994855342382,1.382685237879163,0.40412727094486917,8.155575425059133
1.337716550048755,-0.469930922,-0.457343006,0.21056222653945533
-0.979296984,-0.022692702,-0.417404758,0.3145701379986241
-2.829021317,-1.445784344,-2.091763643,-1.821188337
-0.175562096,-1.933541169,0.7855097210572319,-1.299853277
-0.899687245,-0.249659395,0.18269100319529097,-2.19741138
1.4205835069208717,0.39433822690241627,0.277530961,2.582048271100467
0.063632785,-0.24527503,-2.145855223,1.2940151050266957
0.9002872419909045,0.15724779854639676,0.49069954475031086,1.6021401350842532
-0.854402595,-0.061097415,-0.07690841,0.959985065
0.6301919925127181,0.500428068,-1.038919045,0.9914458342051473
0.36763418695384553,0.37252367125604346,0.44900990905811383,1.4297399861032278
0.7881164052586398,-0.666037708,0.8621542312682494,-0.103701821
0.843075859,0.3721767763448721,0.3700313540574355,2.2970319945398465
2.365860069876257,3.1160792443871395,0.20423708520586412,10.490489006735453
0.3990503026188694,2.0554389971358478,-1.052023952,4.539837948499506
-0.615455349,-0.464909005,-0.439507375,-2.095302808
0.033445192,-0.000795344,1.9596854899966567,-1.037324483
0.26044472919940764,-0.553199938,0.459752664,-0.364647529
-0.90674568,-1.43176568,1.3557076428312855,-3.011021817
0.4303040015062945,-0.042800997,1.1438091637227157,0.7038481019944414
0.13946982547475728,0.20365716384602053,-0.272818285,1.029969473936982
1.7845640212203526,0.7950670876781538,0.053507692,6.2187303572220625
-0.351697859,0.062343783828583604,1.124470953829368,-1.992883791
0.7415272904319877,0.3331543006402663,1.0267723244981635,0.35510515822694233
-0.939765683,-1.768866254,1.4594523231760659,-2.46576698
1.696356752,0.9544443276826791,1.3973432630189693,2.9450820551012775
-2.599542395,-0.102461987,0.2874059206513296,-2.883104647
-0.638012201,0.12661500333480527,-0.384272857,-2.473502775
-0.728714464,-1.49645317,-0.410691231,-0.954198248
1.572468899765545,0.5222077424276458,2.205889726489923,-0.396953318
-1.394141793,-0.782962906,-0.965112985,-3.035461832
-0.511496425,0.41487904531538117,-0.846664215,1.3415766928465445
-0.060881886,-0.879596235,1.4845706526143445,-1.575363016
-1.624934407,-0.145194714,0.48496254990361287,-3.73544352
0.6161176265731343,-0.181009061,-0.413711753,0.8399522703777046
-1.361559749,0.4813871802072837,-0.366998594,-0.099287274
0.23471294419860184,0.16041083018048005,0.32710208153543885,-0.144147044
-0.383565574,-0.616037804,-1.775883618,0.36038061283289785
1.1630141423298614,-0.278836228,-0.784194787,2.074200190926888
-0.759650288,-0.6516944,-0.410144764,-2.451639315
0.20199321947333315,-1.319923168,0.09126017,-1.114604787
-0.128264497,-0.892689319,1.8906471491872812,-1.990883265
0.054972242,-1.309911994,0.7763561486788043,-2.325890747
-1.345330758,-0.150446266,1.8265070612870962,-2.549200224
0.5160762444613024,0.052359792,1.3227972519912274,-0.428961453
-2.160555013,-0.826262872,-0.21438008,-2.525561809
-0.01910287,-0.772368194,-0.172083534,-1.654887379
2.137511658614057,-0.09587317,0.31673357843581423,2.711134750232589
1.231792605923994,1.3064814469928943,0.8197409406145248,4.802786009455527
-3.214898741,-2.027058686,-0.977192858,-2.572895711
-1.75656962,-2.067647947,0.4242413591381599,-2.89586762
0.9179060207989037,0.20567335329157355,1.034877197075658,-0.260645329
-0.35938787,-0.534364411,-0.624492946,-2.555819863
1.9108694036060867,1.5055392608606395,-0.22092918,6.442919191
-1.29311393,-0.460356619,-0.848545937,-1.040325694
-2.230369315,-2.034706068,-0.607380897,-2.338031624
-0.350390766,0.30705374752922837,-1.303813729,2.005670162642048
-1.052050367,0.6585114409937818,-1.412896172,-2.021961744
0.6768459336035835,-1.184115851,-0.485275475,-0.862812882
-0.108921676,-0.73459914,-1.140063968,-1.126548448
0.40478146012194005,0.5798323353891599,-1.688985514,1.686691853677283
2.073337549894388,1.3576246177187632,-0.15710012,5.674846654033523
-0.913311834,-0.038874392,0.5279232624994603,-1.629404945
-1.683426951,-0.760749762,0.8566191063083599,-2.418432592
-0.821470117,-2.095523754,0.13401070003275117,-1.888299272
-0.86489837,-0.087226905,0.7163630293648178,-1.45032913
-2.2019311,-0.557882301,0.5513469494699049,-3.612153413
1.980168707630836,1.1109978153817563,-0.678741666,3.8617245433065923
-2.430657853,-1.44980112,0.22917953841398303,-3.796557079
-0.18455277,-1.175683577,-1.198868361,-1.857708783
-0.219666304,0.025675165,1.6084318865275078,-1.426678524
2.096232159,0.39342993759322625,-0.009945771,4.239051577336334
0.7508425035243993,0.3347524175800234,1.6505594458080177,1.4151119642307761
-0.428798522,-1.666310019,-1.023916585,-1.585272265
-0.043995933,-0.467427172,0.9115423657970786,-0.626895429
-0.537838246,-0.64977577,-0.966871927,-0.009455546
1.0497688862444192,2.0859134418948093,1.1478567120665748,3.9268887915553465
-0.058457981,-0.86206998,0.9266078296526276,-0.268734109
0.046786754114589935,-0.153996812,-0.775565106,-0.431102409
0.3343618491480642,-0.33019491,0.22704830923469538,0.072903554
-0.022289084,0.1816347692897059,1.6837231028976807,-1.391664808
1.2159207601471254,0.48155107356507343,1.6120139037947607,2.189112946340797
1.5417829164319288,-0.397808453,0.49064400361398974,1.1563350424282126
0.8853878671688836,0.11590196697454426,-0.168229143,1.2457433858393387
-3.033602853,-2.339099833,-0.488975727,-3.648375959
1.0299468766045397,0.38125194083231245,0.9083351075003946,1.6964754858820086
0.068301878,1.3141536697533132,0.087661563,1.3805673435815649
1.6908140380944146,-0.251944153,0.25350477903730056,2.2119852493355907
1.155300812663358,0.41196991459383503,2.3645976155208355,-0.241524643
-2.6849051,-2.261175784,-1.155716393,-2.821205126
1.1727537119423734,0.24345365745728814,1.1142401140599805,1.8045737494833791
-1.24069353,-0.664761579,-0.780104432,-2.008754399
0.7612214358633708,-0.212875614,-0.065251941,0.917756846
0.003233306,-0.339489896,-0.501956339,1.6460711797205996
1.4787865833973566,0.55645126,1.053314463649335,3.728372303
-1.874656683,-1.962677893,0.38232059475769187,-2.750294913
-0.615182166,-2.16463186,-0.605424002,-3.518601556
0.43774375442751867,1.0678977975032062,0.28031418540299674,1.5734968336618662
1.7002892641014238,0.5808965119994445,1.124284812587865,2.3469068587316535
-0.350945388,-0.184561718,1.3750000355786975,-1.458884313
1.0847052276854416,0.023472636,0.9991216942939251,-0.781468304
-0.20207837,-0.197791856,-0.787896308,-0.166215635
-0.710733634,0.45943348177480087,-1.4868933,1.169138342603238
0.7543547020252722,0.033426397,1.390338579428606,-0.277792502
-1.075559076,-0.873171823,1.2035194942439627,-2.146032434
-1.484800952,-0.364940131,0.48023866442168583,-2.994510778
-0.524146794,1.3337897442201274,-2.515126166,1.2135939342752036
-0.789321321,-0.492159128,-0.655414828,-2.819325585
-1.13016626,-0.089634347,0.014346249733351324,-1.881745596
1.500385940813262,1.017305065723717,-0.405115319,2.219042485281474
0.6495217911994153,0.3341636410394724,-0.658848344,1.4177517549010195
-1.809181476,-1.864935749,0.47592255920060006,-4.964449233
1.5740883481724284,1.1552204454255564,1.0767289338675026,1.9808358442276113
0.8257784166244511,-1.021849961,0.2432507513092138,-0.912108253
-1.147804075,-0.894426733,-0.635412077,-1.552774533
2.2129961420379485,0.8289789955849953,-1.483051073,7.640166145375614
-1.621695271,-1.906564636,-0.527943817,-3.484153649
-0.059072273,0.085865867,1.682476048319369,-0.128312597
1.4825813909798498,0.6029831502154909,1.7405167131747366,3.288913680388974
-2.590578352,-0.723193191,1.3207913266969793,-4.172687899
-0.330409904,-0.837967738,-0.450723633,-1.480586287
-0.317884541,0.092403068,0.7117507429042889,-1.973226491
-1.97395651,-0.537724957,-2.273476448,-0.087869351
0.9703936061818589,1.2736042912622059,-0.336972911,2.980026529998427
-1.60630773,-1.379574476,-2.041787239,-2.867736463
2.894250308593368,0.6220451520730619,-0.310193338,6.971022293861736
-1.070035925,-1.015310283,-0.295107423,-3.789925451
-1.141642851,-0.532778492,0.082387998,-1.113334173
1.1347777168310456,0.9166058809753856,1.0557916264356295,2.857822805148034
0.6251249574255519,1.227502107161139,1.4093382301808628,1.2112412805956532
1.243040305000561,1.2492633347074453,0.29402977795054164,3.778090141
-0.167332012,-1.282943409,-0.713259929,-2.186627996
-0.881388161,-0.902024529,-0.477614207,-1.910395297
-0.1968015,0.2839291331708734,-0.706615988,-0.139740602
-1.573753916,-0.817376038,-0.480718329,-0.585550682
2.2038882332317007,2.0117790094049055,0.6756064938996302,6.2289325407366025
-0.707752658,0.039421390761184734,0.6313852523354753,-1.709507853
1.8362390200336725,0.8722167065713345,2.653531069167033,2.659402505147113
-2.174615897,-1.203349683,0.2171247090412047,-2.140406634
1.1607993152880742,1.6277216892150885,0.8322194770342436,4.131902990829204
0.061453856,-0.098422604,-2.230650896,2.018443295774172
-1.36804917,-0.51730751,-0.332276813,-0.880604029
1.650218619493077,0.25959667915157664,1.5104223641657084,2.284776088903332
-2.342502317,-0.977222174,-0.52279723,-3.136834783
-1.065074251,-0.829705347,-0.18676858,0.08954855
4.211935463116671,2.2246241413729755,0.3683664948347671,12.435992795633204
-0.463419937,-0.940870466,1.6606323348557748,-1.683353785
-0.970189066,-1.070371245,1.2655828933924471,-4.129449188
2.484976147622753,0.2527833640311619,-0.214420598,3.910416330301125
-0.73140554,0.16677093566785733,0.3775195015143869,-1.798026761
0.5132941742425259,-0.307759368,0.2724780189016554,-0.671608592
0.6858184757568482,-0.267043493,0.29162451979264425,-0.494707586
-4.034640969,-0.965285993,-0.060449545,-5.706278194
-0.097254704,-0.041190071,-0.487759706,-0.659436638
-0.471504172,-0.655274061,0.18635327633445578,-2.532000363
3.008818876055093,1.888795631443041,-0.67663239,8.654112364070379
2.492410746645313,1.171071563026746,-0.606077741,5.778636416598811
-0.055294964,0.19070288892865528,-0.321301326,0.47964119297158025
-1.812188141,-0.85472431,-1.023527416,-2.531611097
-2.226955576,-1.712258616,-0.28895482,-3.12608294
0.46406914,-0.806523858,-0.517889021,-0.477616951
-2.279204379,-1.159328309,0.9018147176623211,-5.901248587
0.8257435900077053,0.9100530202053905,-0.577577097,4.338530862245555
1.5192566430805559,1.3935484716332822,0.6976250822776437,4.9181911537190945
1.1337601040873966,1.6281565827251556,0.7963540642845884,1.4635525730012224
0.488089455,0.617569978,-0.624225968,1.706539027160525
0.5688223522065733,0.2699175238740041,0.045852625146453975,1.1856939833505027
2.6147087313870125,0.7279289328502581,-1.013851377,5.710718093094563
-0.948496841,-0.502026316,-1.361150749,-0.097860785
-4.034897991,-2.425749237,0.2566118827362899,-4.348742056
-1.334070009,-1.24561512,-0.457230471,-2.198105439
0.31825838455467903,0.3185364417726776,1.8574539417564624,-1.695489829
1.8988149816636672,0.25027476855870234,0.8926570955374785,2.977955213906305
-2.605546421,0.23684939690294796,1.8642631709846267,-4.553432654
-0.642935958,-1.348505531,-2.09420368,-0.739683787
0.7863810742022399,-0.561084785,-0.911115008,0.16691728960395125
-0.707913342,-0.215999307,1.826870985095048,-0.885060436
1.309392811821089,0.6447272111883084,0.8048494866495979,5.042854436689238
2.190565562,2.081664939617371,0.6343931926866103,6.875942784727279
-1.054212862,-1.411885162,-0.064710831,-2.109113663
-0.049690607,2.1339815226323218,0.092744049,1.1736094199742673
0.159014762,0.7823345875022795,-1.41782525,4.023569071558887
-2.382069778,-1.082419494,-1.552502471,-2.787893013
-0.441635794,-0.76894766,-2.030517134,-0.584053704
-0.799927279,0.039958319,0.9852037087006256,-1.246770461
0.7852260012571828,-0.202060877,-1.047172705,1.452050104815099
-1.401978157,-1.430581547,-2.09381763,-0.83788756
0.7929899162664531,0.4697490520036143,-0.378775996,1.9981797687770355
-0.321484657,-0.162975173,0.20661803283372815,-1.867979037
-4.216349357,-2.508660185,0.16448631507895065,-3.181670027
3.5006100755129435,1.5778002075748574,-0.082277287,9.226987635393947
-1.04942893,-0.529830322,-1.746804016,-0.019659948
-1.618413052,-0.539823496,0.5884549520229027,-1.660765177
1.1238326560934444,1.0904055785935955,1.2192221890371253,2.7989942243743227
0.8001719624598583,-0.083793715,2.6029544101822717,-1.215123391
-1.6157485,-0.756189241,-0.29646397,-4.180302881
-0.149941902,1.0807028679540334,0.4584667789589492,1.2201813312866938
0.1151899925313957,0.33014092197056416,0.201132092,-0.467434971
1.3677229728720384,1.3729556472074143,0.127276053,2.938011594370365
-0.437695991,-0.076496698,1.1825848244274573,-1.999708474
0.34840957774136766,0.7343237528264729,-1.26154139,2.7218331766361654
-1.3605887,-0.518758663,-1.110821911,-0.981139152
2.097207984335561,2.041063420072567,-0.135252011,7.635516404051207
2.400909981867235,1.8107555181304762,-0.586533515,8.223884560606589
-0.035975668,0.14464450195501982,1.136404714406863,-0.680389987
-0.659100873,0.41925690784850894,-1.011037711,0.8365635356880935
3.1641212166811794,2.611965449922739,1.677961612384492,10.026240017946424
0.7327762926455257,0.5800547090055171,-1.544411726,3.7643701823925877
-1.211955406,-0.410887533,-0.26149878,-3.544804862
-3.251684268,-1.574418521,-0.628675878,-5.245412888
-1.161890652,-0.721406469,-0.204987381,-0.783987918
-0.542165611,-0.126627776,0.021946186,-0.510538127
0.9907242282810488,0.43002716727202905,-0.092804959,3.2142888932372204
0.37204548144442917,-0.188825696,1.0202303642414128,-0.282997005
0.7303001818636766,-0.003368103,-0.370193103,3.1363056069156157
-0.539633919,0.548037936,0.9043966490913696,-0.589067186
1.4276437091992118,0.9780707526785218,-1.280643085,4.873140622065024
-0.595574301,-0.224175051,0.22845760453059952,-0.769036453
-0.968005766,-1.006408545,0.789678519,-1.574513065
1.210562741724229,0.8042539024357334,0.48547642615388975,2.496060728921009
-2.210687404,-1.87953037,-1.57033792,-0.240844253
0.4334896956617468,-0.078571665,-1.038437996,1.5965272080165447
0.7033627616538765,-0.582942431,0.5563423248783205,-1.330294281
1.6323148454992786,-0.555511453,0.8184139242038933,0.9417059269291408
-1.540418704,-0.596069688,1.8956708826945672,-3.911565387
2.141733365,1.5345502725157036,-1.425892445,7.938984362
1.630078948100663,0.9870296196070827,-0.004778341,4.792887924620769
-0.237221284,-0.231724021,0.2735799635574488,-1.114271286
1.8949565169486449,0.4215147255955851,-0.218162573,2.144415312938028
0.7215048926032737,-0.309962453,-1.329631493,2.255311266480585
0.5624102731990426,1.2780355013258076,-0.506106659,3.1647063833688436
-0.26315298,0.14326050995831818,0.36114814359663544,-0.144659312
-0.085385807,-0.273915336,-0.739616473,1.1211669103002413
1.0774869274295442,-0.527426122,-0.222116479,0.9897803308014104
2.2125314245565884,2.2559132239476414,-1.033210999,9.653695458302261
-2.386235323,-1.540139378,0.207757029,-2.46284447
1.1927953579560213,1.5466751363271751,-1.197124567,4.307988368611273
-0.320143577,-0.898320298,-1.932454465,1.4659619315687316
-0.036761175,-0.050149004,-1.208507571,0.9940839892827134
1.3901593574715794,1.670214493181949,1.356518444708445,3.6989361793769517
-1.16752097,-0.7345514,0.3231683879557951,-2.424642454
-0.880179602,0.6204741733137599,0.1635764752098667,-0.007152526
1.8682934779010016,1.4153020512708425,-0.62019051,7.384439589006777
0.684012837,-0.256438486,0.8306339558910973,-0.253368353
-0.014634965,0.3932244949369665,0.006458344,0.42937457988691957
-0.284014007,-0.760959495,-0.732654996,0.9791606910818033
0.5512457024585646,-0.209147087,-0.511617597,1.3111531907546317
-2.291003918,-1.553525656,-1.093974237,-1.384452289
0.8725667383593968,-0.125620362,-1.235811271,2.9773976278873384
0.11411569336560357,-1.407964811,2.1375770038022974,-3.224044459
-2.543984569,-0.534061808,-0.017461417,-4.032771151
0.35923980992979937,0.038139316,0.5240608796742237,-0.198365608
-2.215707502,-0.761723594,-2.009133551,-1.83193071
1.0634395305439504,1.5544663523166746,0.8770100778293013,2.9364895411873078
-3.352068649,-1.744694508,1.4931007567519403,-4.171700982
-0.299238939,-0.60955726,-1.224565221,0.4241502804788748
0.1820283751821522,-0.11708324,0.8298795995685999,0.095718592
-0.203273096,-0.405464038,-0.635247768,0.3295964551740666
2.996242762133179,1.925619505237225,-0.380748413,8.756344166539495
-0.236825959,-0.376494193,1.1226994067275657,0.013950446746543887
-0.517717706,-1.458824969,-0.308033376,-2.980340064
0.3329568290864501,-0.817923297,-0.012867616,-0.853545188
-1.778185558,-0.87773722,-0.562158335,-1.583920553
-0.985651254,-0.171004898,0.15641620531841938,-3.266557081
0.6004620156729844,-0.061339324,0.5304439622855006,0.6804169078494766
-0.218842763,0.086064265,0.6555940103014538,-0.449356046
-2.742590241,-0.094049319,0.1298335970111675,-5.162977298
0.5066011818403151,0.23645408005393176,1.3553214964591298,0.36654251561388845
-0.632283583,0.31234805187715553,-0.51541521,-0.901778073
-0.648421591,0.44988572056815374,-0.074415562,0.5314583817582773
0.2484045986579418,-0.069499788,-1.032067629,-1.40833524
0.075753174,0.45562035189686967,0.8409730965290523,1.875029493955915
-1.144012353,-2.443248161,0.12226541587247093,-3.488748826
1.9848042678871325,0.9767351925942885,-1.485694964,6.672229368787841
2.7454147125038797,2.6542431941051428,-2.064049184,9.206139476980804
-0.532278038,-0.659368515,0.5183931599456407,-1.706854584
0.1580159781730523,-0.448458603,-0.351598679,0.2654987271579568
1.1383522644864537,0.7674077863539192,0.9044399793922032,1.5598731925324691
-2.811632658,-0.684728706,0.29560580467872083,-2.565299491
-0.364946647,0.3748601086133761,0.5128639633938722,-1.342311793
0.09164933,-0.600445402,0.26663484434985457,-1.091207351
0.74758931,0.1518651217546189,0.36810588449553167,-1.765765701
-0.902675586,-0.475070622,-1.196467008,-0.663378868
1.9054281092681746,0.8691536740479768,0.4763246236219555,5.470428377821944
0.47604375997213105,0.25503622926804126,1.0382001414084647,-0.839690917
-1.044316986,0.9562470238905276,-0.657801289,-0.815644132
-1.077591464,-1.133980949,0.7922378915749464,-3.621453857
-1.019126179,0.3016023521163954,-1.12261053,-0.08433679
-2.200618873,-1.690188211,-1.082122562,-2.917814193
1.8673476618309581,1.258977342912874,-1.760090683,8.032114214418543
-1.514582036,-0.775425968,-0.490952988,-1.023811647
1.6216050322963942,0.10563357646087562,0.4359685476388182,1.1739593225976546
-1.176924205,-1.048845835,-0.373727562,-3.508861983
-0.883607701,-0.264129086,-1.157462956,-1.400865564
0.8194387438327313,-0.26909494,-0.629939448,0.4621530783220994
-0.213944561,0.21690756534965577,-2.607492165,2.699300456693087
0.9721057852965654,0.36963130414254985,-1.263454801,2.438294142
-1.664600323,-1.074557075,0.8567828745802083,-2.591895901
0.013727950094311825,0.656626266,-0.554115696,0.25559190321921965
-1.589784933,-0.077936703,0.7564090023750838,-2.288388644
-0.451055152,-0.117358545,0.37004975442642185,1.203381153920228
1.779315818215795,1.7706848636484744,-0.568144783,5.671789089057175
0.2752868224296863,-1.455139005,0.37076270403654743,-0.099151011
2.5676738708103035,0.8525385794718902,2.6260650265477747,4.615318966634599
0.073638926,-0.432334883,1.7513199525592242,0.6972139237623076
0.6836377062045703,-0.635991164,0.664108518,0.37389419931292184
-0.693405557,-1.208349008,-0.871325868,-3.86378916
-2.449526941,-1.780505193,1.533070171224634,-3.849532946
-3.145187095,-1.89038132,2.384723624335622,-6.537544238
1.3367049484706386,-0.290496527,0.11241219592745735,-0.31098559
0.12721826742224218,1.4624332259891337,0.075293374,2.321584077
1.5722476330824535,-0.939046956,-0.420278894,-0.921430959
-3.350163883,-1.499286983,0.090944176,-3.608107431
1.3641881760361758,0.6731975095445495,0.7706481328038163,1.221279055366474
-1.60665486,-1.088352717,0.6008140777049106,-2.612859423
3.0323816654449067,0.7320433661948084,0.7747075480818298,6.158915756385209
0.32370100600825086,-0.432415262,0.2499212505142957,-1.145368813
0.601728438,-1.02094842,-2.867605718,-0.590876456
2.0037461136790764,0.8375245005863349,-0.851845355,4.526497261116977
2.1274534675953802,0.7488184179328111,0.7975370200300541,5.861565077590977
-2.509835278,-1.616208723,-0.291675012,-2.178078963
1.008885378735796,1.6571785240911747,0.7278510228375448,4.018918214
-0.398623393,-0.732372589,-0.129451755,-1.824746338
1.3049570321029962,1.2107957603799042,0.7169665440673841,5.156006293018451
-0.783173834,0.020787555109245424,1.3290545703508891,-0.776358269
0.006862267,-0.649978136,2.7991743478497635,0.26905701120916126
0.38062778273607356,-1.045079835,0.35884987694079806,-1.383589168
-0.673731234,0.24998052921137548,0.16397900003101126,0.632259735
-3.194322805,-1.151541648,-0.404473449,-4.31938404
-0.938826586,0.14050168445553476,0.29711791230757084,0.8660947287828153
-0.878707117,-1.016494203,0.22110589751459916,-0.626737195
2.397869661950096,1.3504612305366517,0.9415686440443582,6.056949768013408
-0.774784946,-0.654309457,-0.544200193,-1.675933649
0.9963842696210976,0.9786551887294072,0.3970925605904196,3.426494096090332
0.3234916319883233,-0.478563086,-0.00138726,-1.990189008
-0.915367196,-0.38347929,0.43052403545625284,-1.792646794
-0.200560416,-0.410787691,-1.108142395,0.9954926477930786
0.40206877830343846,0.1865190736455558,0.24380247260750773,1.1784976217848433
-0.724908716,0.6779759342883043,0.8523355914940547,-1.017298878
1.127940627636987,-0.962135256,0.17562743526224928,-1.720499191
2.4610041122323256,1.0769956273727341,-2.016122872,7.490611726399356
3.853351312580981,2.413725246068312,-0.80213622,12.084998634585695
-0.269667311,-0.506458243,0.9714200347378216,-2.61096942
2.9242748396132656,1.8029497641084165,-0.285392339,9.689303168863319
1.3385265220207954,0.25974041569683226,0.27247501877299996,1.6869433775688778
1.1189630487563096,-0.696502677,-1.366931929,0.412938033
0.6960556573539384,0.026597482086486508,-0.526309296,1.0989488433085082
-0.868558311,-0.443577174,1.6045265241282558,-2.843367607
-1.097126471,-0.141914686,-0.073438943,-1.642900444
0.3975202631075979,0.482815847,-2.335329438,2.5046981211738104
-0.028862466,0.1385299357315409,-0.527709138,1.0897622632891113
-0.845561746,-1.828251999,-1.29895091,-1.910601319
0.8393174800981906,-0.690585261,-2.979715845,1.3866110374710245
0.5152230517262658,1.0797765353357196,-0.281252391,2.2882400058402914
-1.301188845,-0.801693262,-0.486711813,-1.95622603
-0.46927929,-0.620150633,-0.836098825,0.010894275
-1.586489488,0.23504996859761088,-0.126096732,-0.739709048
0.41375487932570393,-0.415984598,0.7645582064412606,0.31709152980428756
0.7774121457664358,0.4576260188823683,-0.422931459,1.3768640983767289
1.2615726448161566,0.5147224707804612,-0.410039999,2.899716213795905
0.43312985,0.8978804977913619,0.09459618,1.4844285170213092
-0.373717024,-1.057950808,-0.326175455,-0.476842753
3.150535963685523,1.9810961233147417,-0.07805618,10.182885450431055
2.580749051762547,0.8137824052587675,-0.100325942,4.4538735338822715
2.457004355188478,1.8022900917821572,0.065216302,7.973298564687347
-0.307587294,0.16808069530044428,1.352402573844513,-1.464619372
-0.084966431,-0.406153527,-0.741817298,0.19398926296199015
-1.112065845,-0.159779785,-0.047924031,-2.659201937
-1.047191124,-2.078114687,-1.654279582,-2.023795586
2.192209922481391,1.8892332936985738,-1.350221768,7.703233260374189
-1.64244309,-3.338843943,-0.266295365,-4.009246883
0.6401358064909679,-0.383279843,1.1380917175020608,1.281758263234409
-0.685400333,-0.294530227,0.24192114198418244,-1.323576943
-0.937834988,-1.090546361,-1.329839576,-1.125441584
-2.192750529,-1.241499955,-1.460978385,-4.175527356
-2.901260394,-0.065474194,0.23548063410786624,-4.291554963
-1.165927922,-0.182338875,-2.184023896,0.6598004158884245
0.7176954268987801,0.2253810136262852,-0.411598862,0.4403090679114372
1.2714379549249275,0.9563117729295133,-0.227595598,3.309071054
-0.165633951,1.280566659052229,-1.786128676,2.136217583420693
-1.373969014,-0.589532287,0.3746758355017446,-1.497155593
0.44710859075467824,-0.663602805,0.24506320867030076,-2.062637009
0.24177039682554113,-0.267548504,-0.491476536,0.427696511
-4.093281605,0.23194613946605686,0.10716759369099882,-3.582772622
-0.034550809,0.11231668165165205,-1.364633824,0.8045999061288363
-1.421336924,-0.999354945,-0.127494165,-2.895315487
2.0900450604463834,0.689316054,-1.745006712,5.809193675774683
1.0531173172671568,1.4391252142117972,1.179466882,2.830913349058312
-2.564011694,-2.47637125,-0.010844417,-3.210577277
2.6774548566716465,1.6837533379938658,1.9351399968428056,4.828296979020682
-0.205151429,-0.080012714,-1.209538506,1.7068423952535587
0.6817624141787038,-0.04371965,-1.602559828,0.9053402481402912
-0.603293658,0.4467058128950775,-0.103046753,1.3391547767923297
1.7204829140628424,1.214600794,0.063084329,5.844512944140652
0.6993514517535372,0.9063095627456166,-1.498201429,3.278791603
0.4592384587071709,0.6286208431623688,0.4684749774041527,0.4874182761703988
0.6875355988427081,0.9700547794604554,0.050875176,3.0890899617182104
0.2911517403029805,0.8542084280164548,0.19572045026968896,1.5990105763685518
0.3595399027685118,-0.151142013,0.928891015,-0.570512432
1.7362634660011713,0.9525910680200873,1.0412693021978494,3.076933178544859
0.091802852,1.1365393569493356,-0.30400784,2.0926705640468852
0.516648788,-0.277570067,-0.106125443,0.558680041
0.021330927737741368,0.22270207589042626,-0.306482118,0.7625308339786642
1.246077889188123,0.789316781,-0.396364657,2.707447341
-1.55107232,-1.463380493,-0.903830716,-1.110040315
1.371173414,0.1517739261033129,-0.537720035,1.625003832
-0.964154936,0.9322138905671375,1.163553293368425,-1.86818445
0.3968244738270884,-0.108600387,0.9616247539211205,0.643239064
0.9014881425080028,2.126852927602075,1.2520847496099585,4.035463119168467
-2.616708304,-1.789470962,-0.969879006,-2.14829905
-1.170512817,-0.733510206,0.4254138780044913,-3.388679948
-2.519307495,0.018993607,-0.022587913,-3.338504258
1.0391787099771381,0.22911531894243525,1.5396346910457401,1.321588270097328
-1.379761873,-1.705330529,-1.021738895,-4.57126144
-3.497875954,-1.24252585,-1.810176792,-3.31878901
-1.402485018,0.7194628064361793,-1.433502071,-1.825097594
0.3958619231432664,0.2594004812574629,0.5660620751749925,0.15919432528114152
1.8909805809574296,0.2550843000789519,0.017225093102496033,2.637590730442334
2.3602801616067834,2.0432930482014915,-0.300955684,9.674485192154613
0.8661286608225152,-0.756484907,0.2744390535747606,1.2190905609832168
-2.15137439,-0.189607198,-0.02163791,-3.681921409
-1.684527839,-1.31722878,0.23482387135332966,-1.312185411
-1.095396811,0.49916253755047946,-0.907589624,-1.682876395
-1.116139047,-0.721706815,1.421469897,-4.967559646
0.14837845098728492,0.23496272768258664,0.9535406108165795,1.0726501961790404
-0.635299816,-0.252808339,-0.968978346,1.4464510224483467
-0.209591386,-0.186693473,0.2884461802711167,-0.763400474
-2.393522661,-1.879406337,-0.642913361,-3.480590196
0.14989370069924188,0.072836212,1.4065036529943982,-1.253422267
-0.729717785,0.01576288,-1.757827966,-0.561830435
2.2257359512329447,1.1109302293726677,-2.734470944,6.896009524206169
1.0605065708161423,0.5939089268102589,-0.115863044,3.3457193381856882
-0.314725692,-0.689935351,-0.180302168,-0.74539779
1.9054464341474255,0.5954157891121233,-2.084767644,4.457765929393917
0.4447397676536022,0.443454843,-0.920161143,2.066398039516462
-0.831107827,-1.005752646,-0.432483961,-1.725573235
-0.609422188,-0.873596633,1.0852046548705523,-1.08145266
-0.526790737,0.11440182548941745,0.07915405,-0.756839756
-0.249533307,0.042491918108083476,0.45196732397384415,0.3263108622477531
2.494342234353157,0.24426346105921942,-0.685995854,3.593483707268895
2.1304699966949645,1.3915621278381116,-0.879982982,6.375013510183812
-1.789241521,0.46652431004589734,0.49018731953433414,-2.389658138
-0.392862808,0.5897390005810431,-0.018099263,-0.493983561
3.4334206249495454,1.3141432759059877,-1.093654917,9.604730762941474
0.025747303255792234,0.041517121,-0.809885501,-0.69126839
-0.533184113,-0.671426136,-0.522155461,-1.401797612
0.9873233026501389,0.7362289706590587,-1.00391627,2.737858169912295
2.2892010365470963,0.9140235081593611,-0.428130422,5.319279609790409
0.25582144154370445,0.7729246421542397,0.082581706,1.3411633619011192
1.015176489164266,1.2119414299526428,-0.582684319,1.1463811542882287
-1.719738757,-1.898913683,1.0232801392723176,-5.503766001
0.4102792825407624,-1.436229354,1.2560603407555033,-2.198409034
-2.255664062,-1.296959219,1.4613054243537207,-3.896474545
-1.446536897,-0.073427146,0.06955216,-2.529078521
-0.41510494,-0.415074291,1.2532284882999187,-2.264841094
2.0729615566088375,1.3830899814631146,-0.710002579,6.247003082903801
0.4553731954104277,0.8611277435203899,-0.768531158,3.007858405315181
0.5607722365412043,0.1087304883584139,0.7121344220748052,0.4554409642862812
0.7818444560793785,0.5042001589874441,0.5611194112526268,1.9123617512818463
1.390346982750279,0.1814158676990722,-0.751751943,2.9023644636929937
0.43209479460315386,-0.429724742,-1.102017467,-0.454992693
-1.080708481,-1.018296289,0.4520961875137694,-2.647234465
-1.67443864,-0.480471172,-2.139069925,-0.370211376
-0.124962344,-0.435176336,2.9010490337062587,-2.711843762
-1.173774361,-0.395121025,1.2594150657029348,-2.631989169
-1.359131905,-1.316164146,0.5701528114875469,-2.688495988
-0.450041759,-0.93165293,0.6879639271388353,-1.803771345
1.6715330924712037,-0.450231562,-0.370417437,2.001877080997228
0.8484505326044904,-0.775596072,0.33325457747411824,0.3511321144803704
2.0145700870713705,0.14628580403674515,2.275050058604646,1.5448185551212097
-0.330453087,-1.100680883,0.7170058742832336,-2.863730938
-1.265923158,-0.693395593,-0.700542247,-0.642683886
-0.128394636,1.327507058032345,0.6490540764785477,0.89983762
0.7988271847208587,0.2372185986942009,0.4133248749323532,-0.04214147
2.0040775491233664,1.5071128793895396,-0.063616226,7.2557629115606135
-1.359445969,-0.035166566,0.27917661530619853,-1.108708639
0.9180289374673762,0.45555101347280397,-0.502161814,3.720036955410168
-0.693668546,0.23047036489034264,-0.415053953,-1.017360698
1.0077276584361559,-0.565740227,0.7909751106745028,1.2280826955863964
-1.19235214,-0.947655446,0.7150532489937009,-1.351288184
0.6939867729445657,0.6682763532417321,-0.523129029,1.415174459353277
-1.436837896,-0.931877797,0.21113771678379104,-2.256111704
0.14648850665664415,0.5010282661854234,-2.41869055,3.671119650558756
-0.395292034,0.12100048232791875,1.8936538354709593,-2.932786303
-1.45579654,-0.911176388,-1.192080451,-1.255962672
-1.322989102,-0.43457266,-0.551265584,-1.98190125
-1.878356603,-0.90793323,-0.024845281,-3.115698389
0.4868296425025441,0.4950805750463375,0.8973831770212759,0.8579197764409536
1.448293491912308,1.0094609596698094,-0.309489606,3.833047891308339
0.763138379,0.19837717343820785,-0.144291667,0.9012839130163423
0.8509426020852521,0.9909134337353205,0.545729907,4.223838436123785
2.266952703452878,1.651008200386678,-1.378551131,7.634890692615881
-3.113409157,-1.47804554,-0.46798694,-1.937327064
-0.556665485,-1.331960752,-0.638341269,-0.930055707
-0.167560354,-0.53340634,-0.9868703,0.7956138722591458
-1.332010784,-0.841536672,-0.023344257,-1.37695484
0.6577645096349363,-0.317716933,-0.327881336,0.11882085863495795
-1.760123655,-1.0956428,-1.05105965,-0.420044909
0.5863138495596463,0.43477203823275545,-0.366367802,2.313486991510441
-0.78063461,0.6163351972460098,-1.091731716,0.1845230853183102
2.0262205215618865,0.6026622661711147,0.32616422599845124,3.4687594881706616
-1.030471031,-1.062283798,1.6981270155783992,-2.904977625
1.0526527217820583,-0.674560487,0.2659008209122175,-1.066154705
-0.298385218,-0.908831768,0.883040197,-2.392086441
-0.471611862,-0.499898695,-0.9334658,-0.546307395
-1.036900021,-0.320177997,0.42987308506230093,-0.750110666
-0.970385572,0.015389892776181637,0.40867403221740756,-1.238140377
1.138247719528375,0.7909659369572907,0.013512528778405381,2.8774084475105672
0.2186342728020194,1.2991571231895582,-0.264564492,2.5698520419169437
0.4935847346550861,-0.433882203,-0.080681357,0.24384211957865143
-0.63411443,-0.778181769,0.31956063602351914,-3.552470707
2.9056433262244727,1.6819435562463065,1.852209527185717,8.678049589791542
-0.132620107,-0.302931388,0.4859025834269948,0.49949994489284333
-1.764267532,-0.407059416,1.2027689832695965,-4.627242697
-0.414782412,-0.846399119,1.127272390604215,-2.878055539
-2.408038896,-0.626746816,-1.764826893,-1.579760992
-0.770462086,-0.382298019,-0.296186221,-1.807555777
-3.191959019,-1.456808221,1.5844918768329703,-4.628527548
1.1265991402365938,0.608120694,0.4849184724215508,2.520114518
0.9912245131722994,-0.154053605,0.8355086583705353,0.8633569415340971
1.2420436252095794,0.7145083058048063,0.64074954,2.974528084704094
-0.842679182,-0.334938466,0.7248036577851252,-1.036454431
-0.424321253,0.090367935,-2.346116499,1.2524272468518383
-1.615912264,-0.138425315,0.39740074730319536,-1.328455878
0.6285619015442885,-0.588853823,-0.401909178,-0.181852177
1.1121900672327705,-0.100537727,0.17202610632947352,0.9537674932062893
-1.512624351,-0.14898372,-1.282544088,-0.744616872
3.5796880628877883,2.0975931487607697,-2.170531086,14.80912114593933
-1.942207243,-0.919861825,0.9150704726827685,-4.445629758
-0.206959032,0.2919783651630681,-2.401123136,1.0519125839236467
0.7681219659046772,-0.008058103,-0.614969069,-0.042832081
1.9366845788456404,1.06209076,1.5035667439591165,4.710385608766922
-1.249106026,-1.302515055,0.430026194,-3.500870911
-0.531895399,-1.080046097,0.6483536988344184,-2.059754581
-1.213435612,-0.902987854,1.2952012887981805,-3.76361486
0.9271710346626241,0.21477621998177227,0.4663727495394408,1.5060341742058938
-0.003337849,-1.063502105,1.2082300512426545,-1.973791612
-0.542841834,0.6194472967448699,0.6805335078463537,-0.76081072
1.055355377,0.6225534173945291,1.3051582205722272,2.5880462826982384
-1.387817749,-0.295964494,0.2822232033034844,-5.10617279
1.8429108316222635,1.1143434288318668,-0.020274684,4.0241900562692265
1.1543923629415886,0.8722623507620896,0.8663661407084804,4.188364125762267
0.5205598490139947,-0.486457541,-0.058779644,-0.904056973
-0.80440494,-0.559176584,0.39935229290156227,-1.053524749
0.41600226505283844,0.22507036196395114,0.032509963,2.1390702050333874
1.9773058394040341,2.166734422432207,-0.917356275,9.514971861
0.2125183420873813,0.9540332417801878,-1.03425701,2.3613671428758303
-1.026085403,0.3345759537047349,-1.525231601,-0.200421447
0.10521622627680721,0.4693737688141385,1.052171634513576,-2.000115817
-0.529314223,0.2185217995616301,-2.182114029,0.34733996185251775
-0.703064705,0.6317419014975038,-2.058900862,1.832514362057277
-1.762049227,0.038547965,1.3748994820984222,-4.519473817
-0.995151633,0.4738911795562952,-0.9451442,-0.744485466
-0.561452201,0.2943424462304019,0.19465326426771606,-2.560564677
0.6439391384697211,0.5893003034850554,-0.30231626,2.301675282
-1.151253733,-0.742573984,2.0832092370891386,-1.31078139
-0.386737159,0.6644412133987889,-0.99451456,1.6082996391356676
1.3866697892521498,1.2833970764530633,0.37780078090423436,5.596062540121544
1.2934209045761176,1.1408853486921091,-2.231984506,4.817952274299161
0.027927730542949947,0.3430449158176655,-0.421204261,0.9788405348457344
-0.385142721,-0.296218497,0.3320616663138301,-0.257742321
1.6391323480096245,0.43965436724560103,-1.224494397,5.400185575442785
0.37562593173418835,0.8163044626666502,-0.321781865,2.423284110704957
-2.163753805,-0.810845298,-1.713724105,-1.053182841
-1.473432884,-1.301253335,1.0825417264261652,-2.348808351
0.22136081128577068,0.4608613515499046,1.288986523,-0.905967304
-1.448127061,-0.961730611,1.5049745805016275,-5.632700771
-1.431283794,-0.580566352,-0.195884943,-2.658822423
0.8503255316195428,1.301585597871398,2.3993868861733496,2.253534111614581
0.4213835174142121,-0.002526903,-0.126652043,-0.18052498
-0.129267919,-0.889576956,1.8981765274929538,-1.777578919
-0.56324681,0.5422116049710985,-0.242304664,-0.57967874
0.4606821676984898,0.098044775,-0.253156782,0.3709306596157044
-0.498197045,0.8481023124329707,-1.673008646,-0.168803685
3.2561762865375856,1.268227962142221,-0.18699444,7.670032404674004
-0.57936283,-0.376281288,-0.310477133,-0.687448208
0.4308892259718381,-0.55615099,-0.659464289,-0.018903526
-1.219067199,0.3234210511457387,0.9602300324475479,-3.019860083
-0.97260384,-1.0623524,-0.808409055,-3.278743792
1.3450679369749694,0.8782320058317916,1.5188597496469491,2.3138375939387577
0.42137704071994364,0.5424693798857482,-2.134476096,3.879169696046702
0.5180849328682949,0.1198224728494425,-0.372126625,0.12001791618450719
-0.328184413,0.15308902877681632,0.20471999079765094,-2.70062096
1.196900155806616,0.5937776845200858,-0.85494426,3.896872031609693
1.838733397641018,1.6299568928351438,0.13978449312966082,4.696360531108619
-2.601370602,-1.476199197,-0.036364776,-1.932953719
-1.829374147,-1.170392123,-1.202312425,-1.611829919
-1.877427021,-1.112132798,0.3842932045185765,-4.006158982
1.0921336634099081,1.1015382998339813,-1.747066819,5.208025122193772
-2.277035676,-0.08283834,-0.826762138,-1.8772163
-0.386058025,0.9310989324757873,0.38037335256354027,2.3102548960657536
1.1828752513983711,0.24387894592470385,-1.391915038,3.546447071709236
0.9466793135354469,0.7540702410226474,-1.752275698,3.5747905112650966
2.726955263397363,1.7181737697504726,-1.321620219,8.542982508112923
0.874165778,0.15043031083963188,0.5976558075456238,0.7310220219098728
1.1024826634313802,0.47103597453098456,0.40565447994556003,2.5206177568540635
-0.054215067,-1.050381378,-2.41733634,0.011772066
1.0384134677124912,0.5570236477658056,0.38733681570137696,2.9952147021141617
1.373947854407742,1.3625000220974663,-0.729802292,3.4443318367892912
-2.522137927,-1.59461821,1.0169051019672477,-4.450841704
0.16775960107991672,0.037841883,0.3902602681104989,0.6318609580919761
0.24442560431782023,-0.653359775,0.6050397599580372,-0.967205565
-0.390638976,0.4062222809092384,0.9106615061492581,-0.267187836
-1.892785283,-1.153396179,-1.297705844,-1.009279945
-1.757851377,-0.375524285,1.8252407723255493,-2.872471254
-0.374228622,-2.124798482,0.016849069051456927,-2.108152906
1.0797874084891075,0.5302412349161821,1.1880502565405993,2.168109421
0.32072326254884664,-0.35554276,-1.417837622,0.24608692890516015
-0.592155936,-0.955030663,-1.159990151,-0.538216036
-0.560391633,-0.841813229,0.2946861225141836,-3.590925078
-0.306633669,0.8949989637930921,-0.756218366,0.6756158942503546
-0.859339255,-1.594015976,-2.395937947,0.140525525
0.7893296479314349,-0.182568634,-0.344520087,1.3413994029204555
1.480771988011539,0.9371518105137162,-0.307781981,3.843512680362744
1.543539631206817,1.023215554756106,1.0888044916690325,3.955059833047502
0.2450443225504772,0.10017832639711786,-0.029979019,-0.154069483
-0.079690299,-0.550353046,0.1834987840578103,-1.175676982
-1.493139968,-0.076898274,0.2679214884886804,-2.010198824
1.0269147870474185,0.030220925646777894,-1.328774611,2.0733867834702457
-2.379670256,-0.561809006,-1.275839791,-0.406477205
-1.740799436,-0.389821572,-1.11892258,-3.467441805
-1.03490644,-0.99076284,0.9542032767963685,-3.26764313
-0.5826138,-0.753457139,0.069899218,-1.897375256
-1.478146347,-0.228328762,-0.353544908,-2.267448422
-0.069062916,0.2451571634163415,0.6468713848652528,0.48712373099304984
-2.403215388,-2.567261408,-0.20914864,-4.406012292
-1.133376941,-1.103688708,-0.089475741,-2.223068297
0.13254576995001632,-0.535502032,0.8322220479414746,1.1659116218430796
-0.599070007,-0.606723989,-0.39513943,-1.667456655
-1.300702921,-1.643009754,0.5958487454689759,-2.032854594
1.1041438489991877,1.3154693222234992,0.071285486,2.2827679245227372
0.7490956618594665,0.41466421679825743,-1.170167507,1.6133155330498012
0.2069422919638182,0.8162303671733286,1.543864367667864,0.4078402973637704
0.41946939578063663,-0.159006404,-0.112744773,0.20300314332687389
2.3595221930717925,1.4414818549503965,0.9490535446460828,5.654846848906356
-0.064374219,1.2989634617072867,1.5671066459558003,-0.34418197
-0.550858299,0.18469877360033687,0.026680393,-1.734085306
0.18233069702930593,-0.783026805,-1.482266612,1.1858989771470985
0.1818884497058254,-0.072098242,1.2726025207541498,0.6699489688379755
0.20055726027134607,0.6647804614689399,-0.362117534,1.998521555960651
2.769884506,1.9246456433623478,-0.894652942,9.631849556
0.7258302991280726,0.2548331235867207,-0.658518437,1.8985434747031589
-1.739555959,-0.492944857,-1.511869895,-2.737330431
-2.242616159,-1.124360455,0.8109500058761318,-4.684525604
-0.761765791,0.42315679811903456,0.654428248,-2.06975589
0.052642605638458004,0.030120200446817128,-0.795564703,2.234279712507842
-0.221821893,-1.741524548,0.024300457906077308,-2.112430154
-1.098183109,-0.222356324,2.215458382040587,-3.311748187
2.1106816202978185,1.9223360399600986,-2.055457959,7.365720957479313
1.1464452187566267,0.6550755855061299,0.5839664687911034,2.805690193
-0.180920434,-0.224301085,-0.077820047,-0.995776049
-0.499180832,-0.79330251,0.6706704413912036,-1.413274512
-2.272304334,-1.043146918,0.5058554310956184,-4.045428416
-0.446676534,-0.321463458,0.5981690878435286,-0.62994097
-0.014827917,1.209721748606597,-0.492974352,0.5096397415402238
-0.628896124,0.15878374190863423,-0.659870472,-2.377863832
-0.828227867,-0.665933546,0.16786402987629753,-3.277521666
1.2197166073908172,-0.121708564,-0.375459731,0.5902866861307878
-2.043884656,-1.620877288,-0.251387922,-1.685883206
1.0444417083056021,0.045356779,-0.932495825,1.481832811
0.6489018301980188,0.5152945830089558,2.064958031045558,-0.539115782
-0.770921227,-0.330356592,0.013147456784726695,-2.709922813
-2.693261787,-1.100769625,-0.25771468,-5.247195075
1.4932107457524126,0.6049111643079635,-0.356919752,4.425449368604739
-3.100588985,-2.136340122,-2.334969147,-2.61901325
-2.887985177,-0.293902949,-8.88E-05,-4.105901663
2.966923551343137,1.0557854401224314,-0.519617943,8.111595183
0.9019981393594302,1.103143126352675,0.7517642202401178,3.4495069090904256
-1.029270509,-0.298060686,0.4562232953616309,-2.649332635
1.994423382979164,1.3007010750037427,-1.522855882,7.545427343901558
1.1541092598999585,-0.145060831,-1.313320853,2.4478722663520815
-0.441418187,0.5820414823037371,0.7549583725944574,-0.36467031
-1.256490712,-0.385346838,-0.415086453,-1.054668102
-1.329967549,-0.144655268,0.2101239041162291,-3.16725976
0.7843019246310822,0.8258332489488529,0.1711841439084401,1.890933153369537
-2.414669739,-1.136370877,3.120799082660956,-4.048073036
0.22347800442619303,1.2980027334920534,-0.438356952,0.7543616644802811
-1.712156852,-1.507495648,0.950058602,-2.205617305
-1.03589341,0.079536099,-0.412077418,-2.112238254
-0.8433964,-0.213561063,-1.157032493,0.29477075722074386
-0.879293216,-1.928963908,0.3114716143625981,-2.808542806
-0.126248799,-0.341276484,-0.746486941,-1.293161317
1.6522977558388172,0.7500302095445813,0.6235673042384101,4.681405861487225
-2.896352848,-2.150059505,-0.632900381,-3.22115147
0.1411606931294671,0.3383239501798487,-1.158895261,0.45830562613293224
-2.44590029,-1.678017944,0.7005337820094091,-6.004069411
-1.831877279,-0.444535511,0.2557968875161205,-2.814769007
0.5353892775102437,0.5739830178033464,-0.232670585,1.5255186615853773
0.30060995445450583,0.4514445852384954,-1.025080909,-0.436448565
2.5804163762116676,1.182235562239182,-0.306921063,7.275686451342674
-1.676507101,0.2167817640322577,-0.566173684,-1.877009456
0.3087067907788356,-0.049966571,-0.640390268,0.6016329124057246
2.6889150303454463,1.932613759054386,-1.211924423,9.906675661407771
1.266725097832932,-0.114955886,-0.810470755,2.4356893850621044
0.12307143250677893,0.3813998880253571,-0.702923896,1.8546705266336923
0.6774829711933814,0.826554532,0.5040169387555011,3.1050077354402807
0.9196011930756485,-0.357742293,-0.691436887,1.3739373069154075
0.9529109772043195,0.7161345754439967,-0.200411309,1.3769255142321106
0.22541979643478077,0.20459148987900042,0.19855944116463672,-1.67435943
-0.351617407,-0.696103714,0.767844532,-3.226353148
-2.102620345,-0.469081869,-0.127138895,-3.879621633
2.363480954179734,0.19753418092562233,1.989430391717414,4.029472342155406
1.5596292734707025,1.4340886067876362,-0.649056399,5.017659456
-0.041226156,0.881718211,0.8835283756511687,1.162705401510195
-0.553804733,-0.894338019,-0.901355406,-0.869017045
1.657530782309784,-0.165603047,1.1051529530821664,0.5887914257481726
-0.785595341,-0.770630597,0.19417475574014834,-2.266432275
-1.314476216,-1.12668758,-2.17246769,-1.375253756
0.42573282780972443,-0.441126999,-1.101794777,1.3719520348369798
1.3642782118014525,0.507334993,2.125650908992668,1.3552132533378085
-1.402764978,-0.401287023,1.0915043507984754,-0.925620522
1.7441680139313056,0.61660007,-0.213793421,3.2932796010930403
0.043705778,-1.141449006,-1.029290362,-1.630505062
-2.581991581,0.17830418392032574,2.0131255730486664,-3.797839473
0.19495259410989718,0.8741332253850806,1.1782204518896848,1.1516656454998744
-2.149422499,-0.511616067,1.3548637652998057,-3.491570448
0.634436413,0.22763228287875228,-0.77576052,3.267581394881596
-1.810715412,-1.21469601,-0.478544687,-2.439859555
0.10164537711219856,-0.283932957,-1.420875019,-0.269523098
0.16478598602267402,0.46273237969114484,-1.725490993,2.956458328360821
1.2461534795199558,0.4554635153570664,0.4981126240082292,3.2591262794011584
1.1953314209535348,-0.01471403,-0.612513375,2.188413446669812
1.8999942685940832,1.1671664622233169,0.6082956917333198,3.7501385731423325
-0.494929363,-0.859392986,-0.17091612,-0.263272712
1.9148643540676704,1.2422569621495443,-0.628030008,7.159886830182058
2.4799101892473416,0.41239725572272395,-0.997863281,5.4569855365390945
-0.173220265,-0.200577302,0.5722754778926805,-0.616303538
1.3748203730878656,1.3589036333183144,1.3324914685561373,4.260247486298936
-0.40671192,0.37304707198081183,-0.905681264,-0.154566457
0.2269047628984956,-0.326017456,0.7525306465888012,0.08691421
-0.664753876,-0.192211015,-1.022294156,-0.046326185
-1.613781745,-0.132257039,1.0024430428368636,-2.718065827
0.967183775,0.5247318704624395,0.17248502246816896,1.1708995180619455
2.6389439818615346,0.6190895540487897,0.6090801398783693,5.501710300583712
0.5588888775290254,1.0219673839894992,0.8636671935628997,0.20763540464279506
-0.571053482,1.3137006433427236,0.022543541160090604,-0.434853801
0.8312883430441309,0.3827517501765281,-1.158585457,0.3508154091498912
0.8805468707350734,0.1885692726893074,-0.395364588,4.356705244069642
-3.450428746,-1.293475605,-0.296623744,-2.253654506
2.292674381869785,0.7303692934571319,-0.273954628,6.380702052670521
1.054611850278688,0.6464454041893497,-0.610332413,1.9753111579345923
-0.685891094,-1.859722996,2.2295427983968117,-4.298234333
-3.529766746,-2.601794632,2.284407393733143,-4.134938487
-0.77384585,-1.922556739,-0.624192904,-1.373386476
0.5016574176509943,-0.194592662,0.7416693366789854,1.0602537093281312
0.2852844360472554,-0.954214982,-0.025930166,-0.295499159
1.2195662091113015,0.7663887478753435,-1.177943088,3.0894413676061854
0.4977162957379071,-1.516872458,0.6950874094954671,-1.605139746
0.4822746119395136,0.5910393140309437,-1.2843403,0.7667922642192273
-0.254309914,-0.542054474,0.072726852,-1.755807489
0.2782494861397155,0.552906474,-0.165890951,1.788963822816278
-1.318228523,-1.087592474,0.7335070740936437,-1.352062694
-4.475802271,-2.964976954,-0.190458805,-4.641467409
-0.413565459,-0.574474634,-0.593417584,-0.546332339
1.120166295016476,0.9019591799465174,1.4692104551684941,1.6472307811786893
0.098380223,1.4658002665286352,0.061072729,1.8180733486501108
3.185729748820352,3.103171764647485,0.16853611474315694,11.892200922299002
1.0574436821592397,1.0584981894039527,-0.383398512,1.7734141976843434
-0.759676844,-0.526207491,0.31522832,-2.006795438
-1.342762945,-0.550012572,0.3872296229053441,-2.613161589
0.18272894271750362,-1.299147706,-0.732689569,-0.709789123
-1.653887205,-0.624745714,-0.287605938,-1.186794911
3.192945105913923,1.9514564733468769,0.3830019880453079,8.438692894172853
0.6968204032835992,0.5459648818694437,-0.363607187,1.875393086642296
-1.309843376,-0.15039853,0.4556293269443219,-2.105408009
-1.492003034,-1.11517358,0.41941398749485004,-2.243992376
1.7098112610675944,1.4207894408024704,0.6261633376314751,3.139382399550702
-0.178391502,0.9127408333670886,-1.165444113,0.9686787223930455
-2.535605816,-1.812043829,0.394798868,-3.711858886
1.5582865132612023,0.6189581482201503,-1.068388967,4.121321792063206
2.4059344303804164,2.0003546165077424,-0.024522372,8.352284911325773
-2.471904421,-2.779130934,0.9419721637958529,-4.056937411
-0.025857966,1.091115485513236,-1.561444364,0.4165046077332293
-0.678936476,-0.326609405,-1.23006445,0.4860088401400514
-2.225563876,-1.075805386,-0.866226435,-3.407181904
0.20220729002241367,-0.861516946,-1.012848894,-0.422696564
0.6917370682983264,1.0445170810675832,1.1173397867599848,2.211481920051663
-1.180581067,-2.01254217,1.0073418224349329,-4.287976988
2.8996697132882168,2.286580083420191,1.2964675089648887,8.772986852
0.023215137,-0.283380384,-0.71831164,-0.5165349
0.4563027732203818,-0.516468074,-0.426276385,0.7650706947649445
-0.777122302,-0.93170615,0.15883074736900982,0.1965645742400719
1.0170826007045142,-1.060611798,0.808910727,-1.335447147
-0.240378665,0.20824878038288486,-2.604630524,1.907976954035191
1.8976441216773132,0.7070248476337992,1.1291248640114513,3.5165456820611887
1.511227926947617,1.9245765995613473,-1.122846178,7.105580916784001
0.7631357385234427,1.9447630449668891,1.1135738478521786,3.135303115742063
0.4021495400570289,-0.350135531,0.9378100406114294,-2.029398577
-0.175790007,0.035998201214907107,0.7579206680755144,-2.150408894
-1.026425127,1.1867243204911972,0.9806796547969633,-0.132198266
1.686304794823298,1.401754363235234,-0.572975314,5.504038222313401
1.460701307667656,0.9293054633874173,0.7103603758313376,2.696406968463929
0.6429589177009039,1.7497092453928977,-1.631147301,5.023161972428843
-0.426251963,0.2370059259722664,-0.749503735,-0.869277389
2.3286291344764303,1.407840913417428,0.7092207225816477,8.173234732198107
-2.947092466,-2.394714621,-0.644485166,-2.60498342
-1.137253435,-1.862004962,-0.650440977,-1.839735488
-0.107787074,0.22517806840055524,-0.907609051,1.2243357306515266
2.762250637123689,1.3431405401886842,0.7968843816184699,8.013757499306838
0.10313132808766723,0.541001938,0.5810499482687748,0.333995478
-2.703491429,-1.363407705,-0.599206606,-2.833305273
-2.251300757,-1.121731556,1.1702181739589093,-3.86405521
2.477302227114904,1.3012286177540928,0.35530531587174424,6.088102168412218
-0.684582656,0.3894820414118203,1.8457401560644024,-3.40276277
-1.208788212,-1.836781458,0.29386639811272497,-3.008050663
-1.245308061,-1.010328979,-0.680779807,-1.852036682
-1.492123856,-0.005557623,-0.749547801,-1.398889074
0.035020569,1.1875789052024175,-0.064669537,0.5381985020324804
-1.075012245,-0.827690446,0.3800804875315677,-1.840832569
-0.548298051,-0.628644236,0.5541422747974056,-2.719413804
-0.61870803,-0.261937505,-0.49400083,-0.786533409
1.1995306152156135,0.35622537880685573,-1.055765011,1.907557123
0.3428590517370893,-1.06627111,0.23429759976727701,-2.683478004
-0.997504832,0.050049707,0.4273754979293534,-0.222854365
2.061779539973997,0.7489037906407999,0.021001817037859805,5.837968000790086
-0.480106679,-1.944691909,0.695143952,-2.561011506
-0.015801204,-0.336552836,-1.869915192,1.2739879949081914
-0.13845952,0.42427320611341435,0.02433812,0.09232176
0.3381588785834445,1.063885309531159,0.85551824,1.8395418789805276
1.7037811170779946,1.5689150580386226,0.3611083097330755,5.993732204784332
-1.429120663,0.17697698515733806,0.2149631918604973,-2.682932521
-1.137047661,-0.033162405,0.9492223270484315,-1.832287861
-1.620900274,0.34576380177161276,-0.957757581,0.9533987006203499
-0.197540841,0.8126117279234302,-0.334703632,-0.392360564
-1.2195692,-0.172365365,-2.22973627,-0.940241964
1.4647670183979953,-0.086280339,-0.7121718,3.109910838
1.4851400470613862,1.3073989863576398,1.0074671208248929,5.510727690005889
0.7057572494175095,0.5612754421830227,0.31475670960678637,1.6458245154828322
1.0502508945178293,0.24193793261948485,-1.506916365,3.596147005980513
0.4191170728631821,0.5511928218841913,0.6679892553365196,2.2144715965325252
-0.65570282,0.2390814321075431,-1.812624778,-0.69460771
0.8086369393988118,0.24749766093003095,0.6898319362850319,1.6442200975114531
-0.426622301,-0.448061775,0.451219151,-1.961969637
1.630520268387511,0.8068011611654837,-0.160154958,3.7973139272320617
0.9983366725414111,0.49099486189950575,-0.121397614,3.170563137955869
2.4291045210335804,2.104083735,2.1279207589140947,5.089783772074146
-0.874916941,-2.475481752,-0.978373444,-1.956226586
0.14517926639670745,0.029196867195503084,-0.573415846,-1.493840722
3.809032611699284,1.3004342284487524,-0.426863745,10.36092775557012
1.5089292060629413,1.5910952749700094,1.719424221202191,4.2155101031082305
0.9923474987532832,1.3889408491578679,0.611549737,3.2107438094428695
0.8507004197915738,0.8268266153814635,0.7089685292609764,0.9494848116968764
3.587980573780948,2.123982280917087,0.18687389060135645,10.124879917932283
-0.034172845,0.1575323917770031,0.8675286523040283,-0.147504395
1.4150593502304518,2.089839601911534,0.4729279387760431,6.724685443161201
1.5217519615805701,0.1749232313636912,0.5495550911148092,1.6146571286781035
1.8055754139494344,-0.104853031,-1.993112133,3.0342916384742766
0.6167509856275852,1.0809317674002352,-0.582924244,3.0878599065069667
0.894908585,0.4208298777906503,1.0129419653853555,1.107611814294504
-1.117503314,-0.157624134,-2.478228467,-1.469428495
0.5948698325689796,0.577003019,0.1912747606823913,0.7655517445270501
0.09694409,0.7254847598673302,-0.445524793,1.0894485244429608
-0.24111534,-1.740772701,0.5855763227754166,-2.763618924
1.7997221146041946,0.8376396612607623,0.052541029870841666,5.559824741510035
-1.712613497,-2.150020441,-1.902701985,-1.488042535
0.029480610619320724,-0.404886314,1.4112115497236146,-2.661548227
-0.682516629,-0.114992481,0.6618396971973636,-1.421565394
-2.237577102,-0.747996889,-0.653491575,0.045439552448255593
-2.823467098,-0.193696259,-0.704275154,-4.735939016
1.7878185654830436,1.4635367408368942,-1.305952671,7.229041586390824
-3.158460429,-1.792724513,-1.103587288,-2.503441561
-1.568749471,-0.886667296,0.6479337094087674,-1.089364526
1.5300729730819702,1.077279361300383,1.9864794387615767,4.815022051326372
-2.069231269,-1.544471326,-0.526627602,-3.113195882
-2.031538189,-0.83798229,1.3778763171076973,-2.261734738
-2.281218579,-1.588420493,0.13224021455829563,-2.90477481
-1.212592475,-0.393752091,-1.588654215,-0.567411707
-0.064915517,0.5248861370074148,0.4343492710823149,1.1047850869010905
0.4923428338146617,-0.815402665,-0.512013977,-0.637148468
-0.358563392,0.3379491665025372,0.3368586089700324,-0.052889987
-2.346233059,-2.415407358,-1.351615259,-2.957145786
-1.226696972,0.085214912,0.5701228074650893,-2.320390889
-3.130501401,-1.262825693,0.7692535665884884,-3.349750742
0.8076194709451523,0.29848461741350013,-1.617296936,2.9114056129469157
0.4049633334302563,0.1209651489546368,-2.373484968,2.956382151084649
-0.785169464,0.7123650676543346,-0.004451147,1.9468414250322927
-1.061126953,-1.458167675,0.42371087815348457,-2.661635076
2.693365442595572,1.8404180456192343,0.5938009699219254,8.742025349128692
-0.878154289,-1.432747753,1.251207199649142,-3.139114246
0.7997195686601553,0.35847688406441763,-0.697645004,2.882412467191443
-0.567759295,-0.318598641,-0.125281897,-1.121418061
1.3908081112072588,1.9234634164972084,-0.771283703,6.162302358415165
-0.475553403,1.388709449662392,-1.886675081,2.851798954089847
-0.687264195,0.21070725189403133,-0.834460742,-0.518528723
-0.966750175,-0.070441805,-0.050217323,-2.797336401
-0.364393835,1.0373742714383813,-1.376555457,1.3668243896347123
-0.909675523,-0.770383563,-1.725653909,1.255561172209942
0.9058343931657243,1.8105246807667357,-1.109584763,6.164949263993661
-2.677064196,-0.335561748,0.296303952,-3.990108044
-1.341120395,-0.191688195,-0.302066385,-2.299767401
-0.722718762,-1.438578465,-1.186101475,-1.068794253
-1.075010657,-0.214453444,1.445980167815844,-1.653830018
2.0692370497346966,1.0745377619800687,-0.197285838,6.6459113743277936
-0.030711258,-0.02932934,2.0092337017202397,-1.691026251
0.020728303163045525,0.9234541376069261,1.8869720161625394,-0.625070195
-1.637805969,-0.688392956,1.1581126042023204,-1.975781721
-0.726524631,-1.412015306,0.076319516,-1.326153551
0.5020117062385988,0.3236412211347337,-0.602773799,0.1472678918755721
0.7253312198810306,0.23321832761821268,-1.444966941,1.5773209049941461
-2.293939095,-0.135687131,0.9966087769884081,-4.984253924
1.1823016878402703,0.34341010693004625,1.0899953292896658,2.1021297763498707
1.579156509794796,0.8363668630875434,1.1655097462528825,0.7790113441864452
-0.663655556,0.2506442151799295,0.6495430081814698,-0.415120714
0.15222541572992707,-0.02966808,0.5150211559202164,0.008326201
-0.980001924,-0.122541302,0.3775415504858669,-0.439806572
0.26524052199773984,-1.188206404,-0.819966412,-0.999964188
0.8327800648520283,0.8058323690164638,-0.786542337,5.184982463579484
-2.384144471,-1.11618472,0.9145070350711348,-3.845637816
-0.149457307,0.14051462974134477,1.079828418617528,1.0951334526594918
1.7695171388577084,0.3628834015526311,0.7249965695306806,3.3492592295715946
0.5177590622043947,0.15676910686221857,-0.943686604,3.3774252433330973
-0.443628986,-1.088425693,0.37854164514534355,-0.954134395
0.11434642600953682,-1.675851922,-0.783550458,-1.502641956
-0.336205584,-0.400277352,0.8435543959801024,-0.687245358
0.9390292330025414,-0.552944676,-0.770285841,-1.219639961
2.2838422879588847,1.050245807269303,-1.227716643,7.411182810182541
0.48180664060795075,1.3496073782669338,1.2298971916765087,1.082961433020219
0.5737242994874572,0.7831585295950836,-0.431116963,1.2878094815681789
0.1047643749458688,-0.078315149,0.22641219879180466,1.5886035596518817
0.4163321801707096,-0.342998128,-0.66362888,-2.215264759
1.360777707695969,1.9383395807785833,-1.423928233,5.836679474036694
2.3203816218024076,2.1562105780863625,0.33006929292792186,6.808678479769011
0.763103246,1.269742584790653,0.886666214,1.8428058256555921
1.6954364262725081,1.2280108738563367,0.6739847679800717,3.7159651823960904
0.6779934427045256,1.134082303843765,0.33945410294298095,1.8903650158930299
-0.112013763,-0.141412511,-0.422571485,0.4704868680014098
-0.896055682,-0.861024836,0.5274183110523478,-2.41275547
-0.680870819,-0.311622929,0.8800362339587071,-1.628586388
0.2508833466149607,-1.136179877,-0.472419683,-0.814184554
-0.567879733,-0.809416637,-0.044101921,-1.399527561
0.6858662112555766,0.10837210900377633,0.9772947981571032,-0.24641793
0.5135155372742937,0.3011299014878871,-1.302733121,2.925029520700271
-0.691005147,-2.647241388,2.530684781770793,-4.370491948
-1.20823098,-1.916241987,0.8769994672035494,-4.795236584
-0.093399389,-0.375233861,-0.402415277,-0.351809134
0.13177122494346172,0.461234327,0.43518512473320325,1.6581368754953192
-1.62080034,-1.940450124,0.7483242997666508,-2.035687215
0.19190641953910514,-0.098642819,1.9413202457827858,-0.641932442
0.808599679,0.9031018617798134,-1.39159479,3.713224109258432
-0.12987621,-0.069393741,0.10962074836479353,-1.441516892
-1.692654522,-2.199876776,1.5854555264797514,-2.499739186
1.023224371204484,0.7841893155547338,0.693590959,3.1090426860658713
0.030509626852977645,1.8280255476642606,-1.175602946,2.6520458618302434
-1.56190215,-0.073128115,0.2722682215761916,-2.864375822
-0.026855096,0.45286917903690493,-0.029145394,-0.121691721
0.5838324688799049,0.29776702912366304,0.3665102608590321,2.464000712913753
-0.816768307,-0.766902983,-0.220429815,-2.372020889
-0.467328049,0.23273180284224873,0.7902454245208604,-1.241939455
0.7584256172030659,0.24092215638941078,-0.226082899,1.2712654369145788
-0.88595545,0.5375048320342799,-0.091228331,0.29341193530084664
-0.202169422,-0.516572854,-0.164385205,-1.105026237
-3.013772421,-1.961899175,-0.412342389,-3.902321458
0.3536353691377424,0.48407009230800313,1.107409431459069,0.7234930841573503
-0.822446665,0.6630381298723772,-1.584420841,-0.364816274
-1.830759723,-0.025168445,-0.948888212,-1.046963689
-0.127851921,-0.987693502,-0.284870393,-1.223036446
0.072195989,0.7467633183284601,-0.394350469,1.5502925869000332
3.432391253088265,0.9164718313457568,0.4230593021085533,7.596615535942104
-0.842757501,0.6155027809699978,-0.025965336,-0.19073151
0.8208366412151004,0.3065752637687075,0.25465776812001023,1.7144161929203627
0.7324501957173799,0.680825782,0.6645962777636341,3.196836453
-0.206092445,0.34825762595776905,-0.119322228,0.4409052180059123
-0.646850816,-0.661839353,0.967093537,-0.556911647
-1.917529591,-1.163104797,-1.265893893,-1.251476767
-1.130406422,-0.249068979,0.5036088392029963,-1.876732771
-2.105791465,-1.04915508,-0.381315507,-2.170847456
1.4754673524847375,2.110597505165833,0.20298856449439415,6.808802330184039
-0.483870794,0.12756164804891165,1.0918461649844786,-1.759908226
-0.866138989,-0.957234904,-0.623309182,0.8551822827686464
2.2497005177855156,1.3140468741512141,-0.111745706,6.697909847109259
-0.929481049,0.8168954349235426,-0.262280896,0.9267574489961761
1.0824355583893301,1.0778096305620748,-1.887590553,4.436516772135715
-2.841846046,-2.461352318,0.46194698570213655,-4.383898506
1.596105268662849,0.009118612,-0.119869014,2.0758910800349413
-1.227665627,-0.088669116,-1.590666124,0.24652807893147555
0.36105050224725393,0.10270802754795055,0.659816424,-0.619355874
0.5933897072135084,-0.907258489,0.42209275684299313,-1.198206198
-2.706383997,-1.313890737,-0.954425538,-2.61807927
0.7900874916371442,-0.626207205,1.2768097418913567,0.7479218474746112
-0.103805184,-0.142422304,1.4552228524013737,-1.147625989
-1.582601486,0.45369103068550226,-1.431030348,-1.805745579
-1.60732188,-1.530199379,-1.690538465,-2.328220047
-1.132101142,-1.576218732,-0.761314785,-1.087279577
0.39220665471606875,-0.72956106,-1.560809674,1.8376947814099371
-0.373837795,-0.772885782,0.44159453026352335,-2.225561375
-1.170860217,-0.685641362,0.17985904384474327,-2.68300343
-2.794653175,-1.213748139,1.8913623312063634,-4.515060974
-0.772693252,0.047278631,1.291273038150596,-4.358060575
3.4316441028800844,1.1356048073512224,-0.524050536,8.697490437
-1.460356104,-1.005912021,-1.651338408,1.2501957507346602
-1.525127763,-0.473063427,1.6394686504503613,-3.234974373
-0.813081302,-1.476094654,-1.186719556,-2.461444278
2.5444079412135103,2.2610807384386167,1.4938361995966913,8.648224512601347
1.3264530054394095,1.7898938436954042,0.30529984415299544,5.631813281433545
-0.240491215,-0.830190686,1.0378422906437235,-0.104475846
-2.051670969,-1.411672342,1.341997819887758,-5.44647898
-0.146179156,0.029527044883434723,0.44925394617533926,-1.257506946
-0.891182517,-0.504975885,-1.139433311,-2.150190958
-0.408281484,-1.000316668,0.14172027611118673,-2.055914814
-0.575789292,0.39597518877898363,-0.551848456,1.1011228732969298
-0.63694362,-0.491644202,-0.947066159,-0.692436105
2.374783780343505,0.8693933500004724,0.23337809761566503,5.105863122456011
1.1015737082223571,-0.666696028,-1.36029628,2.0537933183454156
0.34590579769666724,0.666934126,-0.854248535,1.8767828985109483
1.9271780699108434,1.060535704979945,-0.460682243,6.069930019198782
0.16657978092869694,0.2738297073039936,0.35878981613905425,1.8764451250943155
2.206824978876107,1.959689596056857,-1.490630774,7.449003149458388
0.7738876835120335,0.5098293835267415,-0.572691489,2.644336233345921
-1.412651233,-0.885540956,0.5915606795968649,-1.509319817
-0.00466258,0.064848013,-0.261309435,-0.23436716
-1.521904532,-0.771165835,-0.720723377,-1.429870705
0.9162468662737161,0.5022077203338063,0.6941187729239718,2.7623908120039804
-0.987112577,-2.26858523,-1.004065141,-1.83478111
0.37070869263874495,0.9586932700429559,0.5060817224356194,1.2590421800719367
-1.851500583,-0.788713042,0.8273530734093242,-1.276393699
-2.036668763,-1.363659971,-0.045769156,-3.970122198
-1.219499326,-0.596276488,-0.353129618,-2.50831692
1.2276333553405376,1.0899791820405034,-0.852621171,3.3243777291729324
0.18457539028265801,-0.308145592,0.7377322966895661,-1.863588864
2.049134313174913,1.2807886590518363,-0.184109631,5.210798759844296
1.3699086997951957,1.443496576657948,2.091225615746141,2.3895524792732097
3.233742975369429,0.3193834221626968,-0.287867826,5.475118630683242
-0.008612751,-0.742571575,-0.183695899,-2.892715493
1.9738814613935274,1.9227862041370556,0.2193720139810159,5.046050235649296
-1.261261042,-0.566769968,0.537037079,-2.826498128
-1.333477978,-0.862692558,1.3994488421671094,-1.986152094
0.45337070556058817,0.1704605551753729,0.10046811881839128,1.3545700678404375
1.726716268702134,1.481144062555666,0.20620387027793824,3.8524452703847736
-1.525421223,-1.573080774,0.2796900179249778,-3.769085826
0.4174350496777043,0.7990007239236377,-0.389542091,2.301926649994595
-0.672819726,0.089955209,-0.06262891,1.684196130454218
-0.076767588,-0.875181611,1.1968880586793686,-2.209766339
-0.493679372,0.10486244014665158,0.026603034427201955,0.5437165384929418
-0.317386584,0.5378620069271695,-1.048485721,0.8160670982661934
-1.098837641,0.3348519472311026,-0.621288716,-0.234565109
-1.739233634,-1.450764747,-0.97653264,-2.29846363
-2.240565902,-1.502141211,-0.555749194,-3.394893492
2.2265489477628284,0.5534421216879065,0.45452239132875527,4.026725799095837
-1.548131748,-0.55398149,0.9686906726165501,-3.966702368
-1.217095832,-0.762459032,-0.75425092,-1.298942724
2.0594049799180425,0.8810997435661376,-0.897311349,3.9947511366295965
0.8731726524201049,0.33867182605500684,0.4074422019345429,1.6210678450818725
-1.605913484,-1.297305825,-0.029369221,-3.073698858
-0.279486442,0.8383137043392722,-0.086722813,1.0919569571369956
2.081501756818972,1.1926091535043617,-0.483377362,6.742888954358037
-0.283411687,0.7763858102624949,-0.844249966,1.0762760223384322
1.4292615809687308,1.9241567590798847,-0.588048127,5.015861374361755
-0.145330814,-0.82821268,0.45139405598413257,-2.556623823
0.24331697883187875,-1.262922384,-0.933999315,-0.436658684
0.3383356198155526,-0.894719328,0.8464019665907866,-1.815308262
-0.987989546,-2.25380143,-1.371791458,-2.94728396
-0.79336315,-0.181906949,0.4157867640929795,-0.974026878
-0.755689186,-0.310796963,-0.421687229,-0.849441855
0.38484834173427207,-0.327710966,0.065759829,-0.244390472
-3.880029408,-1.969330016,-0.179922693,-2.165330719
-0.983430522,-0.933247484,0.338059655,-1.043356463
-2.119805901,-1.385489128,1.731564237747088,-4.918166316
0.5831006491051748,1.184629775895845,1.2544891160121039,2.084100365458612
-0.839525032,-1.42225457,-1.235946265,-1.193675856
-1.114694125,0.2572183974768828,0.6006181822809965,-0.223254311
0.7560958350763475,1.3312615048638892,1.5977378906236919,1.9870028859137396
0.081407699,-0.431617106,0.8385996274836336,-0.385356282
0.35410054371479166,0.19899248084134263,0.26746501069762774,0.23518742521019986
-0.269737047,-0.394964806,-0.431002059,-0.381766733
0.11344914945005047,-1.337314715,0.019626011666307404,-1.164941287
-1.470206708,-0.415655533,1.5884528195006151,-4.033058238
-0.239978046,-0.094317619,-1.041388651,0.8965091000581539
0.5747815771175167,-1.044692801,-0.344373815,0.035312075398816645
-1.449439266,-0.33737036,0.070600074,-1.499984415
2.1924529905824377,1.1065835840066771,1.3715806986189751,4.057210079878093
0.7245391376658602,1.243428086613672,0.679146799,0.15723765963817726
-0.138179002,0.8742115731643886,-2.263266937,2.0976583213402975
1.9159072099051948,1.8551128650071156,-1.770037921,8.606654194800992
0.27855226634500085,-1.005874207,0.11404967302086978,-3.091579119
-1.878856807,-1.769000407,-0.562328012,-2.157105631
1.7112726343139435,-0.495155083,0.8248683665413317,1.6213951854368407
1.2947106992122164,1.5481446105139147,1.1324974801366312,2.5700760164059417
-1.821970535,-1.127358726,-2.530883318,-2.49074394
-0.189241423,-0.630486034,0.8991319206943915,-2.896886658
-1.263649505,0.29389482451751414,0.743323445,-0.596883668
0.2262821105046094,0.2950526281348766,-0.938799985,1.8298308840230972
0.075515299,0.6108451368628615,-1.614206733,2.443169362802169
0.15056793951789013,-0.136198255,-0.911064225,0.48960043017581806
1.1121543918022754,-1.205074658,1.3731779676825837,-0.660853101
-0.463534574,0.17654428758098917,1.3792887015503394,0.2077180488098369
-0.476245821,0.073685225,1.2230655086616191,-0.734343389
0.19730365675094375,-0.112719608,-1.479545235,1.1393443826693814
-0.477697463,1.1691910670312562,-0.189836493,1.937529461363191
2.738968452,2.2160934923030338,0.8991016649339779,9.462382889
0.9892666881348096,-0.434177963,-0.913227198,1.4591913809732886
1.4070123652113917,-0.058919744,-1.1912635,0.6495263748872113
0.7209284437120349,-1.300254105,-0.532856858,-1.785787773
0.39157594861962086,0.610239757,-1.412315641,1.811009908795006
0.5302012354412543,0.6802747633192225,2.2089859053355982,0.11647944581000325
1.5944465645766963,1.1283398446611586,1.4957315188107363,3.1729418355683134
-1.891596367,-2.978559068,-0.414876742,-2.425177641
-1.802965749,-0.735666076,-1.976051639,-0.946668734
-0.806336148,-0.382105487,-1.013053516,-1.938592926
1.1527057709433042,1.8175396263675838,-0.604174591,5.234888057068607
0.9495644367029787,1.5668738296105296,2.1574101248035626,3.226930486495181
-0.719185599,-0.855580087,-1.71521274,-0.252031567
-0.476287944,-1.48602887,-0.507370625,-4.008846431
0.036365663,0.6863744514261756,-0.741817538,3.089282364940712
0.039364532574893474,-0.873387201,-0.241632722,-1.86319853
0.5285976747677167,0.6017219363954652,-0.687813172,0.7864285451660153
-0.097292983,-0.743823116,-0.00080325,-0.590738802
0.5823220961430982,0.2616215430016349,0.051290292,1.1692857867080018
1.3275888334242285,1.0267777936322013,0.5069691695999664,2.785520409883945
-0.225708979,0.45348334035876375,-0.608897606,1.1000443552887753
0.034440970252262115,-0.606072689,1.6273664513552453,-0.980900059
-0.835091135,-1.632231489,1.3168170299175896,-2.351222472
-1.271081783,0.4180127647061534,-0.395511862,0.5577205544338331
0.7623135774448526,0.2360680652649299,0.1386743858085675,1.8866105228581964
-0.327651694,-0.567024761,-1.315918515,0.19960725300002485
1.0696017266281967,0.6705151451163601,-0.849764893,3.965000097054398
-1.228280654,1.0061904180180394,1.6677767181146175,-2.178177841
0.14818481535382844,0.3964370527457401,0.086595201,-0.377204379
0.7875446747868762,1.3348788985292446,0.23551940096512822,2.3346701649633763
0.10548462846794826,-1.282782211,-0.870212283,-2.54393899
-0.274089267,-0.253685487,-0.136176884,-0.188900187
-1.388115593,-0.326889415,0.14964759871450461,-0.012313841
1.045429584982013,0.1958328568979308,-0.178148431,2.1339908524895597
-1.170639132,-2.636998398,-1.798694716,-3.737428914
2.1308766994482164,-0.099482507,1.173630618499325,1.0352859808925161
-0.251154324,0.4011559852363222,-0.615871698,-0.49928053
-0.990535051,-0.067208613,-0.348241013,-1.644150518
-1.177874075,-0.600033268,0.086672573,-1.31283014
-2.500684488,-1.352104424,1.493694307319364,-3.060216158
1.1961759396484544,0.9773358916028266,1.724186303208743,3.9708157494453817
-0.610760169,-0.350485662,-1.384877495,0.669008454
-0.574636864,0.7379169554098948,-0.135413949,-0.515023343
0.7925672429242515,0.23415762466160583,-0.716300516,2.9304960248015632
0.409626993,-0.470184905,1.4683164410458514,0.3918329295775167
0.8180829209572569,-0.977072419,-0.187464832,-0.538690857
0.8680396469734484,1.0483016728542958,0.3285829059763915,1.207874321368138
0.46924132005693997,0.2900737449424956,0.2524529320014116,-0.351740538
0.5217807394992962,-0.237409829,-0.498877134,1.1488078959836203
1.0914471394730558,1.116492168485243,0.511705187,2.5710852624476246
-0.6580869,0.5476356150951089,1.4067226282379952,0.30895662692155956
1.3020447876475263,1.4778564148261564,1.2973183193709656,5.049564671
1.6709435039996496,2.0666139672805324,0.4289579619496401,6.785619689510252
-1.068684384,-0.60612561,-0.049956359,-2.007741189
-2.024631894,-1.563290302,-0.307765462,-4.212019476
1.2324801629958713,-0.691019552,-0.297244313,-1.160103771
-2.31699915,-1.033871369,-0.414228783,-3.752683199
0.22209366936024333,1.3221917147354532,0.3156797334868892,1.0107005808978817
0.9643375953059625,1.039852283869778,0.8628340728205761,3.1599799833177005
1.2187995205124176,-0.106146684,-0.510503723,3.540812378306235
-1.325653265,-0.311638981,1.5020341015256111,-2.789347707
-1.169112444,-0.956697737,-0.305076301,-2.716937298
0.8937465091777742,0.8099845453215714,-1.954194,2.804394370809198
1.3975661356866858,1.6157677616324855,0.31495530040826897,5.117430524602026
0.9192612915830036,2.0993410202112193,0.9844810311044061,6.086862163926167
-0.585988471,-0.428684057,0.497440514,-1.975876435
-1.715071436,-1.998736875,-2.218155814,-0.714818097
-1.280056214,0.3090295797260361,1.248848867943902,-2.143174843
-1.798890332,-0.92698643,-1.74493822,-1.978857139
-1.305825939,0.055069562,0.2084487492161555,-1.569952896
0.2166352454133036,-1.012734479,-0.055267489,-3.115941726
0.7507299243509574,-0.404511511,0.4823205531629806,0.8248687680608857
-2.669644526,-1.259790511,0.7063735167216182,-3.530647731
1.2188188096874226,0.49515821654183967,-1.736531707,4.7819597844138695
0.2478599968475248,0.18395227169924758,-1.082556729,1.6292217026324582
-0.319394548,-0.235044199,0.6410273577174638,-0.965957351
0.25738153025352883,-0.960755879,0.13907628,-1.204427797
1.0767876206350098,-1.002912368,0.01418164,-1.557110471
2.472425481068969,1.4788907228882242,0.21642107596940324,6.979940337481987
0.1333554963423611,0.18043900629853388,-1.602633217,0.9401371145099165
-0.587516916,-0.839108987,-0.501895952,-1.058435592
-1.257117311,-0.137156606,-1.027515696,-1.602959441
-0.846240261,-0.801789653,-0.076621193,-1.945213125
1.881466946933102,0.16127596797956284,0.819995275,3.8503406691336934
1.6383082028607694,0.8623982538415667,1.8001068684236061,2.444830526993892
-0.423408335,0.5983069632031803,1.2210465521783718,-1.068448754
-2.883478828,-0.465591149,-0.266405818,-5.247334193
-1.117540353,-0.766925086,0.423288485,-2.404820013
0.4868798189650902,0.867599896,0.18205965683720365,2.333481390357667
2.8720838116286287,1.8008046061889496,-1.512011664,8.062029971578411
1.0844534338797547,0.9534944946637695,0.49551838042935376,3.0623852403671066
1.4415499594900862,1.1127772567946834,0.15204756108981288,4.561280644410175
0.39131934372623234,0.10461629861893876,-0.829937204,-0.337396064
-2.232302543,-1.670944648,-1.351735614,-1.091591868
-0.262769932,-0.504434991,-1.021544419,1.7178022726292763
2.065831147697012,1.1826825258253302,-0.53651998,5.366798797585376
-1.568631685,0.8436367165723392,0.7967102431428095,-2.49133772
0.7745881600287143,0.49324644739357265,-0.436921787,2.348497930835119
1.3807716198520203,1.3649522102904568,-0.749853882,4.845029723383342
-0.333435094,-0.333176725,1.8410835054314267,-1.005089796
0.8947995393818369,0.6216069364045222,-0.826269944,3.100596586146835
0.3847589308495967,0.098334851,0.020118120557416172,0.12320911491500486
-0.511438529,1.2430349063719592,-0.346268795,-0.907146867
-1.836224635,-0.883657598,-0.880167921,-2.485588417
0.4680645574752742,-0.112180818,-0.375935219,-0.590584099
-0.465076846,0.39789794255017874,-0.224253963,0.46434667707635086
-0.887744797,-0.454006374,-0.531153922,-0.598385906
-3.079014641,-1.108200258,0.901024885,-4.34042797
0.8907489753181266,0.5399665499802344,-1.250120373,4.059690413609172
1.2494249593777491,0.14003026729783075,0.6490940361732038,1.2965392144624177
1.1004071865023177,0.26705862909498523,1.128776196133944,2.4901322178620626
-2.457789719,-1.367281523,1.1111422583956196,-2.105501215
0.4733557475506335,0.41943348940977093,0.1435724617200794,0.23622535614008766
1.6814264047084748,0.22400675127689826,0.5498002841162646,1.2371508992609532
0.2901703718588132,0.12095131966203984,-0.123287472,0.47806985398954416
-2.048938477,-1.011645717,0.7219731230386374,-4.09871827
-1.285075138,-0.323520246,-0.567975439,-1.121394556
2.013037307592689,-0.626726773,0.9181902883897742,1.7296932626883454
1.517017139357045,0.7471156802026226,0.009075586,3.7709475959333223
0.3143923040963674,0.371005648,-0.795101701,2.093460719035966
-0.897521466,-0.113781299,-1.643186113,-0.139658372
0.6076419542385967,1.2871614224438948,-1.003469176,4.060106567538148
0.473432351,0.3678735853889853,1.033700278307954,-0.118550475
-1.926563071,-2.094255294,-0.847358608,-4.447912352
-0.364223861,-0.089231542,0.865183173,-3.264563484
-1.796598201,-0.802929552,0.13258160623940832,-2.293964701
-1.318678043,0.7981134441046366,-1.035571657,-0.497191285
-0.383517775,-0.537009826,1.8829151419307177,-2.67389671
-0.590169561,-0.070236108,0.5621748435145956,-2.311898831
-2.547357402,-1.60158014,1.269880386009089,-3.830713514
-2.761113914,-1.86982308,1.031118751,-5.951522751
-0.503577772,0.254148085,1.4562851454932966,-0.490666355
1.063276393953549,1.1628008573174018,0.28249683414055243,3.4081743594400558
-2.609601166,-0.988959096,-1.674809371,-0.917279395
-0.453363932,0.00824771,-0.487508649,-1.149431673
3.701600178113062,1.9783953958651634,0.8627163524203618,11.17343984151298
-1.383045923,-2.097821372,-0.273131862,-3.11472819
-2.387597743,-0.06707899,0.15491302965906428,-2.420548426
1.0484614192552772,-0.711453903,-0.492342799,1.8611339928537682
-0.037724723,0.7939469407634785,-0.670841703,1.6730472908834644
-0.157612645,0.9923223114116444,1.3865534533583028,1.4675397312703242
-0.950621247,-0.173703436,0.2733229538142552,-1.888888427
-1.37157475,-1.629827074,2.243176917206446,-3.173729113
1.3656224254952551,-0.107191033,0.8426330833084421,0.3213449086345619
-1.582502121,0.26386491250774213,1.237340398247562,-2.536430937
-0.077946706,0.2307998736132511,-0.056525831,1.2385889625895707
2.705735856300685,1.624844020814404,-1.300881981,10.030606427238558
0.042752681,0.067958803,-0.483829038,0.7348505512608049
0.16499148340984024,-0.182534878,-0.224691993,-0.045310805
2.9881740199329743,2.4078171902582266,0.39817562072189366,9.846197539490804
-0.875019795,-0.63278696,0.15009758225361958,-3.149730144
-2.42054167,-2.166926827,1.4606268176485195,-5.090734857
0.31714776335209727,0.4755654693323037,-0.222018402,2.8863177991286815
-1.049478965,-1.299382393,0.025857413826324036,-1.008363847
0.8845150247709319,0.7840934232041091,0.9387023549475944,1.4679957836866337
-2.069580336,-0.766571754,2.1246198010558395,-4.438379472
1.1281121963113907,0.8238784379640333,-0.53020008,3.716674240121321
-0.421996196,-0.084767924,0.085280334,-0.234748954
2.565219167387089,2.2066850656575814,-0.157233249,9.668192390514008
1.9498982399943277,0.861255708,0.3308102193455601,5.874431503954351
1.3274920369833487,1.8590615248558888,-1.626205189,7.155836281
-0.591637926,-0.915227396,-0.392564559,-1.180963955
-2.612559106,-1.87333154,1.2992569832492156,-4.306725975
-0.241891603,0.7273748804657096,1.3923735848135295,-1.688716862
2.406684306846745,1.4651779758865484,-0.69670273,8.635147209595438
1.4400422373488355,-0.725770608,0.21172152505884897,1.5027636646182025
-1.054039161,0.968519686,-0.507939863,-1.022021745
-1.256688068,-0.930359673,2.4427465467189085,-3.300915155
-0.228147896,0.5455166714875009,-0.693548898,0.27720937455756983
-1.706499617,-1.421709547,0.094977377,-1.792693601
0.22294015970238204,-0.20778386,-0.56140944,0.8818296401260981
-0.207109896,0.062630862,0.3007852471557075,-1.346165469
-0.503707544,-0.134906002,-0.721217457,-0.349477374
-0.392141642,0.7153729208572919,-0.51881773,0.4900474328980106
-0.307574235,-0.861445792,2.255061553243167,-2.713968767
0.6065456579716655,0.4014811595028983,1.5045785929529236,-0.620806263
-0.095063048,-1.770523902,0.1884230259141627,-2.941958357
-0.854763346,-0.040836638,1.6777215472966582,-2.383956585
-2.173510736,0.1314026138320777,-0.853782223,-1.513305625
-1.510422079,-0.549504122,-0.590751191,-0.622245768
0.081576768,0.7822993791892493,1.455518253277561,0.7281723510818584
-1.942541288,-0.772914538,-0.892475987,-3.011733164
-1.36230934,-1.762649018,-1.193856851,-2.480467813
-0.177960972,0.7046285666816672,-0.186151435,1.234541364275484
0.23514222870750895,-0.115442601,0.5155771835014243,-0.211033122
-0.775300501,-1.434850342,-1.56968622,-0.286983983
0.2410439689614483,1.347459593867511,0.2117414080390927,2.4111282577013062
0.33393175543133413,0.2781986251584382,0.9422894481607851,1.3151259336042906
0.44771122884948833,0.6976208893315894,-0.376923069,2.6909714573633954
1.292111575395554,-0.329901114,-0.04049169,1.9600257696642074
-0.771690794,0.31309798883958545,-1.939505664,-0.462244031
-1.75459385,-2.343228622,0.6722191937773531,-4.132245254
2.1060461192225626,0.9117359663435584,-0.574858993,4.333224273372673
-0.192882168,0.1709895849967579,-0.320296428,0.7688668446480543
1.710274834682257,0.4908734797476606,-0.51441892,4.775536705871671
-0.413549312,0.7764629513388963,0.49686111485024187,-1.785242939
-0.1968512,-0.120945936,0.5230313616081321,-1.423314932
-1.255077586,0.018084000753750322,-1.695965879,-1.648714864
1.6978975541932613,0.7637946159632342,-0.206078544,2.972420299412043
1.373286757525223,0.4221293467607759,0.36670484048408186,3.4013486232865313
-1.021856223,-0.014121194,1.3662387187731948,-2.56951896
-3.520628316,-1.231515528,-0.768677854,-4.038456861
1.4438110921270524,1.7418803845190467,-0.038793515,6.408638177035535
-0.920237127,-1.814640649,1.9979299268221749,-4.541590204
0.3605581181489045,-0.826533888,0.07562465,-2.870709508
-1.182210855,-0.45975213,1.2741825411388525,-2.126746743
-0.155796861,-0.452625132,-0.482018106,0.3587285865753852
1.2268386727262734,1.0744032338242209,-0.708538822,4.439293759
-1.11458781,-0.270076075,0.9047319679164321,-2.23158399
-0.27687583,-0.931862658,1.056477552318566,-2.513481759
-2.62038588,0.7255213051241906,-0.876063552,-1.629667187
-1.20963561,0.5098453916012832,-1.116553074,-1.037216739
0.9952483735848515,0.734340866,-0.856482397,2.2222923911946104
-0.253731253,0.22090203589866447,0.8401217335330577,-0.712554484
-0.335004931,-0.251993445,-3.51254592,1.4028114628894122
-1.391491142,-0.90859758,0.9832124203479725,-2.435104458
2.6470522988301988,1.8550042380655287,-0.474603821,8.537108947658794
0.798883524,-0.483402146,0.9399354765003184,0.34083937288509103
-2.532547328,-2.543088446,-1.49699434,-2.945354779
-3.03027451,-2.455028074,0.2757877368094598,-3.854991705
0.5549387751210327,-0.590335775,-0.094825614,0.3216520740940823
0.9235778649139985,0.8081233870790439,1.941272268,0.7830696044630705
2.9039623925109592,0.7745604783974871,0.5514499015467055,5.003072863417808
1.1158176547668637,-0.852049924,-0.374663785,1.9274748410213332
1.1008829590138678,0.8738638796373421,-1.678044644,3.857735203002236
-1.810957471,-0.667734895,-1.206938814,-3.421489715
-1.802829538,-0.418868061,1.927157667523904,-3.328770215
0.011185563,-0.88294413,0.031578142,-0.549216336
-0.892178232,-0.547019784,-0.451130949,0.1299490645909065
-1.936716393,0.6648394526207614,-0.873722251,-3.718733884
-0.506262175,0.7167965019209246,0.30223757203032275,-1.011606739
0.712517234,-0.081437547,0.3811823678901251,1.5340628357898272
1.136591993957958,1.2962705064834503,1.1942628910733661,4.696637113212943
2.515727002893599,1.8990400939713927,-0.299365534,6.922287808232725
-2.386409439,-1.372031178,1.2953771401974794,-3.898115239
0.8213568868550792,1.507109773692191,0.8343462030312888,2.924584918953668
-0.031719504,-0.241390084,0.5742892648983662,0.18750048777328132
0.9717072803984621,0.6523201276222277,0.2943548343582709,2.1280443431372738
-1.924480639,-2.534792946,-1.093720169,-2.691479031
4.121964009338603,1.7001524238811745,-1.023764212,12.11332062910334
0.9017075728373513,1.6255635846818872,0.014113382228795402,4.762852973337054
-1.676224643,-1.061765692,0.2732797318337336,-2.773304282
-0.587547005,0.43640944322497854,-0.828147578,1.2536021787253897
2.6837133104948196,0.095866907,-1.351053147,4.080438458551655
-0.193885489,0.46806001600554875,0.9586545757896829,-0.252559203
0.032859661,-0.930085304,-0.736495048,-0.057725787
-1.907351506,-1.686087205,0.22968132221877854,-2.858065792
-1.171522855,0.11177655754902506,0.21228779027575376,-0.619532538
2.2811384394745735,1.7705571318609596,0.23575359753693365,7.566864879672396
-0.644295687,-0.299110265,-1.306213275,0.579443891
-0.753838469,0.17467914713043078,-0.568048454,-0.588911137
1.6378664044894806,0.4122090834333114,0.9664243167061347,1.9139751228239512
-2.845010431,-1.382864654,1.0369203982312225,-4.382553403
-0.810730137,-0.582640203,0.447127249,-3.703424146
0.3282594537285955,0.42251591045540265,-0.139358188,2.027456629148071
-0.835990353,-1.225602064,-0.171809756,-2.463585254
2.147442327251688,1.3110792438969594,-0.292820707,5.674197113519698
-0.958435633,-1.048627763,-0.460672946,-2.811861955
-0.727024628,0.5810337729701285,-0.797779828,0.45168657076733654
1.0553988776858096,1.7198359138833117,-0.496677996,5.586756865900652
-1.344961598,-0.54381464,0.7299275554704264,-2.789082119
0.6156973391743303,0.8217220105113017,1.7566196338867943,-0.525135278
1.7735193795348663,1.9370814692213965,-1.075085831,7.884807792207634
-0.419531902,0.43310281253871336,-1.842279729,2.135217589
-3.192255876,-1.677423423,0.30068932465755766,-5.398301732
-0.307909224,-0.033186998,-0.669629129,-0.118381101
2.119140817149905,1.1480381525783951,-0.912701339,6.520471574752937
0.011334909779483815,0.534124906,-0.388309783,1.5225908979613454
1.3077025082536633,0.42040529320176073,1.1441641309495412,2.472326082514855
-0.826366467,0.47325831784992445,-0.328621715,0.1621974797557144
-0.597771774,-0.570420241,-1.996987541,1.889466079180267
0.7358506043656483,0.3123077518639726,-0.262637393,1.6462116361912473
0.5420592407595944,0.6349869640255924,-2.321568323,3.724869796151375
1.2934867778230967,0.9899018420872838,-0.145474085,3.4370091174562623
1.578818443652386,0.8719329452218314,0.10522973641053794,5.454745924635879
-0.634914376,-0.084755427,0.3672324052711613,-3.353280851
-1.360235257,-0.19170428,0.43504166044497383,-2.96206531
0.39620833245345344,0.5293920135592534,-1.031245178,1.840401469000459
1.6476650721929924,0.9478449841583043,-0.766630655,4.0687667662206914
-1.268333451,-0.486752526,0.11930550105607711,-1.58777048
0.9764919177875402,0.3299683621938769,0.14198756405386284,1.253917905361978
2.4595687185428967,0.38661248654762975,-0.759127943,3.418369838205097
1.6315313016001198,-0.278382242,1.026690180947779,-0.355413515
-0.744777326,-0.267385664,-0.372364143,-2.760089021
2.281549561153195,1.0937182324944659,-1.141678655,8.403257700296136
-0.89960275,0.2548608046366614,-0.120525075,0.5701281806262923
-0.484943857,-1.122776876,0.073111509,-0.866609776
-1.400262743,-1.081055885,-0.270285766,-3.225461246
1.0649709096746922,0.6036640987407764,-0.610848985,4.6631486214019535
1.360234096635541,-0.255957961,-0.090154431,2.448837117820494
0.3533057801608475,0.13650631984205108,-0.193632169,-0.207892267
-1.27375898,-1.73418324,-1.135604309,-1.619947042
1.2368779786176556,0.30374347216794323,-0.161951802,0.8762118582973908
0.3812300020337227,-0.161164676,0.052015303827651425,-1.569315884
2.717266914591751,1.3814381042656725,0.6547754247749494,7.300109698212802
-0.475951749,0.5241353581285533,0.945412436,0.9406164318253123
-0.230391887,1.0935820157269855,-0.554559842,2.025493156412492
0.7561664201634246,1.7010163894424066,0.9810029344650507,0.9379743592900338
-0.666770622,-1.207707503,0.9571837776975525,-1.913928536
-0.868088023,-0.51439682,-1.452783536,0.5078291685460996
0.4476983774544123,0.706882054,-0.838515867,1.1478602297327438
0.031190252147580005,-0.201718443,-0.015314506,-1.489217977
-0.826744304,-0.551319355,0.6475254820754008,-0.112771519
-3.312561597,-0.841415506,-1.010348939,-3.634782167
-1.204191914,-0.108693585,1.9312918721695718,-3.65462342
-1.377530568,-1.704432325,-0.130761526,-4.2480675
2.060305360422502,0.6347489250913014,-1.747150562,4.262730233341961
-1.393411675,-1.57287515,0.046148876,-3.000583074
3.539958926149163,2.8152121685813634,0.9290738573024447,12.570857742011588
0.6192429259639026,-0.348301864,1.6575280129574306,-0.219538095
-0.371487431,-0.334388199,0.7490581013788505,-2.034260449
-0.950373495,-0.676917267,1.2139875134846372,-3.840346659
-3.294632982,-2.186649361,-0.164966709,-4.538084666
-0.778712803,-0.288889459,0.36536973195567046,-0.835845323
0.041365817,-0.140441757,0.9256274106867984,-1.785023476
-1.788485329,-0.51654028,-0.484633903,-3.211406697
1.9343515890574252,1.609832157019326,-0.454943916,4.660085532159064
-1.179253323,-1.063907049,0.27892225875969745,-2.128519361
-0.14936409,-0.039548168,-0.245034862,0.6031025356192725
-1.734541306,-0.479732608,-1.449468386,-2.022863001
0.023686366267371195,-1.518877887,-1.014557306,-1.105763086
-2.110146813,0.17579453507184736,1.319407325852033,-4.337545705
1.8318204271695326,1.0158093573393518,-1.56331266,6.336857782414592
-0.736799713,0.7101439898991151,-1.259441129,-0.618407403
-1.422800331,-1.40037083,-0.224327858,-4.477008476
-0.485040138,-0.691832854,0.7778744213446132,-1.664407153
0.6368778712730598,-0.229091501,-1.018651056,1.7677139697382063
0.047368768351632784,0.4198971186962324,-1.166326956,1.532692445619757
2.0237320288911165,0.9166851865758566,-0.772160677,3.1081678010728995
1.511135905807178,0.12417579723144015,-1.344122796,2.4722523319647305
-1.256966104,0.3632874445262614,0.5048928229293171,-1.426028838
-2.190873484,-1.045638385,1.5790099380932532,-4.232564679
0.07274427,0.4986194908520677,-1.813871616,2.782136470830533
1.0512595158926055,1.091075450435426,0.03824482,1.777998346731299
0.6211036964354518,-0.812264065,0.7039227382702253,-1.167141872
0.5527337199162075,0.3368004401602739,-1.689213658,2.1488847278355947
0.17464196009283794,-1.098807223,-0.708004721,-0.523219222
-1.082068074,-0.91146769,0.30622701242493444,-1.220213911
0.034247977,-1.495298535,-1.512781292,-0.241821315
-2.17283785,-0.377454806,1.6486627150007553,-2.012831389
-2.687161425,-1.430304351,-0.515239034,-3.055720425
-0.108471543,-0.67525834,-3.444893482,0.843931472
0.9288592878691317,0.6313863618463799,0.6792979513082459,1.779092683405935
2.1509234506941737,1.8278758464029183,-1.313051926,8.888083683372056
-2.454668071,-1.095282267,0.080723652,-2.378768383
3.1194914635213635,1.6240529273181323,-0.534689464,10.83023216285104
2.4878460965355584,1.3667474071865378,-0.692552042,7.205854431079667
0.2735568699656045,0.5085021617663542,-0.920205834,2.2231157439327593
-0.590711566,-0.129067946,1.087683506274975,-2.25045176
0.4462087758298568,-0.272690556,-1.486207363,-0.812895359
0.803015444,0.22593354933140256,1.447762566168922,-1.363658177
1.843675446016463,1.3708171776367968,-0.082967453,6.276001421472511
1.3178914900579424,-0.822639264,0.5588572159711851,0.7596089325330412
2.160240525287426,1.3613099248621758,0.8723992808232809,6.218258783674355
1.0867599917625805,0.8495616065939442,0.7732809754477938,2.178563867775677
0.1325793442920335,-0.0183661,-0.293426896,-0.001286491
-0.737702654,0.3480191367870499,-0.240376243,-1.072223996
-0.358643084,-1.12182109,1.6452796751787209,-2.658547297
-2.242417407,-1.098686166,0.9376212986441694,-2.867269731
-0.416512899,-0.943617412,-1.86573578,-0.403277918
-0.381482205,-0.184737019,-0.144787254,-1.15900178
0.1443538361731144,-0.063454107,1.5915780375374722,0.036149916
1.2232845809798696,-0.509166148,0.38729833133265934,1.0336084469113593
-0.68318602,0.14887720880404376,-0.888355202,-1.510547622
-1.186299202,-0.078375693,0.5136917341847668,-1.495731237
0.8043408453910721,0.4664383302208881,0.5537496527302284,1.662641586
0.5686002999347557,0.7003747699797014,1.382702811838116,-0.115242775
-0.814810084,-1.065289937,1.263198926042618,-2.02754989
1.0687565628813482,0.22205678143499236,-1.592142331,2.622041138922632
-0.461870225,-0.517138448,-0.308885993,-0.189228797
-0.722128993,0.968561293,-0.060918003,0.16154306845221644
-1.060639054,-1.102774318,-0.159123746,-1.509650155
-0.444304906,-0.699452868,1.3177103720513488,0.49387946178436914
-1.135943736,-0.76182026,-0.282834906,-1.948660576
1.655842273693057,1.7608770509551086,-0.17688728,5.8832603141848985
2.5161937345849705,2.2730315253485474,0.23636362498330502,8.923465498128154
0.30858438261683135,0.10125119186927461,0.4056244696342852,0.4312840996238927
-0.14737104,-0.03155912,1.2366476456085518,-2.139524558
2.1303919680645285,0.3743963717847745,0.014277564886541414,3.1352812978159124
-0.498269668,-0.209821453,-0.213334143,-0.553821001
-0.15865805,1.2253315353457819,0.9319054799733345,-1.183361753
-2.502935375,-1.294408541,-0.540293934,-2.180827001
-1.131233743,0.001629653,0.7254184404590612,-1.20547411
-4.452367013,-2.840920892,-0.563564298,-3.129136388
-1.004486834,-1.210953576,0.44062734099740697,-1.679574185
-1.148081562,-0.302584826,0.678891501,-1.271453741
1.6007603256065017,1.4403043134194866,-0.177755569,3.6911689590129217
-2.719005184,-0.587674832,-0.658974827,-3.174823202
0.18725846944668612,0.7400993506566862,0.00773472,0.7836829668448478
0.6796169584631399,0.5108226381504729,-0.466218347,1.6314549941070005
-0.396748887,-1.277123059,0.9316614292190317,-3.127836475
-0.143748557,-1.128586076,2.2363404291889255,-2.447800484
0.9005287392891825,-0.702894827,-1.038902755,2.5786560261228733
2.978389481348936,2.2470545406595708,-0.365016631,10.719645534648974
-0.245539208,-0.186290304,-0.055939666,-0.013407927
2.0987152217533214,0.1911229161787319,0.4254569331712742,4.8078769090163025
-1.63587337,-0.377259904,-0.880476789,-2.548707182
-0.229468395,0.5968745125585597,1.3240804738383638,0.020988334940180597
-0.446249003,-0.1088282,1.4786140976771105,-0.433789275
1.291602262478707,1.1878997814481362,1.551473891616632,4.2379926418919185
0.7732828084754113,1.3028346650794917,0.8087345724659357,1.9608314940598413
1.7951012156922697,2.450741109862385,-0.043768974,6.387594568
1.5214395238776999,0.6675319968827936,0.33643521953040956,3.8011163349456027
0.24065742474301255,0.35640615720236046,-1.145340676,1.2727899732079693
0.22154131113737152,0.7813305230544668,1.067205845471629,0.8803958570233886
1.1617699328349476,-0.333754955,1.5050310804280924,0.091233606
1.612100424506527,1.3156841227109974,-2.146347783,4.938876234212426
0.2685279641463002,1.2544075268833597,0.13937912527002147,3.193901342770558
-0.543874263,-0.067821953,2.4662229456495712,-1.375217227
-4.313642239,-2.447941423,-1.489658698,-3.41410815
-1.880578855,-0.225852568,0.095879701,-0.511165811
0.5032980092616448,0.5592802626885534,0.424220513,1.7750637041844812
-0.777139422,-0.047029198,-0.638120196,-2.558492099
-0.747173528,-1.532652074,-0.02701706,-0.591434715
0.2543255592928827,0.055476159512053036,1.0069085176714707,2.0803386856415647
-0.755738075,0.43910422079731964,1.679831924245703,-2.146532132
-0.439500131,-0.551550344,0.772544785,-1.581967169
0.029801962,-0.321308619,1.7544698420776104,-0.804357118
0.5384065174249646,0.9323573159112228,0.3191122670614291,3.5222637038074036
-0.795284061,-0.358444108,-1.562673843,0.025962152619848244
-0.443737047,-0.949865277,-0.865341182,-2.666747854
1.090911133903456,0.8651715137503274,1.8522976331073486,1.5353424718179824
1.137380113426973,-0.513528441,0.9423119961575185,0.5395422455584702
0.8601390075658295,2.054388165110837,-0.554242045,3.567901327652297
-1.532707464,-0.717526699,-0.5661961,-1.59341307
-1.024785413,-0.737549349,0.2180517057521891,-2.186207752
0.45033088546176275,0.8927750143493858,0.6960663730675133,0.47581929489388175
-0.530723993,0.7474895561323852,-0.37065094,0.16803164031544696
-0.576128767,-0.766840991,1.1191387104898751,-2.919802762
-1.181604767,-0.199285575,0.36436608128424713,-3.333475064
1.3299254032900787,0.014581624547143658,1.072047421078379,0.49901594657239345
-2.136803701,-0.473030175,0.5761528258825662,-4.755393409
0.001472181,-0.572620132,1.2945366219834493,-2.47477022
-0.5281324,-2.184202643,0.012281936903407039,-2.326620126
0.3877873445243224,-0.423220881,1.4676224193633773,-0.403156616
0.4166365523352705,-0.723791941,-0.76481595,-0.369994389
0.8982576325848562,-0.569692681,2.167857082528002,-1.350959593
-2.002667587,0.6244847983963435,1.766947576354084,-3.31123303
1.0829024354022405,1.1244764093138433,-0.378755248,3.037693408
-0.830429354,0.28402496521489484,-0.827627635,-1.473864347
-0.760580271,-1.775333642,0.24843629194918618,-2.554429196
1.8687728640044776,0.18719452864488523,0.3733841354021606,1.2873338053648657
2.9189934223379366,1.6654601598534393,-0.685746935,9.038822041578673
1.329109427445204,0.2796677922461512,-1.476264433,2.437047149398364
0.8328811125595572,1.3813762764320698,0.6802777938445715,2.9211766541119397
-0.605753445,-0.160728106,0.5285184425916668,0.16064378976945015
0.9668069362859929,1.493860194071192,-0.483691734,4.769682168497617
-1.549340672,-1.286779702,1.0788025728004078,-5.188223826
-0.994188964,-1.813155119,-1.553336322,-1.063399588
-2.532233161,-0.446224533,-0.177270302,-1.132662981
-0.451631446,0.31737776250950267,0.34195907146919124,-0.072309468
-0.968282906,0.035104657073882044,1.7167741258252829,-1.860702232
-0.43851137,0.44290234945945794,-0.159866792,0.3282772924024665
1.438299284491268,0.8892628662949582,0.9159355265534118,1.4171636944471255
-0.670915471,-1.318998652,-0.147840459,-3.557508998
1.4308900852594237,0.6905631418394402,-0.638665102,3.3640850412127303
-1.039834786,-1.138606786,0.5519033602075086,-4.128019562
0.18806260427667265,-0.918739224,1.156670374739222,-2.275833502
-0.720961263,0.9759300409978293,0.41942660705141416,0.5631781014609079
-2.577752047,-0.523061006,0.6860825483228644,-4.16604126
0.4452681065813541,1.3547922378723813,1.1486725823188189,1.7005216395430414
-0.704424385,-0.853613587,-0.462261479,-1.43076742
-4.539662626,-2.53445261,1.708447521317631,-4.585812581
-1.096215423,-1.175919204,-0.657560526,-0.42141889
-0.755118396,-0.281398984,-0.469218665,-1.685641855
1.425891702124129,0.6105415814461224,0.4784990538590344,2.7458260504014698
-0.481414659,-0.212584447,-0.217045813,-0.982653932
-2.660039601,-1.969034499,-0.992775238,-3.733614124
0.36098607350620904,0.5642446506622532,-2.155598402,3.9640964916523282
-0.494350113,-0.564419749,0.012605292692553829,-0.986332047
1.2984867327667413,0.23504279395046984,-0.838006458,2.172398689
0.26098596246650263,-0.563489422,1.7316129482454137,0.49146359894957126
1.317735030898325,0.5665540855629678,-0.479533881,1.4488874589321568
0.007112257,0.7369451804797567,1.3274352563594058,0.43651183049584663
-1.223383631,-1.241771728,1.264432695066757,-3.726401888
-1.297331191,-1.018761449,0.3814256940694108,-2.724594286
3.3396026750367547,0.5483526137132403,1.1042531267929696,6.468023682113791
0.444323828,0.073349149,1.2766884913571173,-0.98090782
-2.742845054,-0.696880376,-0.428849881,-4.780277472
-1.403330186,0.567762501,0.766473572,-2.521568259
1.8473787300927413,1.0341170158196955,0.7747023723213042,4.409874978597821
-0.484620106,-0.189568774,-0.117196842,-1.481531365
-1.661814773,-0.644756923,-0.127958965,-0.286021303
-2.446048883,-1.712657918,-0.120460328,-2.742185436
2.122706263953202,0.7225655270124564,0.2035274418634388,5.173552177972142
-0.359555795,1.0405237019995504,-1.93356274,1.1582579905190062
1.0299411113602197,1.365785336040099,1.620424595,4.821518586
-0.902065839,-1.025068759,-0.239213856,-1.454168144
0.12406994571326407,-0.30505285,-0.825707777,-0.919897796
1.777707934267192,0.7125660061166866,-0.768142522,3.5859053034254837
-2.705879422,-1.947612036,1.372582152544749,-4.37681659
1.8853270846863308,1.0651121116407662,0.5270714868919739,6.0700835459272495
1.1755844804244973,0.22724779695600972,-0.665148567,1.0969965034514149
-0.897710219,0.43939144844499334,-1.385326108,-1.792869002
-1.098608689,-0.665420568,0.9386179029838777,-4.502027649
0.589759762,-0.003891218,-0.041407656,1.5251070795636101
-0.739540104,-0.906363487,0.46438348,-0.718777022
-2.405728893,-0.647660214,-0.381082469,-2.25521489
0.804578969,-0.742784326,-1.255076184,2.105828543267392
-2.113766249,-2.246886875,-0.560723603,-1.89261238
-1.719721982,-1.00873257,-1.925390866,-1.980241614
-1.583837001,-1.131688984,-0.41436489,-1.326096953
-1.173382183,-0.217328559,0.11850668750815703,0.40834901042419247
-0.45100107,-0.976227354,-2.337298304,0.514551221
1.1182326720219535,1.5338056032007676,1.669971160668174,3.5615814825998844
1.7189233004870363,-0.429584504,-0.383656244,0.6999321390124018
-1.112956857,-1.707597287,0.082313719,-1.778902314
-1.30621959,0.12441436185463074,0.1299267201211976,-1.952108653
-0.842990587,-1.088312207,-0.070070551,-2.040146379
-4.825023395,-2.027999197,-0.693557328,-5.108903655
-3.051474417,-2.183364084,-1.427734133,-2.371353624
-0.707495141,-0.642887519,-0.24931168,-1.785321471
0.410190312,0.5944301292668984,-1.691608495,1.9028462051997006
-1.767865683,-1.019147818,0.8473479813578272,-0.850474808
-1.398423331,-1.092861294,1.7070473112525937,-2.807897762
0.3838038559589368,0.095871806,0.5895838251047498,1.330988298883561
-0.135436259,-0.501998617,1.8076352154819921,-0.536449169
-1.288438644,-1.505512961,0.21986180169000802,-3.121083324
2.4172104270901578,2.563492215679272,0.17621066900154483,11.19750169
0.11509624382954714,-0.317981483,1.0697257355725838,-1.734158505
-0.524110983,1.026406124089874,0.9238393546788265,-1.774969237
-0.400260982,0.3960179669208605,0.27470168242107645,0.4503529383567928
0.064446399,0.34663631271902545,0.3213668686180593,-0.547156346
0.2691248981658053,0.7260771428869031,0.11388948607685646,0.8231958903130352
0.5464978830259601,-0.979843503,3.3498880469729158,-1.618581163
-1.363357399,-0.356162313,0.607102725,-2.13054434
-0.33862733,-1.301699267,1.7438900972009397,-2.28890453
0.21427526530494348,0.1641196290037357,-1.858684713,2.3886461550232574
2.3398028564535944,1.530187509602112,0.9172370006632146,6.887624578635877
-1.977601245,0.9106355529089332,-0.981355925,-0.936286179
-0.268372228,-1.439389879,1.4090300929031485,-5.194531637
0.8001423047274288,1.1192910863108831,0.6853503796478281,3.0341000638998903
1.9288627429874132,0.7088612816934543,-1.088520534,5.148213309146703
-1.504796987,0.8342404373420065,-0.592075064,-2.820778629
-0.586554824,-0.24886057,-0.441842989,-0.341200413
-1.173923835,-0.00551762,0.11770923107101698,-1.800571401
-0.634099098,-0.465340058,-0.055021255,-1.633820966
-1.454351924,-1.533572749,1.4656926311121152,-3.612058154
0.994695121,1.0677399878799065,-0.132659916,3.5487868594886143
0.082131902,0.18869334219873451,0.7162901750248476,1.334138810782215
-0.269414009,-0.156543733,0.654921223,-1.439584372
-3.370106237,-1.854250476,0.23443731781276914,-2.573673435
-1.317150547,-1.233910441,0.35337022612744245,-3.27198144
0.12276186926112498,1.4823737694862837,0.35258516518400784,1.8020468686793265
0.5011541812644538,0.3708867547026526,0.1874974311001738,0.4715682481963036
-2.262406554,-1.053609632,1.6051381083817167,-3.312101546
0.5252288640740409,0.2053074435157553,-0.090073644,2.705415447172343
-1.343988137,-0.565645581,-1.191462254,-4.511185136
0.3233320962850216,-0.239952876,0.096877343,-1.797423218
0.9296820424000275,0.5501631532219287,-0.752479443,3.090388975130744
0.7857263345912309,0.1604193762044447,-0.237595267,2.487551905723953
-0.185920372,-0.006576836,-1.9980646,1.3291787577737169
1.396281932203754,0.7540197526853604,0.3973059381900842,3.986048661144591
-0.004944242,0.4829899820899946,-0.037440847,-1.016516965
-1.067795818,1.1981646309023672,-1.190173823,-1.559321569
0.7909647294919198,1.6626110000236936,1.2964349823800891,3.4032901787422545
-0.568407377,-0.208596967,0.706214966,-1.287714053
-0.536121792,0.9827000722096692,-0.935004207,-0.470965003
-0.7777131,-0.707078964,-0.017644655,-0.511941055
0.32339275823493346,-0.131873352,-0.583809134,0.20387890714715906
-0.757564139,-0.193487936,0.5322913632564633,-0.574685175
-0.526384916,-0.74752732,0.3700259106398071,-2.817910392
-0.780343289,-1.437177287,-0.912409265,-0.732317491
1.4932993489801114,0.9133476888804551,-0.982402571,6.492620742
-0.05928465,0.6484658549454938,2.124683708160043,-2.77580374
1.6104497335661123,1.9889402978892683,1.0078587193844313,6.176886441419816
-0.904785017,0.8231572518078535,-1.05963584,0.47422228376725434
-0.986029701,-0.342708313,2.4016703992444395,-2.89295281
-0.482924316,0.49569030723899365,-1.175878987,0.1956501561564976
0.38980989497042173,0.3458442712303685,-0.218678588,-0.05473717
-0.779164183,-0.650149477,-0.656724533,-1.94614148
1.059538467335207,0.5229421874479113,0.8835922569002462,3.240292842053464
3.6821822335515995,1.8684138204849925,-1.119533469,10.953403082541165
-2.980124081,-0.356022047,-1.27211433,-2.6954865
-0.865470405,-0.769791759,-0.81639181,-1.408783411
-1.584791704,-0.806821438,-0.570212154,-0.721717113
-1.778058813,-0.676506791,0.7642321123050103,-2.746882186
-1.157542537,-0.692613397,-1.297948411,-2.234017308
0.1402263149260864,0.5105591297734938,0.260602161,-0.032841703
1.420000923568947,-0.468897961,0.903107339,0.037082138657454466
-0.359880017,-1.214890621,-0.355681194,-2.822586713
-0.559935246,-0.519623113,1.3561277758050312,-1.980040371
1.5185131157022407,0.9465808359156842,-0.711642912,5.597106165048584
-0.598859538,-0.326883371,-0.440742509,-1.249678433
-0.788567253,-0.55532639,-0.219281635,-1.817644896
0.48721969901968776,1.1022400033414828,-0.157888503,1.4553301172401993
0.2670204087614022,-0.810706716,1.2379114555216204,-0.01881562
-1.53797694,0.697263907,-1.031199817,-0.599402914
-1.585735139,-0.777844312,-0.405789714,-4.29434872
-1.176538113,-1.598765701,1.2172588431606923,-3.054576216
-1.401100388,-0.860965383,-0.806958662,-2.328960515
0.4763071577171401,0.461464189,-0.89669233,3.1383828659231696
0.48048606256614856,-0.573436788,-2.037987028,0.6793589579725154
-0.291936126,0.14512136464078843,-0.589151942,2.0571207218404632
2.205064718673413,0.4163401100009515,0.355557193,4.7057207418484435
-1.77036836,-2.032991946,-0.435267866,-1.906835176
1.3225568387897462,0.5443572397612373,-0.365691608,3.750368686983042
0.4186618360669828,1.2231978834038877,0.49298714692445417,2.9484359050110838
0.4868214878671135,-0.372988049,0.44042386660458044,-0.025538694
-0.738157392,0.4201675896121285,0.4845533493627703,-2.084734171
-1.587318639,-0.447308292,-0.142012649,-1.426846171
-0.638257977,0.8195067201303037,-0.060918631,0.005793882
0.4616942713893101,-0.222268903,-0.363445863,1.2738309121363236
0.7954253116191303,0.24953117939890726,1.1187025611283334,0.8087711377931378
1.0686910393366773,0.4251733953276858,-0.373922025,1.0840273843703339
-0.636417375,1.4659882990210085,-0.510958645,-0.537604319
-1.342543724,-0.751259705,0.116899056,-1.706859335
-2.618658531,-1.337243022,0.299692641,-3.651274436
0.12296864028867499,-0.381255572,-1.287727168,1.0346812063076227
-1.270610494,-0.015031708,1.0639895370113164,0.24975546
0.9994429812294245,1.317673109313701,-0.506427921,4.942159946768928
1.6104879085958015,1.5830723076022288,-1.742406663,4.832789514804422
-3.009704471,-1.122916371,2.918790893351419,-5.499915268
0.5642690670123554,0.052018177,2.2798189376953726,-0.026882079
-2.844745878,-1.185685986,-0.403972401,-2.975502094
-1.814239996,-0.949534776,0.16257950544509603,-2.111787223
-0.034427951,-1.253781759,0.8059674913573691,-1.535979791
-2.626409993,-0.897074927,1.4949476881101245,-5.425988667
-0.7562816,-1.023574087,-1.006259173,-2.328575241
-0.168365217,-0.503059288,0.034695615,-0.555406499
0.6088362130436682,-0.280954765,-0.00435925,0.030669406055437276
1.4133856799699067,0.19095626942535784,0.3627154625776306,0.8791468671197884
-0.056506747,-1.245736755,-0.354017887,-0.744880823
1.135397711564012,0.25131456842801353,0.13415218944403665,0.3844667849121741
1.8452586896521432,0.5879913692624341,-0.955948388,2.7503820169770403
2.439238255467508,1.1947192298122582,-0.325519785,5.309016641702888
1.3917045202942864,-0.538916924,1.376310069513983,0.21726470352450158
-0.433995863,0.884791833,1.7475214470677853,0.2506973631516236
1.2891489687832998,1.5395821819345392,0.5054280785776336,5.305225802399734
2.1727954043061963,0.6480665905917972,-0.354268395,3.171712874455668
-0.819524492,-0.592590218,-1.539035475,-0.336461281
-0.083780052,-0.81166096,1.2088838369439332,-2.764104002
1.5743722035242702,1.287331194151068,0.11399644719073287,4.329105686087977
1.2837652908198904,0.8880499036333264,1.3401688117084973,4.3370674909328155
0.5304442202181857,0.016004321675860262,1.1484328696079646,0.7355893678570604
1.8527846134481956,1.9526642826196021,-0.500713836,8.558174515540564
-0.781062224,-0.092124577,1.141237255472452,-0.720308127
1.1010636815209076,0.3323511054870519,0.19303677906304176,2.1909086589542635
-4.154977161,-1.957108424,0.5777947207826734,-4.104910242
-0.043489291,0.3794959385082931,0.32041139597551876,-0.85062302
2.9978291619436552,1.5138755929999577,0.435833582,8.761464498196913
0.5158599531063224,0.9166205197702623,-0.097036778,0.3738723834692257
-0.926229894,-1.342324627,0.33287108964774625,-3.699657355
0.6641453546753924,1.005463349112347,-1.637841063,4.836186315066926
2.4325380357276956,2.5224880736105857,0.046001906225748054,10.698083683389498
2.2027665117956436,0.072308956,1.4375573704252769,4.364148725436074
-1.425103848,-0.038383657,-1.237228863,-2.24046866
1.2898619204525015,1.055618836240481,-2.141941795,4.011992575519399
-1.402702403,-0.57880798,-0.737323665,0.43766374892020377
2.5857217798115593,0.4641729656435918,-1.148130331,6.450205241668379
-0.950909492,-0.495160194,-0.101495988,-1.850120164
0.5239919753070761,0.2228842561381783,0.5380061543786342,1.0072452999455666
-1.590654991,-0.35449032,0.619394156,-2.973220805
1.9023752494928483,0.6525910217433462,0.5540519402288309,4.234931539956601
0.2169918877082272,0.8609730095837413,-1.013978373,0.662160297
2.5336655428698944,1.348497490382562,-0.809303278,6.495006183
1.5651816646844858,1.2947333673039816,-0.394505946,4.516773984099385
1.4473676998271459,0.015273477757294502,0.3619944907180268,0.8773873767487109
2.657152570302812,0.6444330978619686,1.2483465848236217,5.571264738
-0.690332159,-0.208605067,0.37826898118528535,-1.131798292
-2.532743661,-1.227620626,1.3320670660655043,-4.116101619
-0.509307615,-0.699106879,-0.975793134,0.14283614062615058
-0.339572823,0.9199328701249055,0.008274081,-0.4028011
1.215526194814984,0.8190447707890883,-0.094741687,5.415354402039965
-2.822820288,-1.975955536,0.788256928,-5.956201059
-1.324790955,-1.103511902,-0.994301653,-0.807485057
-0.845665959,-1.038955933,1.6356469795518724,-3.966501365
-0.30886211,-1.527335198,2.0644912232858146,-2.407569564
-0.204611767,0.8585402004039275,1.2102080773995372,-1.516649144
0.49012482642352717,0.4020166815337435,0.24956382534388313,0.3237329345257829
0.3633725330568466,0.6121520781826694,-2.029643812,0.9932029988422586
-1.252274255,-0.182571816,-0.629594094,-1.580861434
-0.282530428,0.3369993209208815,-0.048953645,-0.899143105
0.036461798572469895,-0.456678618,-0.259740931,0.9619281789552532
-1.00642174,-1.105103992,-0.108284708,-3.069709404
1.0513910605770156,1.102296969973879,-0.07814211,3.284411616948811
-2.963202895,-1.403064981,-1.735348899,-2.488937206
0.5031141745159156,0.20974040088239426,0.38422182918200726,1.481263641182522
-1.161706689,-1.403154004,-2.150529861,1.0999149539496278
1.0577524369166313,0.46621773977757014,0.5595624505601207,3.839584855477123
1.7935068284305369,1.0963787869329387,2.975493762,1.8754683721484042
-0.348886862,-0.122230906,2.4887579014223693,-2.722296994
-0.138418014,-0.350367795,1.8065669219931515,0.3979186774015149
0.090481749,-0.036491575,0.4456895821285016,-0.742646857
-2.530913788,-0.973680876,1.5093994056689188,-3.549292141
-1.547934324,-1.817502938,0.4458458303168432,-3.104966382
0.871326874,0.9851879967460943,0.2855462928281448,1.2376457994086931
-2.924354228,-2.205445187,0.6102581462822914,-3.487090829
-0.703328909,-0.49403681,-0.183992811,-2.856902593
1.7185247970582163,1.487466945999921,0.083419783,6.340234613054099
1.4696460585146405,1.7498478409226994,-0.507250048,6.088949843885278
0.32512050923339575,-1.431605543,-0.218712318,-1.979521012
-0.125444126,-0.177082967,-0.543153191,-0.438409791
0.8043029656132547,-0.885318524,2.556646207444021,-1.857860701
-2.778686572,-2.285201581,-1.351934177,-2.835505851
0.8216904761766509,-0.213580029,-0.106911205,0.9561161322099495
-2.48731678,-1.43799806,0.7670617595772078,-3.959161542
-0.490209294,-0.313684656,0.017852583566018848,-0.706266773
1.741420067070784,2.1233299049166208,-1.407849956,8.966087607700384
0.850937786,0.3093493016873793,0.5686647164545552,0.48280172914617536
1.132769288209303,-0.164034405,-2.176765502,1.8806955127845173
-0.378049537,0.11618476713157752,-0.257806276,0.4472860703658674
4.294331207164757,3.0237605814622674,0.3135959086096159,15.604900470693712
0.054632442389759506,-0.917298381,2.6011952034140204,-4.835144936
-2.057405803,-1.128920961,-0.718158993,-2.490092653
-1.846623516,-1.136582206,-1.220795388,-2.214866912
0.2488230259403731,-0.581147345,1.1540455652283157,0.37330490157540597
-1.257952222,-1.060395302,0.8261114342658015,-3.428964214
-1.370563644,-1.787809951,0.3659465159745806,-2.132135789
-1.793201527,-1.473875605,-0.828181177,-1.702846221
0.6198903551636958,-0.322258899,1.2607293947751383,0.44779972006183455
-0.803153103,0.050162708108746706,2.1810781043101652,-4.453666943
1.081500088197683,0.7066640294293266,2.0529705745096307,0.17630995754027867
-2.89033971,-1.661295993,-0.849860302,-3.592007345
-1.65814775,-0.265578779,0.3985291952255643,-1.867379964
-1.813215499,-1.287682324,1.346095799952541,-4.659230363
1.6411889517322293,1.991211664613952,-0.044210762,6.635380286152528
0.731703576,0.1296421880552177,0.47641487255101084,2.5479503003552972
-0.012439688,-0.037672349,0.096100983,-0.443594174
1.3604534883309736,-0.383200301,1.7190186643576182,-0.184916665
-1.193145153,-0.956898822,1.3638595333513441,-3.334362529
1.6480180935728104,0.5673975607372573,-0.591006095,3.5087692051761104
-0.362572326,-0.516770003,-0.551864441,-0.815581721
3.546916157012637,1.039457491670951,-0.183551742,9.018969461671379
-0.233952007,0.6768188366274535,-0.879811475,1.548616971576241
2.260043053959216,1.1160445248811075,-0.415092127,6.992803393693323
1.6343678802273671,2.053285834571757,-0.601670281,7.7225744698304135
1.2776435416784062,1.4196231378966757,0.7636904882141694,5.570867375772513
-0.403774991,0.070032469,0.4935889211098673,-0.751229434
-2.268243147,-1.381707663,0.40085106548182425,-2.591590006
2.0010236291294916,0.6493982408324477,0.005974788,4.1189827814283175
-1.147274032,-0.252285321,-0.82665999,-0.247212223
0.17426403488309292,0.3236309653274219,-0.175760636,0.9220240030628902
0.007852243,0.7554695446765508,-0.155048797,0.9161453440673666
-0.770298437,-0.383011253,0.802297347,-2.279996972
-0.485689597,-0.611384285,-0.362060583,-1.421755409
0.9821482569774903,1.680265143499926,0.23635011458392918,3.205502610984919
-2.846287262,-1.548434467,-0.565961439,-2.52158994
-0.138784463,-0.079018683,0.7957020882791125,-1.491912842
0.8717231748336072,-0.633675192,0.956799627,-0.482949508
1.8364713559489536,0.22859084727144072,-0.994644243,3.515699906243524
-2.135100782,-2.94918289,1.4344324804098532,-5.033475506
2.6908986800646915,-0.911477925,-1.674090263,2.1626014710463695
-0.392552116,-0.200183683,0.23719630632113414,-2.803716143
-0.531774795,0.14581130228270633,0.6599332185161467,0.060190770092158674
0.8910078154715853,0.8745361360997177,0.8128939308616867,3.6664281619903214
1.7216269605757746,0.20461529547585441,1.8801160497229261,1.184956138233888
-0.798850098,-1.950318199,-0.000405243,-3.778330972
-3.264853986,-0.126984279,0.008890775,-1.761264332
0.865584643,0.397986307,-0.619014841,2.951392837831568
1.7562043876728053,1.5114311431160878,2.1576003494594285,3.3317829729860775
0.1443034540702643,-0.348117011,-1.650354112,-0.10419918
-3.06979894,-0.583464828,0.11949345969955043,-4.47243556
0.039595819,-0.034254781,-0.323872309,0.5858656271596835
-0.995442384,0.6827850905963454,0.18275177639540627,-1.554943628
0.40261643379348644,0.15862842624989337,0.8112092513735136,0.4201348451636387
-2.984102849,-0.973709065,-0.237872982,-3.047065585
-0.943448339,0.7075402542408743,0.8373490747321866,0.11117313722721578
2.047617275442203,0.4216130972968955,-0.833597456,5.507418948304797
-1.808151488,-0.760943851,-0.302836537,-1.721330974
-0.004337094,-0.259691125,1.1915672441106973,-0.017721866
0.078048652,-0.670646535,-0.782274944,1.4190569769463013
-1.005420443,0.0514082,1.176353211324868,-3.341331181
-1.90033544,-1.859098203,0.43118135863970486,-4.059275526
-2.346519142,-0.86468615,-0.117436235,-2.460778517
0.7919574938300546,0.5685006870026781,0.13285093154090738,2.137564583321974
0.7379294140163122,0.7137269858767837,2.7673135333160124,1.0796595813829575
1.0870133906372672,-0.145509074,-0.735361418,0.6104629993313919
-1.179442508,-2.623127502,0.5036139503266737,-3.363909394
-0.792012666,-2.252056579,0.7411381808336407,-3.608307449
1.3363640283757183,1.6182295550136871,0.16774086891586307,4.8402948941528425
0.5269852334430569,-0.474225217,1.636827499785768,-0.193650574
-0.221907212,-0.45611812,-0.991914066,0.048734873
1.7638853393813922,-0.067052207,-0.276057845,2.112055396444301
1.0512849784515068,1.5775666659071768,0.24763720189120705,4.026935782483096
-0.800139333,-0.672954882,1.2489856299074071,-3.422425809
1.1696619840988964,1.3095758864263918,1.873364964524361,3.717806788198058
0.029367564381194144,0.6383174654496824,1.969763311120418,0.1947946980383869
0.5473172336449275,1.415983729697844,0.052281234,2.480219739275187
0.7655754707347169,0.24856863671665136,0.43648853363557616,1.9363583387924264
1.2237881070556427,1.7042499675942369,-0.363172028,4.166128373
0.687234938,0.9078431795316572,0.6428383010622489,2.355212590920536
0.16535306319131277,0.10925175024515271,1.633210534824679,-0.634822829
-1.047331142,-0.534080575,-0.078856745,-1.294832381
0.037320907,-0.303246958,1.1361801513658447,-0.554203504
0.14607575725205393,-0.146491162,-0.352632127,0.24555834440989957
1.7782970696423903,-0.025738733,0.28659292014537996,1.9007422751589658
-2.414004385,-1.301801256,-0.410373633,-5.070773347
-0.047889863,-0.599742045,1.2919861844340905,-1.810334237
-2.444772201,-1.8768905,-0.668556365,-3.382161775
2.138365022250012,0.7425840482522921,-0.874042232,5.789802153212173
-2.778422032,-1.388057093,-1.74350703,-3.356314652
0.6546298222464919,-0.349487203,0.40674566924622924,-0.535336677
-0.834642907,0.12994199136519632,-1.262875979,-1.067748105
-0.982638806,-0.737408452,0.66004605,-0.686273987
-1.718160342,-0.945256576,-0.138847147,-2.156696771
-1.573158859,-0.10774314,1.1889696294350613,-2.31539887
-2.840209484,-2.481960474,0.9783501485863095,-1.745613321
-1.441734606,-1.59907874,0.990188263,-2.35475017
-1.36594367,0.8640666998252194,1.9610663407252047,-3.176496201
0.18471699693428853,-0.08608656,-1.321075802,-0.609593505
-0.961027406,-0.608167596,-1.456917395,-0.612564746
-1.794971311,-0.561224822,-1.679376052,-2.884990998
0.6372514438699954,0.6759904737530977,0.2568118077406102,0.5594661378808916
1.7116757483433902,1.5522967553405247,-0.286432686,6.089470978576365
0.7615596507313578,0.6405441308132276,-0.101030365,1.6162518985334688
0.087057982,0.7643580482532428,1.5762488714094123,0.23951730748724917
-1.407944777,-1.163284892,0.025797224,-2.370526103
-0.167051707,1.424518919765456,-0.057244033,2.257501433705169
-2.96260989,-3.389755866,0.4011698343626759,-4.597495014
1.8511802312586472,0.6997828897596895,-0.702062372,5.9936493103508965
2.9636178995720686,1.7439834578284013,0.3639883526042929,7.0444844101219495
0.5572913697526438,0.091135432,-2.058358854,2.3324483445969015
-0.546188102,-0.005867228,1.2660193936582567,-0.603913736
-1.303526493,0.7280847565061521,-1.146572696,0.018346633767917564
3.413783035307792,2.132266026919685,0.13585220521763938,8.954997603
-1.472026292,-0.042331324,-1.395716698,-1.255728293
2.3525279117542373,1.3628237222759803,-2.134552924,7.611721377914918
-0.311713563,-0.061298654,0.21675179135038217,0.7923625340147475
-1.232124807,0.2809648561873778,-1.082426163,-2.531450989
-1.162734502,0.7257431077730485,-0.627471498,1.2922044712760363
-1.857997024,-0.402983145,-0.564788263,-2.150104823
-0.707203547,0.4314800980618454,2.810828012656173,-2.99410086
-0.781323442,-0.361235912,0.21029339633977126,-1.285749383
-1.353699274,-0.034430195,-0.208612532,-1.999460043
0.030139596527104295,-1.369348737,-0.890615064,-2.090765217
2.4644648522781667,2.7700520239427298,1.2944830286616043,8.872857429606281
-0.68302265,-0.113542178,0.23090592083600917,-0.843892348
-5.484931658,-2.210754672,0.3856038666525702,-3.433054881
-1.200439197,-0.142130206,-0.117345725,-2.431825445
1.8591489375488646,0.3798660527029172,0.17064774912554764,1.7021644830884863
-1.90019418,-0.845606513,1.951792495243456,-5.250897044
-0.669787308,-0.291550715,0.16671213334369692,-2.599037175
-0.357259336,-0.459146753,0.7125279218247335,-0.529405725
0.3791758435130444,0.3981974604436916,-0.385332039,1.0563085335438749
1.179771389,0.45971618724446267,0.21687121733933912,2.9743010294002246
0.21878909338586838,0.3030224684321311,1.1818845557184685,-0.299543642
-0.503678563,0.031848336,0.5079963256208132,-0.853693822
0.1815862881786856,-1.182347974,0.4482912214712823,-3.573217988
1.101581927120713,0.7196381303612212,-0.49002868,4.301088045862148
-2.246052278,-0.148154502,-0.367458963,-3.670594845
-0.917623506,0.32402054321578494,-1.375218368,-0.483709904
0.46911503343173805,0.4276516439128022,-0.05067481,0.8559471723779096
2.4369610910723485,0.1658578986061886,1.4447729887863547,3.933090951585733
0.7119654056833146,0.052528739885582335,-2.204641566,2.668535164975528
-0.581655362,-0.395789069,0.417796523,-0.249055159
1.0564713071461662,0.3952687070036131,0.030689112,1.5073973450233091
0.32435830631033774,0.040603975,-0.803097766,0.32741283992123027
1.5732260850914177,1.6377176988255515,1.2689719203628216,6.360053123528305
-0.177006021,-0.891992254,0.3516526151738213,-1.261356267
-2.002748799,-0.196340259,0.40775787204762676,-1.222298193
0.5491090076011531,0.3783036752711763,-0.285767448,1.112879171937064
-1.296365744,-1.144450457,0.8271239129065644,-2.171151271
1.4186954737712387,1.0785619906471156,0.058698443249358925,4.369604203065953
-1.478968411,-0.058569569,-1.347674537,-0.92908349
-0.44735173,-1.340876838,0.906469254,-2.423763273
0.9202580205755173,0.8525696018823661,-0.33408059,2.3828570375196008
0.12012692474900266,-1.553808769,0.37287997446649795,-0.793681721
-1.766957918,0.041903671,0.2625226735717376,-2.106735729
1.3543655167616144,1.1246301478285097,0.8458421932456532,1.635416793988242
-1.421016985,-1.019859358,0.11812601978280544,-2.407351114
-0.413442426,-1.38046585,0.3840349671738731,-2.386682068
1.0608953016255582,-0.026852536,-0.158799811,1.762392158276087
2.4149182296595813,1.473147548168918,-0.409825625,8.150407271437984
-0.98743508,-1.208739876,-0.311586723,-1.390290357
-2.708484095,-1.590661889,0.19008110179721635,-5.356821078
-1.320804624,-1.348853145,-1.028117146,-0.892737693
1.7068886589504957,0.9436791674475491,-3.327524547,5.183774296746419
0.2478019952253966,-0.179383505,1.567634928597936,-1.774489862
-0.638011863,-0.008773548,0.5690346287048245,-0.854826887
-1.402411306,0.3651195159748895,0.011774918649088233,-1.881198735
3.915370159447308,2.1038193443995303,-0.249088914,12.659378747975884
1.9467908409548795,1.6395469375333378,-1.062825913,7.940641728979711
-2.80272615,-1.379557836,1.370457345760327,-4.743003835
1.6902660408760797,0.8104423005142969,-0.950717786,6.643751007713471
-0.097454055,-1.161193186,0.5880386102003229,-0.904030927
-0.96393682,-1.759406349,1.1027233319841985,-1.81153272
-0.19821947,0.00842124,-0.384843209,-0.533459193
-1.091639757,-0.040351652,-0.446565063,-1.806731554
-0.749105284,-0.583478178,1.0826458003915196,-2.359763527
0.092931593,-0.329710435,1.8476726130561243,-2.312966658
-0.968335193,-0.646708477,0.20956073342464032,-2.920186791
-3.607902797,-1.273464129,-0.717118395,-4.764038938
2.4590739904148475,1.7784395193407196,2.144999444,7.257100684082334
-0.183684745,-0.971956858,-0.207700037,-0.741020622
0.6638141828567493,0.23093202169182342,0.35220961707970133,0.8554757050458249
-0.958737659,-1.245702383,-0.4480086,-1.255481279
-1.483447128,-1.039439729,0.21547981518724357,-2.135742104
0.5702330916547672,-0.804832966,-1.072691475,0.36071342229716147
0.7408289163060764,0.7085941297047701,0.6352782438837391,1.5773734584379415
0.6452419611454443,0.4051770958288887,-0.803698349,1.6415476935860371
-0.924156067,1.3306774203767582,-1.410645202,1.9774768727911416
-1.036111916,-1.363061243,-1.515690197,-0.701976784
2.0615182574049844,0.01091835,1.9276971071206725,0.9503374055635627
-0.499503445,-0.252206346,-2.578496963,1.0437266847739943
1.9402682135466038,1.1703301688900376,-0.963928787,6.322638616114613
0.557309183,0.2519589284413073,0.024747149431030274,2.4634471766676214
1.3237432099446784,0.8827662109272633,-1.190275572,3.394262769324076
1.120719838903426,0.4264204621106191,1.8955931451109453,1.1745319048076377
-1.481295163,-1.022658701,-0.071677612,-3.287614929
0.7474824983728143,1.5971945025436325,-0.193882909,2.7381964090499316
-0.085060154,-0.321719401,-0.931196413,1.5127232078616517
-2.483443785,-1.590036592,-0.090890823,-3.886446717
1.734741008052674,0.7352671969380936,-1.586968245,3.3922855263347946
-0.5852278,-0.922025522,1.5575292569262342,0.3392843918346711
-0.980875059,-1.608167341,0.2021531208930465,-1.639088728
-0.356831592,-0.518313716,-0.977098337,-1.07002115
-1.730045257,-0.583243946,0.093321553,-3.084675175
0.1713233254919913,0.10018832077821152,-1.074678117,2.866021679327357
-1.508247466,0.018449664439655632,-0.590612605,-2.252040749
-0.052522264,0.17236976064224854,-0.141145382,-0.07322586
-0.891668493,-0.988590031,-0.501231419,-2.12625983
1.550756861143546,0.903189379,2.219073478898577,1.8856159257465883
-2.070536676,-0.197422404,0.033395092,-2.098257375
-1.503675548,-1.321366276,0.489124113,-2.170561521
-0.36393864,-0.601664543,0.18160342576702787,-1.047270459
-1.441836877,-1.662511628,-1.631264314,-1.496426992
-0.795226802,-0.608968378,-0.151584992,-1.601676078
1.9691300399556781,1.294318893,0.23267534144435348,6.666779746060887
4.013431863266794,1.0007096962940227,-0.880990813,10.721531761714575
-1.188765444,-0.879787516,-0.005426877,-3.2696206
0.23820173944564238,-0.439258379,0.8571070302623209,0.3248243214993909
3.183699249383081,1.5748665114509321,-0.567164956,9.523377871211268
1.3454881159925165,1.4785725158561958,0.3633693993144571,3.2428615399610266
-1.631480414,-0.935042477,0.5855770788196865,-2.059730451
1.0407443458670433,0.6729237017011948,0.2413938872573283,3.4650639241208134
-0.001576983,-0.085509609,-0.203806645,-0.130837913
0.7820857304601501,0.093471849,-1.169402591,1.3938724190442444
2.090460590059452,0.14376840921703932,2.322234488188742,1.7732703822884277
-0.39328978,-0.252966078,1.5871792890242342,-3.262045942
0.2761582873740185,-0.266381656,-0.802770121,0.8070709241731001
-0.549326728,-1.398432404,0.5407326546685889,-2.338984547
-0.348799949,-0.252140688,0.38964065022421607,-0.595098963
-0.818785407,0.38118482135480464,-1.170275284,-0.663278062
0.47521645918160804,-0.320661352,-1.40543571,0.5431747253951983
-0.291514275,0.6742721230733562,1.6826450080811806,-2.138717567
1.1449587246202342,1.2198059277953908,1.9413538650549087,4.198598987775565
-1.624097414,-0.73962836,-1.209772705,-3.980288668
0.8544577115208258,0.7783860217979186,0.4879699238049843,2.5377654353600136
0.8368763351935752,0.00540746,1.2205704034647389,0.9550796674530576
-1.674846664,-1.806951671,-0.62193001,-2.712905356
-0.030522732,-0.660595278,-0.106253233,-1.189918532
2.6496749469183114,0.42184854121876975,0.332407579,7.562406662549003
-0.170185666,-0.413774679,2.736418604669383,-1.471926869
0.8023921789289636,0.19098734159294348,1.0371386331006767,-0.183805558
-1.227496026,-0.358484291,-0.937263494,-1.622752255
-1.866205249,-0.246619416,-2.532566087,2.388340356396895
-0.891417567,-2.184592697,-1.472961665,-2.715046768
-1.106463135,1.0235148164973014,-0.201365725,-2.968175696
0.28970997125574727,0.2655231163435757,0.6097664699801891,0.9117763371708916
-2.550841248,-0.914887705,-0.304470838,-2.602260779
-2.451770071,-0.929524642,0.9997638693962096,-2.138435838
2.294764004575425,1.9280033161677204,-1.3480419,9.487030137786697
1.1415465483922107,1.8340080008369188,2.3079570996846086,3.486008973598338
-0.789335662,0.14211417752170094,-0.473923571,-0.389748811
0.7991480600227387,1.1118631374726318,-0.391715722,3.0600058829466916
-3.418717784,-2.971171362,-1.715613514,-0.312034084
0.6027059983005808,0.1776067442115207,0.22509837533183355,1.6420188920322532
-1.552292275,-0.482285526,0.39272297528047984,-3.808592953
-0.854163039,-0.196264686,-0.201612,-1.05788784
-0.849204345,-1.809772981,1.3126749912883455,-3.811388083
-1.629933861,-0.739794948,-2.211445986,-1.216901972
1.3694111262872868,0.7935898229350441,-0.078293074,2.9534390655808895
-1.732340085,-0.982795463,-0.911411099,-1.854541668
2.733376410770977,2.142010587362433,-0.601212879,8.823857431172128
-0.345704654,0.36121181673743197,-0.584703573,-0.571969552
-1.42182596,-0.520017024,0.9424774233694054,-0.255441542
0.6743725432201828,0.7437176451003451,-1.625246831,2.7619640775922116
0.3459147873100052,-0.133427863,-0.706319256,0.7531794368070653
1.0200326954386107,0.8632993957081113,0.24630334058517117,2.0393154531412865
0.9336084620962299,-0.802784991,0.6076692094037393,-1.348477224
-2.922747098,-2.323833609,-0.449679521,-2.881069965
-0.153339861,-0.439903527,1.2252458161662394,-0.976870077
-0.499374761,-0.042116935,-1.535385632,-0.885564295
-1.427483437,-0.478793473,-0.432188575,-2.294590804
1.2106349512594696,0.6918028623802553,-0.859415374,1.4089986033561268
1.308298065188036,1.1426132759793153,-1.545920003,4.413487545876721
-0.985405147,-0.428492727,-0.597275704,-0.573148918
1.078889720772678,0.4558893500456951,-2.19904992,4.118231237239637
0.9477640043894093,0.864834563,-1.729635203,2.942194529771065
-1.086621176,-0.803788531,0.27805265261052553,-3.955874465
-0.800264206,0.20438837219135467,1.6958457238238032,-1.132851845
0.4639424590824397,-0.129902469,0.10436815623793715,-0.783632735
-0.5974771,-0.28023851,-0.784083373,-0.634801763
3.5544722145581975,1.5065504860121777,-1.178654855,10.461581826044425
1.4499179475466564,1.721804863833755,0.46896725231657405,4.248643704450722
-1.271906358,-1.558341379,0.9132402399346662,-3.234505348
2.088626941067946,1.3417913006156275,0.4122541921353651,6.650771698853513
1.7625775273209416,0.6877700322619347,-0.262413194,3.5953759359088666
-1.826762236,-0.462456303,0.9372990083460352,-2.150578775
-1.006183976,-0.336371951,-0.237052621,-0.476717736
-2.485967269,-0.419792962,1.1104040656906684,-4.293795487
-0.241665277,-1.260865059,-1.388644509,-1.424345381
-0.121059408,-0.762041719,1.0553812813110846,1.081341115667439
1.194861920733325,0.6305749320404366,0.7097708557671394,2.755759001917732
1.916697493021248,0.36770968653567976,0.2689325130324573,3.4095694654566273
1.3550674404070353,0.3141750285143416,-1.569698927,2.809694452898511
0.35364883572968236,0.3233765907175146,0.19344084605941317,1.8803766254135859
-0.402049871,0.28326137293953757,0.7828247694954317,-0.108536117
-1.804438351,-1.466670135,-1.131453348,-2.204623477
0.8486579955479251,0.151372494,-1.165051809,0.3772083199242131
0.29095551519599216,1.1122811628796196,-1.786947644,1.377912062708897
-0.145813372,-0.785563274,-0.64880241,0.7079589427473284
-0.572935371,0.42372765511419813,1.7481029863790276,0.8124450367164331
-0.749300172,0.31422196262176105,-0.538850906,-0.044917404
0.6336527840813875,-0.381998559,-0.286816545,2.830710512650852
0.294891359,0.8382142655129003,0.7622419669136904,1.1982857279954944
0.047730165477261444,-0.257224763,-0.783982084,0.8695020743482711
-1.760235771,-1.443910225,1.299940398,-3.793231427
-0.972246483,-1.262633461,0.319852149,-2.840470028
0.8521825021174017,0.39362385206558786,-0.393416225,2.1904090369828193
1.8239444164841645,0.8171848209427508,-1.404868438,6.566944732318699
-1.5050289,-0.997190546,0.8098793084317578,-3.589262101
-0.506756358,0.051727554854449624,0.18988259666940016,0.9807485365487808
0.6366270523642109,0.35272918334737074,1.2992448392898346,-0.160309057
-0.559644931,0.087221827,0.9181748517809926,-1.580627199
-0.25172368,0.9515452880883839,-1.443029823,0.7831840492355612
0.464613014,-0.063164829,1.2905916882676196,-2.010037335
1.576008058741667,2.0856060466537794,-1.030276448,6.835979648
-1.527468783,0.312369685,0.6827627372689297,-2.359874127
-0.594221764,-0.169804539,-1.722181189,-1.719428485
-1.5628405,-0.243272986,-1.979930025,-1.595113753
1.8312068016295795,1.634351889,1.398782264867034,4.559543217265365
1.3571134311577593,1.3348353747353217,-1.394280373,5.701937723412814
1.1661265220900963,1.0339072074981115,-0.842742197,3.4707445750829855
0.4297014777376337,0.2891402958849623,0.9013799305369709,0.501873417
1.212061985613834,0.7855118208832111,-2.023828983,4.772728872958777
-1.860327886,-1.690692429,0.7474412287988795,-2.961703487
-3.439075027,-2.119732318,-0.059194707,-3.619276423
3.047923647,3.905599792905628,-2.393614041,15.93695005144753
-0.979108769,0.4724907263575472,-1.8274699,1.880318656105409
-1.223189523,0.5422234091481895,1.1559136458307322,-0.761483238
0.4186783473230688,0.23715598023979026,0.030074992,1.7609945102448354
-1.36190444,-1.970514942,-1.172064004,-2.336654919
2.079925485974096,0.9398266450400253,-0.944848395,4.340055851394946
4.383532331857487,1.2936126494399576,-0.0071158,11.091735239353257
-1.222995743,-1.583724217,-0.60206553,-2.643229055
-0.132166697,-0.553662509,-0.069791575,-1.345321876
-0.94556443,-0.100773935,-0.207679192,-0.91257915
0.7344472273965545,1.2141381104338815,0.538002255,0.7082716249061676
2.529466865883437,0.7226157579261194,-0.732472317,5.0858061432339285
-1.223919545,0.17727218238400264,0.20817872833557624,-3.049471788
-0.711844519,-0.405603953,1.4263887982534507,-1.779457823
0.2703783371116484,-0.260961779,-0.711128232,-0.297101703
-0.19809851,-1.035452548,-0.372828094,-1.793621592
2.320192347,0.5942980264788107,2.926383187644306,0.9107561626468905
0.058680916325908106,-1.3052709,1.557336793873505,-2.407217583
2.4337211507316976,1.4986791091990945,1.1140147321611098,4.259796888901498
-1.015033817,-0.555160361,-0.226079952,-1.649327604
0.6838315008921898,1.3480010127354067,0.4181132156267364,2.2141178791864315
-0.550224134,0.04003518,0.074310202,-2.005026535
-0.771288077,0.052035291,-0.767717208,-0.323550856
-0.469530487,-0.376378643,-0.837950512,-1.891134563
-2.442508567,-2.130196645,-0.598881658,-4.205216995
1.4402855380119215,1.6085887044439866,0.62483428,4.087360411799348
-1.059534381,-0.524601635,0.2331206518359898,-1.373730053
1.512306536533721,0.012931173618581652,-0.593466009,3.552257046770422
-0.58657448,-1.325893516,-0.133431751,-4.21382757
0.2901350606462103,0.8146964770652718,-0.019887496,2.238574008859946
-0.803330153,-0.090806285,-1.559405738,0.069179567
0.8487634858411911,-0.072460024,0.17527283199266497,2.0293714969215553
-0.854502163,-0.595681196,0.7832224405610949,-3.272052145
2.9245780662208416,1.7091897270047733,-0.009789001,8.470803854428539
-0.71823377,-2.157268138,-1.40595363,-2.6189862
0.9787433688069492,0.46022888865233613,0.5818931045117246,1.6480233359204208
-0.111445588,-0.442053469,0.7221408891644308,1.0285530236887495
0.789148542,1.2613210710306435,0.4611739537285283,2.684351605861899
-1.179249522,-0.320182495,0.1615782440703214,-1.350536638
-0.480675245,0.26342905349939516,0.9248072824150657,-1.397681973
-0.176822771,-0.699806539,-0.316164246,-1.05871581
-2.016759275,-0.823144666,-0.193491595,-2.740806678
-2.46372733,-1.563932936,-0.312077879,-3.036892467
-1.48423956,-0.530152958,1.9193570738717463,-3.723975489
1.963847073290522,0.8083803274353315,-0.578616386,5.002541705569842
0.7769214571383154,-0.397064052,-0.248888643,1.1726448336981556
0.6827606432894129,-0.226872804,0.080863882,1.964472348843981
-2.775750114,-1.395743717,0.8454974430304376,-4.621729577
-0.024073053,0.19992334137876286,0.2708815286342843,0.086326954
-1.416701409,0.24061197916594787,0.8057480290553943,-2.046534929
-1.045477933,-1.212367746,-0.720479957,-1.82487317
0.4347195778261309,-0.986208954,0.5506357090259063,-2.544673557
1.1607678085198154,0.054936906884115067,1.354641446869861,1.2665473145389303
-1.624430869,-1.287305424,-0.125375978,-3.340177009
-2.42072833,-0.543969304,0.9900265231416979,-4.539293407
1.8930901410568013,0.8886809775069092,0.17013061214087957,4.570284889
0.43442154300003794,-0.100930901,0.043994747828922216,-0.053025216
-0.190412844,-0.648168683,-0.570281409,-1.786541225
3.2897232368154974,1.6309192653323363,-0.56313969,9.359801478561286
1.6875770394305771,1.0826889176824077,-0.04177037,5.237586237337034
-0.365223854,0.036452381,-1.200430146,-1.747118845
-1.566236803,-0.254554803,1.0674645189541645,-3.262388536
-0.635180106,0.3901887512910114,0.47661744707274384,-0.188879615
0.033377199746171426,-0.267898012,0.075454324,-0.53441615
-0.677029845,0.5035742894661306,0.14726022605865952,-0.568503562
-0.563490552,0.23764157370005665,-0.411150567,0.170570951
-1.345040252,-0.475224733,1.0067139948733308,-2.654500075
-2.22363682,-1.567403688,1.5670161215482659,-3.62770915
0.8429965304574949,0.6346345383045682,0.3606837528149133,0.7135398882202484
-0.535432845,0.038730354,1.6485686308615746,-2.105321806
-0.958306223,0.693947751,0.076723691,0.19819917285428534
-2.28048909,-0.0182672,-0.126498746,-4.543785924
-0.764946308,-1.474359668,-0.245327071,-2.954885704
0.33581077663888914,1.358181565469155,-1.428643532,2.979545343562751
-1.624200653,-1.517271162,0.039672064,-2.230592147
0.9428200863773595,-0.444147927,1.6451219692872245,0.1636473397209366
0.7722544518910863,-0.396844471,-0.573006541,0.036720177
-0.335961533,-0.591935135,1.8081930029874944,-1.321278302
1.5258602404234856,0.7464527390931399,-0.173763102,3.1450211161799895
1.3247234926901221,0.6814042455992635,1.076472191371655,1.688993812206526
0.7235245421812311,0.36107746851573164,-1.389024239,1.4508502569070916
0.12297392203372676,-0.395636672,-2.094424747,1.1892989169224013
0.9315734440300444,0.7544870043713339,-0.842698478,4.343355340933917
1.258086777669184,1.7388820022726197,1.0760686138263145,2.721948371744058
0.9242487838106829,0.051977323,0.3335457579984809,0.18820871492108515
-2.569962801,-2.750602443,0.9196316378745328,-6.037745167
0.6256610240317271,0.7203213377013054,1.0488482286985745,0.9074847251210918
-0.554273935,-0.305572585,-0.749365702,0.519479069
0.8275214189727953,-1.023553786,-2.070617606,1.3973884381397865
-1.993845364,-1.485116967,-0.05737065,-2.710151762
0.25531092958379975,0.4287711273085558,0.8122100067916223,-1.819050394
0.7736430346066909,2.5875581514424666,0.7525610626750022,5.677959867075343
2.234420721755198,0.801008421,-2.381902494,6.655229325
-2.849729187,-1.620816061,1.5697992152239302,-4.802987553
1.5763178263136066,1.9995509991660256,-0.203498141,4.3982906999990945
1.6040512447245483,0.74844204,-1.171919336,4.034868340428335
-0.174966286,0.086149916,-1.934388106,0.7258195801132039
0.3705596863688519,0.6972654372588712,-1.492854996,2.461253650695252
-0.752413649,-0.324674402,0.18845231787302585,-0.448226266
2.624365214673798,0.32803982456397507,-0.222032196,5.260402606834999
-0.241330988,0.4450119805080007,-0.664158061,1.402790811553941
1.7084062328525955,1.6524291678742125,1.1002910838211826,5.444945067
-4.491336788,-1.431296957,-0.294829934,-5.548593071
-2.188793978,-0.826830189,1.110943247064221,-1.751157185
1.591085233354963,0.7747544274429464,-0.025730577,4.666398561841538
1.1538645869812956,-0.117267491,0.6150931472283196,0.43802091311282587
-0.720199108,0.054698013,1.1467263245318788,-2.741802029
-2.174158502,-0.905933359,-0.060329059,-3.336112509
2.0232513314850338,1.5746266039079313,0.5909616680084725,4.427199367220421
-2.09156473,0.4668256192296699,1.015512890338701,-3.059317001
1.124918659,0.6325996779537942,0.0362284,2.6607383643631506
1.2102299461606847,0.2688688906549443,-0.734257837,1.8855003021914347
0.9250498785984451,1.4161010152769458,-1.197794936,5.572929419
2.2845318124402105,1.1057168326498852,-0.463852907,5.392155999383822
1.0560776007563915,-0.64333543,-0.722976464,0.080684085
2.7268727541058393,2.261953023344738,1.5851079514596202,9.408309559003092
2.845709684413178,0.7436207341686976,-1.008288031,7.674415833990965
-0.103131391,-0.464630241,-0.048799334,-1.029284242
1.0195322049243785,-0.205129044,0.098863865,-0.033564933
3.1361397762396677,1.9228789310005971,0.15225762663592526,11.62114488446085
3.3350429639029207,1.4861356848399463,0.8632383121281432,8.155947318399061
0.227784259,0.8056893965393381,-1.38810555,2.435327808744602
-2.122592227,-1.549630178,0.215376753,-6.7698377
0.20839297999923134,-0.307729119,-0.020379538,-1.046304356
-1.676236905,-1.21015819,-1.066179508,-2.582103543
1.9445003961101996,2.170555488354753,-0.176849473,7.806335245336151
-0.022608002,0.4573468882994391,-0.613583392,0.4326000174769931
-0.689671131,-0.858760898,-0.153911972,-2.412182632
1.989879114768593,1.1820620345793065,-1.755698876,10.497029460874153
1.6831823965912727,0.7968645973622032,-0.738861316,4.370815486196102
2.2460272594604938,0.8776939152565485,1.2823048727775161,3.2130299148533616
-0.281803465,0.2352961539934979,-0.434630384,0.15352728023972237
-1.532564626,-0.675157652,-0.05117475,-2.01792715
3.2903740572847404,0.8588937509558624,0.15094612445232244,6.396796389506925
-1.696402349,-1.713126071,0.3549760148401521,-4.070580581
-1.393620992,-1.494331572,-2.073554225,-1.560612435
2.0389431372608677,0.49067592838874424,0.3693282644911552,3.1306096996363055
0.8701839207160047,-0.165454909,-0.119385897,-0.931398912
1.1952885481256628,0.6332522971395098,-1.007137424,2.7313162272738287
-0.351279346,-1.359002124,-1.074519603,0.17606719777343538
1.3921198802654249,0.5355457665629146,0.8710857009610211,1.0580678075239298
0.082002974,0.22868013234863596,0.3084590850303212,-0.516695513
-0.248344732,-0.731371595,0.666559069,-2.970578623
-1.251930657,0.8358699815510747,0.23638286,-0.489239119
2.2135113631856314,1.7805031877980535,-1.091358396,8.337336493
0.8158323833379535,1.103292119191873,-0.59407742,2.193058360499222
1.3785319072623374,0.49665744867361095,-0.768317202,3.3485838254136047
1.5792989100878385,1.6444731576240903,0.7935151465117176,5.534251133956462
0.4322398550394537,0.2207800582074899,0.43573402704276853,1.634196182769473
-1.995300482,-0.67465126,0.4681952139886663,-4.761405123
0.073584143,0.7105498031833118,0.21984138593897612,-0.134609804
0.4418903862487403,-0.27053349,1.2165072134645216,0.7656786886291009
0.564037336,0.1975918554936598,-0.605179687,2.2388781017801582
-1.960056365,0.2760600387304839,-0.433250241,-3.613299174
-2.702770204,-1.457115438,-1.141124033,-2.917770311
-1.109740496,0.3624347575284649,-0.764009421,-0.478922296
0.38769676306555934,0.6812200369460566,-0.546412382,1.7386093500392306
-1.298586034,-0.927328282,-3.043920307,0.088039177
-0.139317716,0.23471744033165098,-0.37955757,1.7225211423050384
-0.137521346,0.9252812016665665,-1.312521465,2.1914622151870913
0.091312498,-0.675390962,-0.935438157,-0.43025895
-0.106608337,0.23322803041410434,-0.673673982,-0.043225514
-0.426426305,-0.209670908,-0.052923865,-1.319351077
-1.282956178,-1.30079811,0.089733791,-3.146099412
0.8612220376314708,0.16289270092813263,-0.542922735,0.11163548665708212
-0.257424305,-0.419407623,0.8067980646330473,-0.002601178
0.686904665,-0.149654835,0.5973256490842517,1.8037483829982088
-0.222242158,-0.055867623,0.8384348459254278,-0.770551177
-1.69961095,-0.395791525,-0.243680085,-1.866119434
-4.002823052,-2.377632173,-0.203964828,-3.280447827
-0.08662558,0.15471364207011779,1.5813061025500625,-0.625423203
0.5681229779688206,-0.064126479,-0.170110539,0.8389648671103891
0.8126038922036332,0.5771543792181688,0.38500716063388074,2.7664618092294875
0.48271246132472617,-0.424953706,-0.732058917,1.1997514865872858
1.5371677804767354,1.4032225185156941,-0.912400257,5.114674117111276
-1.150025002,0.27203590114021936,0.001739378,-0.843087286
-0.370591442,0.14570823365411636,0.5063073529348593,-2.411291458
0.6064494225084371,0.19290907433365795,0.007491181,3.2662991599551647
1.6514720375060667,1.483003370000255,0.4067656470114813,5.005182691541942
-1.664846446,-1.512084079,-0.980169196,-3.255131046
0.4603003083336441,-0.049545112,0.5094426762139402,2.253112826113101
0.3367924917327675,-0.742291455,-0.318487841,1.4630284218055785
-1.342098114,-0.846250505,0.668596501,-2.9830127
-1.013766393,0.8136367648353762,-0.438665376,-0.745167989
-1.239164428,-1.686378685,1.4407422771340486,-3.337445276
-0.440186187,0.20825486721273476,1.3338873671529141,-0.678708516
2.0452614530757502,1.143395960324628,-0.334160975,5.662489543
2.2383745268161532,2.1970148152551636,-0.798213456,8.599786198359043
1.8073377152538515,-0.762797335,0.5527736830951862,2.613091909203245
0.6647218826006336,1.1107095218858865,-0.88662988,3.0119773338998828
-0.994697398,0.092587448,1.4995337876031347,-4.096767534
-1.953233158,-1.677431008,0.11493371120797777,-2.323316636
-1.292840001,-0.592301875,0.5082513007492307,-2.449905901
1.4170994359760711,-0.32369763,-0.767901182,3.261338648130514
-0.090607523,-1.042814594,0.5930594747060263,-4.479766373
0.14551170757439602,0.006307182,-0.20090259,-0.523067643
0.46504031817875835,2.0295701574838803,-0.920340709,4.232037339965614
3.3210262783956046,0.9928249975468808,-1.101026551,6.733921759209855
2.1740637817237785,1.050733943733778,1.5476479874502522,4.896142881891328
0.21875048082478868,0.43395608148224935,-1.989396206,1.8379172023541122
1.8708261168247344,0.6575508193939429,-1.610650456,3.1737503122942012
-2.516224554,-0.901764719,0.023591335,-3.504659517
-1.642164494,-2.585832682,0.10219879358045911,-3.767176659
-1.496566163,-1.332994208,-0.611139353,-0.851798112
-0.795690899,0.3504928931415024,2.416967767108841,-2.888642726
-2.628174069,-1.939201258,1.6438260368848447,-4.861836517
-0.668858148,0.6426896000369317,-0.600211682,0.793514821
-0.542030919,0.5344058111100515,0.068982354,-0.454359053
-0.764724637,-0.811370936,-1.263345259,1.0462226388555684
0.5945630425607539,0.4363304463700828,-0.399936263,-0.439010558
-0.292825882,-0.973410525,0.9962918682092731,-0.981331863
-0.495739423,-1.153987175,0.3931456357182721,-0.784183434
0.3191020896665116,0.3471836640037709,0.20740586476916575,0.8401011785344028
-1.313545457,-0.741257109,-0.936265384,-0.392705589
-0.884393127,-0.406268535,-0.668847448,-2.428059484
0.9782478517587676,-0.799546115,-0.980243064,1.1047577483229165
-2.402568136,-1.037055819,-0.225343433,-1.903138539
1.6259859923326279,-0.311062623,1.4019061687946814,0.1390617528956638
0.602361413,-0.180199508,-1.258940713,2.8347955918370147
1.8020176640155539,0.4996704401664659,-0.090657222,3.4759847939249973
-0.642949948,-0.805575653,0.4842599609352385,-2.6072908
1.9661601779954108,0.4605080027023277,0.8166714294674616,3.7442094692959476
1.2159512465394113,1.5538015590160374,-1.833907713,6.148589632
-0.796785562,0.1707488921602876,-0.192343578,-3.046736014
-1.607160223,0.3973822441520132,-0.871104907,-1.318485129
1.7611174506080693,0.305705483,-0.220005314,3.8666302183349908
1.9100797536619494,1.6769079552411565,0.2831067592098348,6.298741111618077
1.0671116946673946,0.9403470957537058,-0.489714318,2.6975782623246056
-0.540349742,1.2642409187175723,0.5782395979354799,-0.866903358
0.4255997181616848,0.8506646843175205,-1.197088781,4.636945992969103
-1.440666047,-1.093041995,1.4288948367793861,-3.618481942
1.4905417915748047,0.12775023206119202,-0.009179274,3.035789016608015
1.4397913185588829,0.8320561995329844,1.8824958795896578,3.1634189710610725
0.857983633,1.2914019193795934,0.6498338560370146,2.723282197265185
-3.568545547,-2.105221607,-1.048698183,-4.02662827
-1.196462709,-1.775165309,1.041293088160513,-4.137909294
1.0577436181048183,1.4755549884025638,-0.547843671,2.255849172956764
2.5935572053087723,1.6734543922120788,-0.376732238,9.65305141
-0.024701205,-0.553483997,0.509112462,-1.92787646
0.2162636263286225,1.005545131399536,-1.078522049,2.7339277365551005
-0.404531288,0.397842985,-0.371007388,1.5480600441692547
1.206232468022663,0.9789974770329731,0.7757414115555867,1.0429392622728306
2.5106744972877864,1.997446395503358,0.3784077573942846,8.701540938419893
1.6850046620328307,-0.301739321,1.9610829167962727,2.106757791937237
1.1617310978922288,1.6636007884701667,1.497048142542446,4.591512267672785
1.400739697177587,2.5528137335321133,-0.220745699,7.351615046555775
-2.00122656,-0.964162335,0.19278629464137817,-2.205741293
0.6622962233783227,0.9872557402240467,0.6344570399521321,0.9564550024286911
2.051260364,2.0388591312637554,-1.099273298,7.257713498756044
0.8193720562709104,0.6936908123438309,0.14496420428007353,3.0093461103603234
1.6260711754082022,1.4285406896275978,0.9946029779806882,4.0058784201147155
-1.149718816,-2.215545528,-0.824684884,-3.10034366
0.4433241401272899,0.03243346,0.7503945224205386,1.3717284886471766
-0.076492234,0.5105827258407933,0.3899520354754778,-0.075547735
-0.061376334,1.3897069726847984,0.7945862780015338,0.5172484765693932
-1.216435349,-1.310451914,2.1223640276019426,-1.676072202
0.5228832795441837,1.514127570056427,-1.415437719,2.8134071089927515
0.5727995868769274,-0.86333799,-1.093544911,0.6948530270419323
1.1274657066739593,0.45113434554919546,1.0803505415567296,1.4088380227789064
-2.535979133,-0.547845127,0.18229748295816997,-2.722252466
-1.418287713,0.15745168788891561,1.3054655126867745,-2.690382186
-0.654209264,0.17360421396489203,-0.513768495,-1.522436246
0.806675614,-0.062609137,-1.44561505,2.730733613490268
-1.718178483,-0.383447952,1.297477788151211,-2.318544266
-2.348648517,-2.661188686,0.7802072617997952,-3.159930615
1.3298184212242208,1.2515637728632523,-1.372345454,4.301373779578484
0.5132824894030809,1.063187211426606,1.6686617202318672,0.12846782991155492
-0.522222323,-0.699112111,0.40525864502026027,-2.827588358
-1.456304378,0.13066321066269068,-0.290070997,-2.41483159
0.5140412973659015,-0.772540147,-2.835094436,0.5552124397935659
-0.288822662,-0.53006938,-1.007060066,-0.960835488
-1.180640444,-0.621864737,0.088477807,-1.858516456
0.4079166107276118,0.7163163148198958,0.5051171163078958,1.753248120596715
0.6733493822083266,0.42588658149655606,1.0679431891431144,0.21186144666838014
2.1994738595233017,1.343634322837017,1.0184934333001812,5.344273660289343
0.098037282,0.3615568238891322,-0.288160218,0.8673827115641306
-0.282478799,0.24397202461241527,1.3279684832511527,-1.475125358
0.13301845680662439,-0.235223171,0.5991854974768809,1.6305569919208855
-0.122641967,-2.026884757,-0.014915569,-2.021217447
3.2710004238336374,1.6682280325324208,0.45138022801381406,8.528069132973124
-1.308157054,0.1391025824640769,-2.00614974,0.14270742773625544
2.254781365286992,-0.046694004,-1.041051536,2.2141420722032183
2.846924808642112,0.9882076817097442,-0.040294724,5.173735051127801
-0.755741405,0.8699573514546368,1.4228603701091804,-2.471957587
3.0457084842261324,1.3649942981349437,1.0962345132143447,7.918194595265037
1.2432761006377646,0.5248396621366832,0.041484466775043055,2.6741931895262634
1.0194261539403437,-0.480550452,0.11084215832414558,-0.128985869
0.5629235091567651,-0.784436065,0.5472338368075331,-0.092209158
-0.559120835,0.10802731194665445,0.4259341018607301,-0.85318105
0.075367889,0.9501608046639344,1.682809445721794,0.33785658968248156
-0.442661608,-0.521105738,0.7980055206265224,-3.56686714
1.250014490373123,1.2849592141164254,0.9957517450069219,4.4537227358838845
-0.194404887,1.6687179784744888,-0.579242176,2.1255493438120605
-1.802869801,0.922279289,0.9412693758240465,-2.389300159
0.31523708621883306,0.7707794238428464,0.9589444822470765,1.363934655402856
-2.14363089,-0.763586183,0.7193384316079268,-2.625893124
-1.688661914,-0.59702245,-1.164006033,-2.502732349
-0.03368793,0.3397800963433574,1.9350256243350286,0.8268093331334123
0.8640790024920186,0.8120418507412103,-0.225722939,2.931026694301716
0.6204648489268333,0.4412899545436997,-1.320301086,1.4678814066498371
3.013855583,0.43824171544062024,-0.503563232,4.6444797379186165
-0.820983669,-0.003085138,-0.62631815,0.27102689960281545
0.3197082050242147,0.6261687545020959,0.3190573625545805,0.8765489111247148
2.0583269090210288,0.9734320256267258,-0.196595142,7.253459305573403
-1.689235244,-1.075802857,1.3294569176586422,-3.293830903
-0.26220821,-1.73332913,0.3571968099140495,-2.121567219
1.080996494793971,-0.567790435,-0.817532091,0.10427295212228826
1.3555556639087984,0.5312639409506146,0.7359907966231582,0.46623462339275146
0.7450833481206927,0.072718769,0.30418232220384944,1.7259305070747448
-0.686304066,0.7311131942415872,0.16774316741414916,0.9633396646981731
-1.241385251,-0.806324196,0.30061954708929595,-1.81798852
-3.423118158,-1.871887334,0.5848603504842058,-5.127279683
-0.346911555,-0.082021028,-0.263559972,0.7796573336239523
0.3026176464586121,0.4774721664143848,-0.465615814,1.5982790286992345
-2.339001867,-0.936346488,-0.784905466,-1.216455697
2.377579911103316,1.482469196267454,-1.899453907,7.63954801
1.653364956668186,-0.054100512,-1.847651398,3.7370815776600113
1.1078816261689373,-0.394695603,-2.13313865,1.828142158845474
-1.573133573,-2.220619682,0.2985225694556073,-3.854337775
0.7379348252224202,1.4814304895106025,0.4555009816499419,1.228964368238895
-0.103054328,-0.656749691,-0.708113761,-2.546698218
1.955283590402433,0.26922457684605844,1.0451675322164706,1.8493524699180544
-1.104711025,-0.788025281,-0.00037719,-2.043734268
0.24169890306558783,1.6553717827702197,-0.331529204,3.336073474374241
0.889509169,0.3703987583895079,-0.924667737,0.42480400030813925
1.7389378207323885,0.7535011386765417,-0.056004488,3.968678911860814
-0.307831841,-1.411841418,0.7613566865728841,-2.958646605
0.4207652872063874,0.4446703751810371,0.657759689,1.3885745669001868
-0.895852393,0.27077422025710013,1.9590520092825165,-0.059242882
-0.624905919,-1.722547414,1.1823781932594561,-1.574673172
0.899970128,0.527792197,-1.525374841,3.0568492985473763
0.3347858240667363,0.18071479973010812,0.033899024,1.4611741484587135
-0.501286302,0.14221471940579805,-0.826201467,-0.433167198
-1.208281955,-1.605327778,-1.70727416,-2.534796048
2.5149447102233142,0.8391278147005328,-0.643695678,6.344853698251276
1.6331812720102592,2.012126488929579,0.9532007808416464,5.912884100200289
2.3062806970507115,0.32720047877314967,-0.987097367,5.255179107987702
-1.482575414,-1.349080799,0.162403529,-3.418576337
-0.642231763,-1.874936712,-0.351270053,-2.610898985
2.0867457319340397,0.40226095058622496,1.3388062593760006,3.9695431971595023
0.4252739244226389,1.4646370068027335,-0.962912077,4.160941144466039
0.22427470929795454,0.37023389972925275,-0.990348554,0.6693436177739928
0.4571953475821462,0.3308778255965852,0.5856431020054137,0.8803737085029948
-0.13947173,0.5010241961582739,0.3995171126722153,0.5545530053888355
2.372411889370759,1.4032899529861071,-1.225952042,7.100721009940611
-0.10615214,-1.091992368,-0.262148843,-1.063402861
0.29379626953133053,-0.599619239,-0.498412326,1.2136989251618084
2.5530389703548106,1.1604749166900536,-1.316247007,7.964874860602934
1.0979319589964078,1.044860179572375,-0.760604514,4.630336411391231
1.9635548543871089,0.19782805305208975,-0.631039659,4.185764949163508
-0.12344807,0.24289917615879153,2.655703651,-0.043477818
0.5859252880322968,-0.821825461,2.5368540891645672,-2.172060142
-0.389698541,0.013854799417698339,-0.255324232,-0.428600716
3.2021796351271883,2.427690707,-1.009078517,11.463527459514436
-1.084794223,-0.395577505,0.001705549,-1.27163396
-1.977477099,-1.054745874,0.6464555353547631,-3.840992388
-1.894290612,0.11494465719032392,-0.302232462,-4.724840476
3.0105637722465466,1.1491904970998146,0.066667538,7.219207240741755
1.5807957542495545,1.506213068676755,-0.225774368,5.240924394146449
1.133254117464808,1.3780035150834562,-0.27873257,4.512473106303108
-0.309908752,-1.467055181,-0.862115292,-1.713077431
1.0408771731546322,1.6191630236080508,-0.658361087,4.682435845620483
0.26211543734959053,0.9158223677336984,-1.304427335,1.9626519156473974
0.18854381294059996,-0.601029008,1.6209486395718917,-0.774575246
-2.065644159,-1.946015175,1.8605517958965905,-4.754335012
-0.763436337,0.35572056180796147,0.7302203971538144,0.5452799072653551
-2.403918616,-0.229523523,-0.323835266,-2.325475261
-1.174537175,-0.201173232,0.938767379,-1.811765118
0.5244537533921478,-0.025598994,0.073967828,0.962585632
-1.013689338,-0.805269742,-0.767940514,-1.579571305
-0.374933154,0.6671315697625355,-0.163555305,0.34662925856592647
-1.170445704,-1.291698217,-0.495564804,-0.543294383
0.058342723,0.43253150075507646,-0.162494577,0.7205059574374818
1.1431216582064538,1.6284491267390615,-0.410343178,4.081120280616777
0.7249977157198763,0.855145202,-0.628657542,3.267324651572178
0.7436387368974982,-0.487747197,-1.638509014,0.011916644
0.3680971716864922,0.2039672095002329,-0.720463322,1.4819862926058853
0.4607832938660348,-0.112735454,-0.351446843,0.7102134527479685
0.45129841812547034,-0.134859017,0.27843136276814207,0.551386387
-1.534352392,-0.497711855,-1.104051341,-3.037773051
-1.053733676,-0.593399741,0.5471174582704738,-1.241976933
0.094672033,0.22204215152777174,-1.235626278,1.2907047463378587
0.8023574164327307,0.076711331,-1.421608075,2.3051162094312683
-2.141178055,-1.165600276,0.6771888768470272,-2.273228842
0.48174059067784514,-1.015027767,-0.766955579,-0.709589945
-3.053097082,-0.89629558,1.612957368443521,-5.306618008
0.8094506155440528,0.8881732373234223,-1.109767271,4.235418629852224
1.6943826795351136,1.2764794774295594,-0.600698715,2.344211699608216
0.6884854967754721,-0.052239484,-1.325530903,1.6278775201933735
2.208953579,0.064289659,0.6410177440331063,2.840898144043892
0.8484956793432256,-0.221662681,-0.612999374,1.1147541287651355
-0.532405415,0.078528113,-1.300750912,0.38315524664630085
-1.881971491,-0.991455393,-1.078405421,-3.603538163
-2.309377501,-0.698037306,-1.852899864,-2.479320472
-0.386954656,-1.318675453,-1.171645012,-1.103182573
-2.29643072,-2.254905947,0.7974204106675017,-2.401226149
0.6036913274196548,0.000540552,1.9816924959579252,-2.470835597
-0.730485413,-0.501054978,1.6542721004816743,-1.965085622
0.16441397668880017,0.15527524451953417,-0.922537016,-0.072927169
-0.782997446,-0.870325751,1.8913626936973498,-4.057684857
2.006515385446874,2.130130253431494,-0.288186101,8.376702434267333
-0.008021676,-0.288641294,-2.019137382,-0.045131668
1.3398876011548913,0.9719090037370115,-0.000215297,2.3997851212163903
0.8562380752260329,0.8579222646099296,0.22470346196827576,2.1361443103478126
-1.323818658,-1.206420706,-0.826576097,-2.047125675
-1.729739447,-0.992228486,-1.119902702,-2.40018055
0.6020575679147468,1.5996699558679472,0.818635747,2.6450823634218805
-1.116543615,-0.886286461,-0.437301209,-1.623531158
0.19473219888139387,0.2762240962490308,0.345830508,0.2372997487056811
-2.393131661,-1.520214895,-0.433152078,-3.371840789
1.8287383643810915,0.063216146,0.006067742,2.003601176356773
-0.029992677,-0.51196707,-0.125160792,-0.45756587
0.5737541027464367,1.3520624696641845,-1.14019908,1.7323651343996487
-0.987883548,-0.932201074,0.2398879369265413,-2.752772915
-1.588393064,-1.77926133,-0.246829648,-0.542137921
0.18533272493722638,0.39869731186002005,0.5160937551735264,0.2633121404910609
0.5840723961819148,0.29601929963141116,2.180787750641901,-1.159663851
-0.504535761,-0.714433949,1.1056092593196458,-0.356394801
-1.727873463,-0.021185589,1.0501953968336382,-2.226977096
0.37573710882156214,-0.14951478,0.785431453,-0.134432608
0.6581883308793122,0.9871765859009569,-0.578558858,2.259189152
-1.224336526,-0.964987643,0.070983747,-2.700846452
0.4344973588918275,0.957560771,-1.471362025,2.040170744581599
1.0606032753783454,0.5051741613597488,-0.164918503,1.7080029390940807
-1.056787138,-0.194340168,-0.218670088,-1.645590168
1.169775038680853,1.5225749192922418,2.1374001057998835,3.9357047548317734
-0.342096054,-0.205084295,-0.101409323,0.080651741
2.3651795720474773,-0.079973916,-0.078690089,1.9931753864611328
-2.148241542,-1.440268215,-0.610657024,-1.72404174
1.770027030743667,1.245873883962888,-0.812776956,7.115654591002673
1.3949460939201068,2.3895687340792575,-0.337480382,6.250408428670113
-1.521770624,-1.976010051,-0.129212765,-2.939818497
-0.021463143,0.6042043780050329,-0.019433599,-0.581822475
0.693364472,0.8379832127771912,0.9025807848668165,1.7561443514142543
-0.145995929,-0.778386866,2.2766099330664726,-2.122042116
-0.94458902,-1.518380358,-0.805533914,-1.422034241
1.1828392437773472,1.1064606471016822,-1.737565073,2.985771715027341
2.5459272222367653,0.7356140116887634,0.3748278784758962,6.921895446106198
1.966470037022357,1.6246798860495442,2.2396122273527554,3.3405299854768495
-1.005504496,-0.547524297,-0.135555824,-2.075546066
-0.230580104,0.40495085507258266,-0.336666589,1.261294202553932
-0.627555907,-0.16764569,-0.714533349,-2.00538403
-1.268264845,-1.502976388,-0.55774184,-1.949513564
-0.824986838,-0.977250426,-0.189611556,-1.008349507
-0.174925476,0.3127856172922673,-0.240417478,1.1725336193402767
2.1468641405435873,0.7934718674969756,1.399599232626264,4.044238156088371
-1.242836706,-0.532970099,0.38549428482073056,-3.170814857
-1.411913801,0.091040281,-1.226742604,-2.109625716
-0.01672969,-0.358225058,0.530844874,-0.472591864
3.336728810892583,0.998534669,-1.102803257,7.909608800781734
0.7122219462563067,1.2418316953947164,0.9632467928484286,2.939136291304205
0.5477641270098543,1.0467923297593036,-0.840667375,2.4253845205428766
0.4373438190158444,0.35447475051604127,-2.454897426,2.9099369384503238
2.3977565003322816,0.8815803564524651,0.8063689584124742,6.679939798059788
-0.904202213,-0.37450428,0.6574453719254201,-2.146087956
1.6308003501192851,1.9863368538109774,-0.541286279,7.496305941005162
1.4858189089377996,0.2455122684252356,-1.375979518,2.993684509836469
1.2092277852094322,1.2033880274083657,-1.549420524,4.3719080158753885
-0.410697944,-0.21560647,0.9199912200979373,-1.757949176
-1.388260019,-1.088206144,-0.390219633,-0.465973109
-1.468435121,-0.999101587,1.461459777372746,-2.092858179
1.2832328698428581,-0.036985183,-0.155500124,3.5327981448368093
-0.458932013,-1.53444027,-0.440476835,-2.700107621
3.983889311907343,2.2084560228284955,-0.855161147,13.173216456279354
0.10256947198694366,-0.382468805,0.24153264878666403,-0.74683871
0.9556320649392435,0.7472448742728569,-0.414722225,2.4221421199639206
0.17402945229104538,-0.224225692,1.8306214939624998,-2.261878191
-0.798351525,-0.112728623,1.089703987166902,-2.882739282
0.4375373742156681,-0.763660862,1.7645216903951162,-2.293349073
-0.496474984,-0.150509482,-0.360394113,-1.009893117
1.0638391114486283,0.46384441937225623,0.28697235590655146,3.7474746441810263
1.109934607507044,0.29783514151994345,-1.248367795,4.517059621105926
-0.965032733,-0.402249663,-1.566226577,-0.359327732
0.7153230696323281,1.4272112246056707,-0.474177565,4.699613104531657
-3.025730632,-1.889722515,-0.057038267,-2.160149955
0.10733654138892201,0.7658259205137923,0.7908171919238842,1.5706211618330506
-0.825557941,0.037840965,0.27504974095985607,-1.15156815
-0.069188164,-0.750257084,0.3987368106670721,-2.84785066
-0.200921417,-0.13508054,-0.32069846,-2.191162802
-1.046684882,-0.257056669,-1.054548835,0.6732245430418435
0.4401158021397869,0.404956971,0.9597543024164913,1.6328726636329618
-0.976256376,-0.638644078,1.5838131770048562,-3.496598973
-1.431053566,0.37778109142237326,-0.624273491,-0.945236792
0.22012629960642127,-0.898546375,-0.459685089,-2.079686904
-1.292912447,1.0342078552893337,-0.18985335,-3.532354467
0.00772906,1.1516156022325126,-0.119295261,2.312742674458989
-0.250696914,-1.122800884,0.8714178802840236,-2.538940257
-0.328464009,-0.155653153,0.8416355094399424,-0.635656199
1.1315013083335832,0.7694286992662781,-0.124153077,1.9520478718719254
1.9821562023609767,1.1015082929770874,-1.284981654,6.451626854641516
0.089083569,1.4763515365952278,-0.72206068,1.2020931272016155
-1.232119979,0.553273254,-1.440156037,-1.688700001
2.0116593645794323,1.6419935023580696,1.915466388159556,6.074984309948077
1.862281664874337,1.754395956930144,-0.374032748,7.396480043611343
1.5212771763521498,0.9807559928890911,-0.782778818,6.168092842
1.3382807288072966,0.42473817113832574,-0.29993786,3.2359371654479507
-0.575459844,0.27779901521281186,1.5716095976090039,-1.341540261
-0.685942572,-0.758597755,0.99025001,-3.637085342
1.2494366354565833,0.37047479354216434,1.0242285057071743,0.705680357
-1.088646941,-0.076312458,1.6503652757836094,-2.391938675
-1.744003814,-1.853838398,0.49965185564684844,-3.418191478
0.5542843319780247,-0.847550734,-0.948084715,-0.664499945
0.5171220193720512,0.14263205636649706,-0.097369628,0.9457518244603849
2.128952436043328,1.6492624701688487,0.15731213033192548,6.834329607942008
-1.074520987,-1.15802825,0.5638056982442665,-1.890990375
0.25198579064211224,-0.372403947,0.2843210161305014,-0.808470181
1.529794396139721,0.7113839205437824,-2.461966074,4.520718151971274
1.0572188687068165,-0.865337431,1.9668661617878231,0.5341252470558715
0.7948749056177977,0.3675170368775205,0.33318899916644373,1.3333196620352528
-0.392234498,0.098959007,-1.874283703,1.190658751534701
1.9785204006905093,0.597731225,-0.150332074,2.797695812528772
0.3521688058103073,0.40635779541080636,-1.614189097,1.5193320462175746
3.6309232119584247,2.432837025192589,0.41022789781783847,12.486828808533463
0.7772418273440804,0.6295715873227725,-1.186773641,2.4432963604629316
-1.029903694,-0.782054012,-0.306850639,-1.741484016
-0.119049976,1.3181563787273989,-1.104277052,1.696136190806793
1.3579621136990985,0.6813974434752202,1.8090097984639124,1.0148719452757033
-1.968540096,-0.733233804,-0.161291337,-1.762078781
-1.859113783,-1.321517833,0.3830184919620219,-3.640618958
2.2490995520079995,1.0079127335690212,-0.815139369,7.175490050726385
-0.231235738,0.5813462218606849,1.408446321473807,-0.578308589
0.13133964388808028,0.742814856,0.21660125478705414,1.4249165929647805
0.1205155893036528,0.7149247552969893,0.27524097132472625,0.7745323325139284
0.052978809,0.7101311536607438,-1.812632354,2.8479398504362496
0.26040975710842107,0.24520734762856486,0.23263828927503194,0.3746175152719885
-2.382214158,-1.730097695,0.9370937432412303,-3.441838463
1.6824786773982825,-0.264335852,-0.445756597,2.6190681519070744
2.421794266764243,1.3595579537116482,0.8937921215688132,5.344742994071776
0.38930020762302386,0.6246135383492978,2.8370995998340813,-1.112750411
0.3048214115036971,0.38533742828132517,1.1247479309376245,0.30624345914489415
0.48349650267448147,0.9150977934008787,3.171614719829547,0.4094341145550726
-1.335835362,-1.826548449,0.2787660308044574,-3.971714511
2.017700562350152,0.071715897,1.0924265699959772,1.810821871
-0.645101009,0.5831249247555089,-0.102722321,0.19049439187884787
2.6554963185748712,2.759535628617051,1.651916200125667,10.410369764052277
-2.849652589,-2.03303179,-0.266467093,-5.319433127
-0.100986631,-0.825007788,2.214554311565747,-3.20941924
1.2026581410996835,1.2249742084699151,-0.243034078,4.330533793849543
-0.823605639,-0.396820807,0.6180554307650923,-1.640153896
-1.381431987,-1.173170785,-0.965329326,-1.035957208
0.055980220098444056,-0.475550124,-0.612837417,0.1031634090748309
0.15399175941668247,0.25616565205394304,0.9791785575090542,-0.412154101
0.9399383257735613,1.1130138954539477,0.014749707365917457,3.235408673
0.7720685866602143,0.5372792326878285,0.40769499484688043,3.4977640143385296
-0.813212163,-0.968253689,2.156467891525957,-3.235381005
0.6494984660984215,0.8779595538326792,-0.103746255,2.0526308961575888
-0.685792462,0.025342344626702165,-0.479110996,-0.015945915
1.4665226202933548,1.225291650900661,0.1633072999460066,3.685584376238681
1.4716122346829779,1.3785319348547975,2.047518899167556,2.636364483543879
1.5957230558797457,0.38708007164948144,0.6243279650472424,1.4729733752353444
0.055885152,0.12464100610495332,1.3206295834288175,1.2049640758582525
1.050581308375894,0.13977043990786686,1.6281010863690344,0.45711777799557124
1.979295879549393,0.9631306324709614,0.5911986492730659,4.515385725
-0.683920006,-0.796111116,-0.264344593,-0.545402862
0.038740618,0.35044341832542214,-1.438491522,0.4558963810029162
0.821429482,-0.087458734,0.23172030009275174,0.8956725883972344
-0.954837118,-0.056763901,0.7454881221884888,-0.180409571
0.7938574942720301,1.3594106098670797,0.9203458158946056,3.381378476577284
2.084253030797825,1.0877290473389936,0.088623015,6.053285241
-1.392809468,-0.772586741,-0.065642381,-4.390645805
-3.275302663,-2.532505685,-0.096281298,-2.523564376
-1.312607764,-1.48339693,-0.736237959,-2.140989292
-2.440905837,-1.286769755,-0.693096653,-3.466916947
-1.057209156,-0.223227005,-0.726628608,-1.245458012
1.550962955696134,2.198836190503001,0.2385786118113496,4.726700392419675
0.38108711006701257,-0.155683434,0.6313664836172398,-1.059306287
-0.994416701,-1.780580434,2.4133738801446043,-2.612228602
-0.74962258,0.24933917331842112,-0.53890132,0.38342762410947206
-0.259805995,0.731745302,-0.931524089,0.6516399052369742
-0.077304132,-0.561302794,-0.141639588,-0.087059804
-3.223797798,-1.157304359,0.7207799440884092,-2.799055749
0.5072960373756874,0.609287167,-0.363062712,1.8927117367257735
-3.754842085,-1.901890896,0.26049375312646544,-3.651512559
0.9654909606141535,0.4883943526222199,1.010753056353798,2.475887569147058
-0.975999833,0.31656123131535485,0.5243703601033973,-1.28709811
0.2645692378010539,1.1077728469262969,-1.184207889,1.7558257000940003
2.778602809467911,0.4397889518935857,1.0893939365664642,3.549354390019675
-1.223289015,-0.536453502,1.4705993607816055,-3.979608674
0.2156822791059334,-0.24527638,0.4931647687875532,-0.455889792
-1.987557386,-1.082240152,-1.428035747,-2.285531401
-2.170052249,-0.079484256,-0.077600434,-4.198775753
0.4669194247036865,0.3700044464997717,-0.691977099,0.06958345
1.8642129440727973,1.8606957030658402,-1.171714935,6.346028006176065
0.3012384517517115,-0.161414788,-1.023127687,3.1006534899150235
-1.046043736,-0.135877176,0.8103310411443506,-4.15704652
-0.509260262,-1.63406051,-1.176913402,0.9908830243802302
-1.61655192,-0.706077594,-1.265407628,-1.522105645
-2.268042381,-1.761213445,-2.064526821,-4.4943958
0.13821904876338287,-0.654627882,-0.832717151,-0.432480833
-0.642677202,-0.573525403,-0.473381621,-0.624315459
0.3872414919327008,0.6607048757732752,1.883786364588931,0.3375839649950862
2.714759930287779,1.258893256802386,0.28061406958773366,5.202465040680579
1.5843710851973294,0.8094726884582161,0.4501687229675838,2.7328551479142673
-1.249138852,0.4800106485431533,0.5930308193743845,-1.475044766
-1.087845801,-0.383517907,1.0398457380490007,-1.799257397
-1.815544241,-1.409015437,1.6630937123475473,-1.982322377
1.0319959157500835,0.608830853,-0.425416595,3.8450311530564405
-0.982284389,-0.243587413,-1.693957419,0.6804710354310544
2.1674490445884955,2.6109756904870127,0.37377889294059524,9.315871688
-2.135070904,-1.200946973,-0.355007289,-1.308139398
-0.38981209,0.6721527734333456,-0.199236967,-2.723378358
1.1452691225288791,-0.114489409,1.2105320115144191,0.8258201390474919
-1.562433458,-0.872236509,-0.079590476,-3.932719025
-1.347591216,-1.700276104,1.4746778998722658,-4.222193417
-1.689003169,-1.164592313,0.6610074726513395,-2.224127341
0.8490242051124589,0.024541167360451407,0.2362881102403011,0.3045619530917387
1.0217121121043284,-0.658714413,0.7126937069416671,0.6000452620425261
0.7896413076488953,-0.418986831,1.4323960485681664,-1.101266084
-0.28782943,1.3143089025127108,-0.244168413,3.415889910004601
-2.065173775,-0.679160836,-0.476820277,-1.576412331
-1.299443464,-0.324617819,0.5651325684891103,-2.641371468
-0.653311349,-0.963601654,1.8379806966133208,-1.460386924
1.049948459640122,0.9336302529426057,-0.77722241,2.8804423661820437
2.248790972147273,1.8259889611510447,-0.490944039,7.353408308409251
0.9398793534799619,0.1540848041601322,-1.555528827,2.3830798613311504
-0.949482635,-0.732639519,1.4744307109575385,-3.689337788
0.9264485767344735,1.2942227857493693,0.23327702041331333,3.8585986478214944
-1.145795892,0.5039396103242139,0.9302760876644149,-1.48802624
-1.037728526,-1.258166709,-0.15649879,-2.598986975
2.885246657830604,0.641114766,0.9154781030466886,4.1021013136685465
1.6538694772253186,0.2853358961279977,-1.328106146,3.9358861656304462
1.7606798721858543,-0.089369184,0.45518827698695824,1.9383178512097945
0.5545382545058501,1.757043109280334,-0.428442461,2.5633781797603743
-0.529064913,0.048833781754658884,-1.700740553,3.2550772867909528
-1.761682492,-0.983985501,-1.421773613,-1.021326316
-1.510247355,-0.770631412,-0.179214575,-3.074364879
-0.655641348,-1.302381466,1.4228294078861148,-2.167860962
0.8869479573050274,0.8529786609189094,-0.178522655,4.646297497065566
-3.122799654,-1.543100054,1.3074996039194922,-4.368961982
2.929286656518831,1.4555618131139463,0.43648412365693723,7.93101307
-1.088695015,-0.636604458,-1.095902813,-1.95072536
-0.361724122,-1.293338819,-0.189545201,-0.909852674
-1.189738538,-1.070183458,-0.932337026,-2.486248372
0.9753638221666391,0.668267815,0.425162136,1.2426535200535844
0.6653044168097093,-0.664812097,1.078188288004958,-2.264451676
1.019635292590194,-0.118495964,0.5083758123025274,0.7411510631424815
1.2370273920791577,0.3115599643729466,1.7374012031796353,0.2834624552239904
-2.117291406,-0.650112631,-0.115056822,-2.751404323
-0.136027099,0.088748306,0.5111652407469964,-1.950356583
-0.013517374,-0.28610861,0.6330244802989988,0.5889166576666072
-0.197028786,0.3657298004300701,-0.201110201,1.2038092938143128
-1.44196423,-0.815943561,0.37549065569946277,-4.396041166
-1.902282723,-0.597444069,2.8315876012134757,-4.974781608
-0.633848843,0.47649272991417596,0.8223464645439016,-0.257218266
-1.718310217,0.012379052851886627,1.2713715310124112,-1.958429887
2.2268779898072353,1.3476473647120175,-0.254048194,5.854574573298581
0.42400531466383207,-1.019407325,-1.495328405,1.3609693954280702
1.0375942471695978,0.1801133842266804,-1.573360247,2.9048847740384685
1.5473510001182724,0.6797538097064721,-1.759259133,2.9710538254916425
0.086816134,-0.020967646,-0.4883765,1.4726136296815946
-0.358475946,0.1763549160050625,2.270232334679192,-2.488124316
0.48540884696979436,0.6731749979720894,0.5721318595428592,3.389915898
0.549234579,-0.26771109,0.5260994628368323,-1.697449569
0.33266370763297537,0.41836599251034484,-1.373558172,2.5553650232621603
-1.752273179,-1.36623839,0.24086286002814236,-3.931704397
-1.265736553,-1.162989165,-1.379246178,-0.178748263
-0.710788784,-0.805545706,2.1379339522284355,-5.352102642
0.3256725566031753,-0.151770773,-1.550490211,1.595572336957205
-1.379371584,-0.857907999,1.4571010740219272,-3.155456543
-1.093018617,-1.043940412,-2.006050172,0.2884875080425098
0.32468098982556454,0.40019276462978604,-0.480279647,0.5012140110925131
2.0735145378713424,1.8377664241016827,0.095241962,7.167279553763375
-0.026569377,-0.574944991,0.5523061026157574,1.1776414694935715
-1.706347438,-2.084801713,0.31294206693753823,-4.973017038
-0.928037504,-0.479078397,-0.17324558,-0.661258496
0.9237629831758125,0.7545160687768048,0.12429957530172624,3.8662127756605047
1.4635566614732856,1.1082648003778133,-0.316257108,4.667742871579949
-1.741074051,-0.704999166,0.7853414017178532,-3.109469716
0.1034199472714682,0.2432550296020315,-0.351622171,1.5644941704580282
-2.479494492,-2.396084409,0.7708827689478701,-5.666678351
0.7443732346006322,-0.249809191,0.9069537759792348,-0.02240402
-1.497777595,-0.302389654,0.8609644908098028,-2.915399075
0.5962091120610868,0.6406316926131779,0.4914248897693018,1.7618480231018658
0.17625174415147948,1.4986472902790922,-0.534119976,3.4186570849822564
1.1537905170075133,1.7331480119342313,-0.622600687,5.059837116618456
0.039729294,-0.059418615,-0.064584037,-0.173949266
0.4779910160483426,0.11845320110767245,0.21833328791039106,1.5900687514890715
1.1653093664818108,1.4032116317227574,-0.637120808,4.803292141788922
-2.909175632,-1.320062812,0.028439438,-3.676661685
-0.385138123,-0.084314237,0.4378845585775412,-1.991882253
-1.310091978,-0.899019922,1.558615939251617,-3.658796592
1.7621073483740473,0.7748761948153698,0.064477803,3.7128964417798835
0.15605704593331232,0.1567881059070038,-0.326680228,3.1408412365858043
1.505894712596223,0.9926274782518711,0.4302505079854229,4.088010368
-2.626028754,-0.432901689,-0.50840647,-3.456319967
0.5816031146158733,0.1724591731696417,-0.121371591,0.6869924453859777
-0.472404949,-1.159732095,0.12238347466715711,-1.090192228
-0.001540623,1.1566539392748567,-0.633797724,2.4893137853471288
-2.342222215,-0.022542928,0.3572885777276397,-2.726721492
0.9694251720696019,-0.060874193,0.5027949735045377,-0.203099287
-1.682847311,-1.143270472,-1.946691086,-2.276662086
-0.968862003,-0.55366228,-0.52597704,-2.582700227
-0.641469896,0.1759716337953665,0.8016107953755721,-1.592239246
0.7090621939870909,0.9209288405032465,0.4242752240727067,1.375238858888158
0.3481446847662357,0.9846289250148955,-0.052397484,1.6736966540390967
-1.564271681,-1.389088523,0.8327827840631181,-2.086517223
1.7755307456611074,2.020987082961273,-0.222376713,7.650282951032338
-1.103175839,-0.000614974,0.504992832,-1.718912581
0.08271585,-1.017722665,-0.618376134,-1.942608293
0.5764713658849852,-0.20672661,0.804985022,0.34750807350921814
1.1550430746451734,0.8444021804028324,0.4190986888733709,2.266776493622829
-0.22786046,-0.49949743,-0.73882104,-0.409877322
2.1169684065759573,2.4220607903061873,-1.259863873,10.649888118272065
1.134012798170425,0.42371352606288426,0.7346779727299368,0.9126357161593539
0.20865867173603247,1.079589402546625,-0.26821949,1.6024585454941143
-0.015353584,-1.393981348,-0.059267092,-3.595190708
0.6082379805274573,-0.337235742,0.97567568,1.6092658305229464
0.9212797840954305,-0.281546471,-1.066747979,2.1663011012549918
-3.678330876,-2.740874028,0.6207331110985463,-3.570687093
0.8449389850736397,1.234596255802824,1.9167911665228192,2.7992092947336795
-0.098172984,1.0304339318961486,-2.26807277,1.9082073524100274
1.055587641360223,0.9287010456881376,1.5735225760366969,1.4999298744090264
-0.585068072,-0.663772225,0.5259791949881311,-1.601229459
0.21865675281623445,-0.218022768,-1.499267567,1.7009736404668923
0.10326638726392556,-0.321460014,-0.413522415,-0.918057776
-1.915439861,-0.582541523,-0.701066395,-1.696448311
0.5247386617656813,1.441178257281797,0.7810843311708897,1.5038532587788997
-1.070381473,-0.549603741,0.6163702502954013,-2.331800336
0.19711953392308468,1.1633153352356522,0.23028651146573345,0.263884195
-0.686900164,-0.866644065,-0.720724044,-0.156748874
-1.227838503,-0.785382389,0.30091362241071906,-2.353180747
0.6503266835337116,0.6065974968696054,-0.738519107,0.05252187
-0.787097297,-0.779807073,0.6462378391561443,-3.318392401
-1.171843198,-1.193570984,-0.140972203,-2.381247564
-0.461639135,-1.589517789,-0.751405211,-1.731524238
1.410816168622084,-0.788129434,0.7669593808214688,-0.422983564
0.8087074732614344,0.8594668610365013,1.8504222494495566,1.946125095001058
-1.336846242,-0.225127095,-1.205145507,-0.260538269
4.596998471202135,2.8762759521170578,1.3703335243212804,14.388490369569887
-0.77880562,0.060389767,2.5467080618699307,-4.209442147
3.3873385907262126,2.082795343,-0.525677991,10.608794941500776
1.820174398824506,1.7481916351804279,0.077555466,5.970176883767095
0.5407351830943531,-0.749785277,1.109768996,0.036549852
2.0625437238603554,1.554511831353142,0.6008791636958037,3.8047717505956915
1.7134691819672878,0.3654406592383014,0.8154988251995838,1.8350405460621473
1.2498636825147074,-0.664670214,-0.376987185,0.488453433
0.24477284173717456,0.10834775636996284,1.0344748249393803,-2.002435645
-1.986260144,-0.756667463,0.17879961688326332,-4.452067955
2.2837542691967974,1.4248786192930452,-0.826681527,7.772399285133806
2.468861306956962,0.9804286708288398,-0.2056003,7.043178857546857
-0.095835704,0.45372116204344154,-0.00581981,-0.669560282
-0.328319576,-0.458793262,2.798411231589011,-2.396648525
-1.053130037,-1.790291565,-0.711160237,-4.034171451
-1.303354971,-0.686062665,1.3868359803699404,-3.741623984
0.16536713878089804,0.3566880460721107,0.5780532922556755,0.9111985550135565
0.34119646981885954,0.22634502996715838,-1.167244406,1.8276999533911493
0.7102929616786593,0.9432176478125335,-1.776068236,5.308993068
0.840142186,1.7610041406942076,0.39968004339378377,3.5166233707398664
0.3207235645502531,0.057289098,1.3401570892119488,0.9110443439063173
0.21003267161654576,-0.435785338,0.042012027118107115,-1.144649661
-0.452349888,-1.069937212,-0.947112677,-1.176832959
0.8063073018355393,0.46133532726242127,1.9249000703097514,-0.078151825
-0.086303085,0.10144293682524703,-0.114032329,1.8497307244662153
-0.662739071,-0.819385087,-0.0038129,-1.842561884
-0.072030036,0.3514300614649985,0.046633381986458666,0.5051922501721138
0.6130222191972794,1.032557239066551,2.2543046679564918,1.824972414027354
-0.032685297,0.029117841,0.294126119,-3.196972761
-0.455340429,-0.130170572,-0.393161784,-0.372172116
-1.495531498,-1.456100448,0.4394770292440666,-1.759554173
-0.009892156,0.5624869051360237,-0.635003585,-0.562664437
0.23059638884771508,-0.166365833,0.017645029,-0.589088345
0.6263850330145372,-0.198840183,-0.531012578,1.9069966328475159
0.9082809398242346,0.358284421,0.14443977992337875,1.565192246622319
-0.841722749,-0.81723529,-0.264957143,0.3025815759119801
2.107601345500578,0.9830859583370805,0.7459604324188809,4.123188032
0.7907855973323852,0.46593913762337424,1.3905307773245508,0.722786984
-1.662099779,-1.231454371,-0.160748921,-2.068531185
-1.869122121,-0.369368892,0.6800467072608882,-1.7273462
1.4580962372468649,-0.24444947,1.1370022671743727,2.937692744
1.7250479249342257,2.109708946158411,0.41678231334232657,6.254283028293173
1.7365735563817455,-0.140978157,1.2652399390837332,2.381251148843008
0.047509052098492516,-0.178319237,-2.843246311,2.919717139503223
-0.79536628,-0.204118267,0.30937358842797014,-2.516154668
-2.247073359,-0.909196005,-0.88019776,-3.070151954
-2.487523399,-0.646012699,0.24307047078008104,-4.407323478
-0.525913586,-0.551665923,1.8113592213986391,-3.416485164
2.008279943516258,0.9949647654033283,-0.72299701,5.8016357296024905
0.27112149712990297,-0.228918673,2.0038041961618633,-0.843370528
-2.191484258,-1.174644084,0.4267792420543501,-3.87456419
-0.63769729,0.13351714021441405,1.6581324278579492,-3.397492564
1.8005783592354783,0.013966662405331138,-1.019300781,3.204929544151711
-0.223132162,0.012886187674636222,-0.77178379,0.17691513886675533
-1.988143166,-2.2377298,0.9203382686985104,-6.126494665
-0.934922653,-2.206012771,-0.878810769,-2.838650843
0.6278631196295077,-0.37103634,-0.285400519,0.3919830673548849
0.041291160330148347,0.36002469326230296,-0.833812172,0.927174766
1.0512723963604458,0.5974543961860099,0.4726345791203357,1.714370000933143
-0.166190322,0.18846856883255622,0.19432575908592217,-1.738207636
0.8155634637581167,-0.743425139,0.9793233863964126,-0.327407185
-0.253958482,0.5789051776414377,-1.113808287,2.119669234218132
0.1656730031235295,1.0415837103937649,1.0529648486235177,-0.291636326
-0.644699701,0.643087993,1.1320602948461622,0.45363852194670984
-0.477927191,0.12025754297480253,-1.991016075,-0.495956121
-1.106111139,-1.116675376,-0.357132371,-3.865166375
0.9923717282581441,0.05560693,0.7521963832495512,1.9289196360077272
0.2226639125088461,2.5567251418175077,2.949148502,1.7960244791821771
1.0998956199534118,0.4476862093215368,0.014603217,2.456370959635681
-2.241044408,-2.023397001,-0.517347775,-2.642554661
1.9948029201478559,2.1533548731769394,1.445172577090048,6.674804375770378
0.49379040473652125,0.16806736246205664,-0.116689494,-1.12179759
1.3191730045006584,0.091349537,-0.229901554,1.6372559763747625
-0.863060644,-1.059943665,0.8565272673646788,-1.985316945
-1.17672536,-0.944162537,-0.237332523,-1.173091127
0.2770885969041861,0.22784799744005427,-0.406273731,1.565649446299493
0.7258397630576845,0.6059294467724629,1.284377271088493,1.693267620252122
-2.396349023,-1.937528143,-1.06827325,-0.957991162
-1.324273669,-0.515953447,-0.541109543,-2.703341714
0.20529657107208665,-1.100261571,-1.022987887,-0.420589448
0.6333336104104176,0.6651666858043425,0.9357556161932405,-1.632815059
1.0099943972017482,0.6464660839401322,0.22659626073997696,0.906257947
-1.271462497,-0.085956401,-0.081408993,-1.604551768
0.9838593830094677,0.039195835085442325,0.028046470824656725,0.9619244076881315
-1.039923486,-0.067510583,-0.493882333,-2.564105375
1.5668379481896701,-0.113910211,1.1262974164812865,-0.071780533
-0.288391428,0.007308224,0.42628909877484916,-0.051829683
-0.201185901,0.5119480116584212,-1.528790164,1.389028277807411
-0.749602401,0.078371941,-1.038308933,-1.126809757
-1.375715738,-0.987052697,-0.249745626,-3.173226007
2.0458707821949047,-0.141804485,0.24418526950154185,1.0748775722299342
1.8060723051920295,0.22628754224669678,0.9561620938879758,1.5575190038297668
0.4462184345602174,-0.499778543,-0.963856041,0.7789919161650729
-1.501955466,-0.733805172,-1.813099971,-3.666044188
0.22409030224798926,0.5766377924659871,1.059992274,1.5477653362718258
0.8308492913807242,2.011739890063504,-1.407596778,5.178694150684169
-1.199921957,-0.377338417,-2.25443213,-1.925916572
2.102188428848418,1.7667105216128018,0.056906231019021154,7.567922569939743
0.2265986079285991,1.261065771374166,0.9431205522381139,1.7114425459348293
1.3762591164902551,1.0362576392908898,1.0854316739699792,3.6964195914542914
-0.061565022,0.4922664988487346,1.5561651091329172,0.8202145756050956
-0.45034876,0.9134103387751381,0.875201669,-1.129975395
-0.234741527,-2.195309256,-1.37699475,-1.545181772
4.210195614379461,2.455403343875897,-0.110461632,13.915618317962261
0.4870113162567906,-0.413868335,0.244174598,1.4092827843869253
2.0613021440696686,1.5488613844380459,-1.46444372,8.664449243838499
-1.2324075,-0.081223057,0.1044046881263972,-1.413671278
0.7560599836160269,0.4952273354987856,-0.895805896,1.410406582524288
1.5900644046754706,0.6136385236793893,-0.661187964,5.341673387160322
-1.571044924,-0.853010767,0.8668952993545541,-3.175306415
2.5248646193896906,0.2994222905895202,-0.456051479,6.847680409987497
0.267797544,0.17271782273382758,-0.631661903,0.7238904699585799
0.44406326783974626,-1.249291285,-0.325760757,-2.064699186
-1.400996121,-1.520250539,-0.145401896,-3.469348267
0.691884562,0.5504249840151264,-0.328937109,2.5933980111478876
1.5113960077939492,-0.02044525,1.6805298650090865,0.6566706487571681
-2.297728625,-1.210884719,0.3606448962919778,-3.557185091
2.275943437218732,0.5102749105517819,-0.606334516,4.365924267
1.0515620097208904,-0.624451969,1.1196397670135698,1.0549351984782187
0.5457461412117106,1.1150228661986141,-0.568108841,3.122910499413477
0.33561082706077816,-0.310851566,-0.967604217,0.006923026
-0.413125433,-0.757302703,0.22787274732591353,0.4018969363424403
-0.116437534,-0.223218988,0.28423557573605635,-0.601231904
3.036112103159897,1.5109152166230346,-0.741388562,9.031953707367508
1.4300476520756398,0.20810324049903728,-0.576931391,4.253286619
2.2114323063097814,2.1701809184854968,-0.538886353,7.669449651635185
0.7745089965577776,0.8451400223340221,0.2601442262295996,3.7718698372327992
1.8529093191144148,1.6101311118768797,0.081209623,7.239693152758477
-1.005752233,0.014589131928924328,-0.858974578,-1.029442347
1.2607293744231198,0.6205164304235886,0.045863819871676356,2.713513816901779
-1.784749168,-1.83041373,0.9223921710106477,-1.062303641
0.5690197154067815,1.5477245946031315,-0.434526963,3.233562704456077
0.36110143108778836,-0.560239574,0.23583538766612736,-2.716751796
2.293699254038523,0.5194222818628919,0.6163283520484675,5.318195378358702
-2.020576413,-0.861611031,0.33073845882918024,-2.181076611
1.0175580917854028,0.5105547285406882,0.9361435267894948,1.144221079932779
0.9027400871562118,0.8857035302894956,0.75010561,2.185339595580567
-1.73940871,-0.464134443,2.7810097274478305,-5.381849879
0.8905631225111024,0.9100103873167255,-0.186273499,2.415215977110829
-0.627823323,-0.104460708,0.25724286680328623,0.2212043061112121
-1.147253062,-1.222597769,-0.146635842,-3.096112769
-0.626666154,0.06828822,0.9024254619595644,-1.570040654
0.849588971,-1.537170853,0.435623153,-1.651470774
1.4685840921490347,-0.06283492,1.253909227867872,1.4506125876756344
-0.172610213,0.47633118322054213,-0.392036263,2.124962446814977
1.2155039509593628,-0.427061377,0.012517512,1.9898812977451183
-0.559905733,0.4369103925590655,1.697755087938838,-2.861597866
-1.797626633,-0.596589268,0.1120300673988806,-1.595703149
-1.447600098,-0.517562311,-0.916603797,-1.910382377
0.4255942258931052,0.7720156730064479,1.9638287556286687,-0.31629891
-0.351602125,0.1882197620730973,-1.823486569,0.9712701699129607
-0.625230786,-0.152024294,0.24191605049093248,-1.622526857
1.106314278209919,1.0745991954257277,0.6929765342686202,3.502870474131875
1.0105089012673647,-0.070724788,0.8054284977300514,1.079626188682862
3.012023456397033,1.8140806940814738,0.37788403335332754,9.035097099391841
-0.508149661,-0.820718193,-2.235329397,-0.945499085
-1.738659736,-1.779977743,0.23833723875158205,-1.607161406
2.3945241289019434,2.072815892905669,0.1589941347847046,8.405244815773743
-0.913363798,0.5185248162915989,1.6191512710053533,-1.083387607
-0.483776116,0.35144574162753384,0.7584420573739689,-1.162358462
-1.52117566,-1.553230988,0.6612012265057401,-2.781199576
-0.093862788,-0.161719869,-0.853213339,1.988998146785116
-2.939567693,-1.492324492,0.07649665,-4.614896306
-0.736306396,0.043644193284490394,-0.374936236,-0.444896283
1.0541860399855785,1.0881488206284275,1.743652138248587,2.3949301204199145
-0.608989889,0.10579356958290914,0.054842016,-0.587886819
-1.320623891,0.24545055717852415,0.40813477500734013,-3.098255006
-3.360815784,-1.216008397,-0.85169545,-3.965263115
-0.464955904,-0.486854449,1.064819529975237,-1.532728367
2.402513548948202,0.2943692969551366,0.8297569056170316,5.321113844260131
-0.524221373,-0.638785646,-0.570622178,-1.141206878
1.7943573742123222,0.8935441478988231,-1.201311607,5.605124579832764
-0.938700635,-0.815843195,1.0963129945959662,-2.559360565
-0.557117935,0.6743764655357839,-2.205655824,-0.504113284
1.7558006194461948,0.6898662660141146,1.4315616999040117,2.6331841600349386
-1.459584706,-0.955486249,-0.458675864,-1.919693056
-1.329093374,-0.922871467,-0.679849438,-1.449053552
0.6003826267775562,1.126249743050877,0.10068178486130969,2.781559309084424
0.7714988313211688,-0.12933416,-0.003135322,-1.089676764
0.5017402373021463,0.5659559736971868,1.3503774857556436,-0.086948525
-0.52432089,-0.537383684,1.108629012067218,-2.042783196
-0.323471185,0.42082765420563356,-0.467341119,1.9496478540291666
0.8091669697981538,0.005645921,1.0416610355944695,-0.528951406
0.7446802698829542,-0.080294978,0.7443672475705317,0.7511360456329117
-0.953813132,-1.338023133,0.7474893292703582,-2.761947185
0.3393997304477707,0.332884208,0.170938974,0.11551883941003305
-0.843431281,-0.77117237,0.6315250633783595,-3.427308685
0.48972471404446716,-0.646567851,1.2541685836510335,-1.153683397
0.12158909273251739,0.5266103329913641,-0.871645862,1.0137407
-0.225187374,0.1954805477907458,-0.181377756,-1.5867291
1.6645845016199408,-0.810137021,1.5851582086259153,-1.319837938
-0.09488044,-0.814654419,-0.933333508,-0.519348948
-0.472213945,-0.589470633,0.09514597,-1.308342243
-0.008767066,0.6609938307141197,-0.849328981,1.0368540778068385
-0.254625821,-0.685848594,1.6803458772065114,-2.893060698
0.5584604228683763,-0.905743295,1.0029389812559135,-1.316501874
1.7751837820400262,0.733412073,-0.328327785,4.245543293801679
0.3374135381191866,0.5184591342065589,1.648668793111224,1.4331909774358709
-0.731861437,0.24328534417507489,2.743691170969992,-0.863095978
1.6505986047081422,1.249687100101142,-0.839457595,3.898039909812364
-0.572419577,0.4674302223569256,-0.09196636,-0.201803551
0.2729217768283755,0.14665723371760397,0.8329797658622342,1.020212158694548
-1.499836869,-0.901180613,-0.477188944,-2.982373885
1.1613334145979153,1.1329309350979058,-1.320591876,4.857992348251526
-0.097241397,-1.262950662,1.2927147912960948,-1.71545398
1.517695461388674,0.12816308627877723,1.2673546346931366,1.3340456762623574
0.7206398318695884,-0.033568896,-1.524874685,2.4809047046460195
0.5939930296032844,0.20152984191205933,1.173410257957099,1.318929767080447
1.0221899737524618,0.7112675191374043,0.7928333717588583,2.4522831185650826
1.1108731965773724,0.8551017331579572,-1.440256698,4.096091798878224
-0.143818523,0.6518345649779046,0.18683561556453404,1.4381675427411764
0.49093211936573833,1.2687698642724567,0.7366590013056196,4.1443474977290204
-0.931123803,-0.62828382,1.443088774711855,-3.284706831
-0.874339605,-0.278026928,-0.163960479,0.3034109743007236
0.915704501,-0.443623564,0.5388774329853576,-0.637439097
2.6980249052650325,2.770850036660018,-0.361026695,12.555366467830147
-0.517752816,0.4132799279895392,1.0685722250482803,-1.04548003
1.3087653925748166,0.9089586660024894,-0.636531068,2.9200837483229267
-0.186121743,-0.678331731,0.5602608391689553,0.7691750864648736
0.6006662219386284,-0.11151978,-0.33397363,1.658021444541283
0.027601117,0.3891465102402913,-0.342531424,-0.546609328
-0.189644567,-1.163252033,0.6639269329724455,-3.034687383
-0.016036736,-0.399034391,0.013876561,-2.695617325
1.0239622300306965,1.0461944806616013,-0.045841274,2.9000368644448855
0.4874159548929792,0.6753124175998226,0.7720819403249435,1.3063944415122473
1.296442792871576,1.044561781654601,0.29541092414369735,4.141367034299033
0.6480551963136638,0.1595419544525915,-1.07595542,1.787325321490006
-1.601914912,0.6172543488460739,1.124770487437289,-3.886067234
0.26630700459274526,0.798568642,-1.571712951,2.271717449345576
-1.348276385,-1.701361974,-1.689667189,-2.859663381
0.7736744050823525,1.1485321841513243,0.8990648828577605,3.1489662795986733
-0.252177402,0.016545720552324263,0.5166263800551645,-0.2840359
3.3799104896152707,1.9477259538069507,0.8288388980400031,7.606268509261083
-0.536234461,-0.025644294,-0.223385161,0.6022874996399954
2.4044392320106036,0.5129064029913861,1.0203627901152328,5.400655439336604
0.5375227478553661,0.24177274977746996,-0.978874685,2.424986626068221
-0.449890359,1.0991381776233293,-1.578270546,2.6589515215381225
-0.316657982,-0.843989776,1.9291929404290724,-2.400410583
-1.281440531,0.017688295486055598,-0.373861474,-2.136560862
-1.047635525,-0.645057944,-1.153444922,-1.919621139
-1.01615915,-1.980212941,-0.224912357,-1.288613965
0.7145201070187357,-0.493462891,1.5173761953103875,0.15299476455877503
-0.140326242,0.2915261971986843,0.17274710925962153,0.064093519
1.013533726128657,-0.317586457,0.6404927875085327,1.3371111837698586
0.44266393642435564,-0.337169853,-0.56136709,0.8797308314870376
-1.15678133,-0.736512004,-1.177617834,-0.196993164
2.3746857537270825,0.4098159012349051,1.5355457829510606,5.018208344179161
1.6993281168559677,1.3474439941120335,-0.620851797,5.898928715907249
-0.083659249,-0.222890957,0.7658630682768923,-1.048867474
0.3184042438006717,0.22900814980892947,-0.250130377,1.9248692117006967
-0.763776347,-0.058106109,0.5265748419795363,-1.024448795
0.10659556888771793,0.6239614565178336,1.3212091876618528,-0.037132029
-1.878597111,-0.13842646,1.0586406196681708,-2.547067466
1.0773214740428363,1.1274106568533198,-1.24524563,4.680825064
1.5493070845669896,0.4651664046995946,1.0448965320365065,2.7501724783722348
0.4102540380742379,0.2043595433383389,0.058673929,2.846761755670218
1.7547074894288643,0.7850372575806704,1.2363446986594429,4.371607455912981
0.25858068711485493,0.4060833667471215,-1.045227754,0.9925851407716035
1.1376349306230098,-0.179681055,0.30591134290402716,0.4073548428650241
-0.187966336,0.31039805767439343,0.9275477447385642,-1.751311912
-0.220836798,0.3164266623165487,-0.12556374,0.7941403725192834
0.3660955309806948,0.3814994704491727,-1.636110192,1.2801168977633968
-0.456836065,-0.842092393,0.062458076,1.043825218947214
0.027750355,0.022102681,-0.655380206,1.3217700838595734
1.3052810985903855,0.26247638657591044,1.120384826734036,0.3106586179098214
-2.58661087,-0.710803053,0.19620772251569538,-2.538558913
1.9324095853855057,0.9105948774020788,1.3851969811948524,4.407481556640217
-0.523327654,-1.234480849,-0.024052025,-0.105211652
0.068947508,-0.24481775,-0.37756554,-0.732643052
-2.757629027,-2.959111901,-0.003414051,-3.818114771
0.14836157533384497,0.2578516964629296,0.7536244989446088,0.5149654363730831
-0.309827135,-0.848986432,-0.390445428,0.20095221222280468
1.6592735284428046,1.217112097698018,1.7358812350677852,4.0895435681747445
-1.2391799,-0.560160084,-1.24225554,-0.372651286
-0.208528217,0.3650816810941942,0.3609293254342957,-1.202287412
0.003616543,0.7475922967996949,1.6684337637673992,1.2792812025670743
0.1840950955308931,0.38576504505590165,1.8630212115597788,-0.123436034
-1.341433825,-0.079909193,-1.127213312,-1.722290415
-2.444698578,-1.236636708,0.537107627,-4.232701267
0.9144136707703706,0.5673947883443903,0.7039376198963235,0.7219930573779811
-2.223477945,-0.897414939,1.0701650725977068,-5.065455785
-0.06054102,-1.660168414,0.7351539160750487,-2.294014295
1.9201743463313417,0.094341471,-1.916264934,4.062673951688316
0.17076460557985984,-0.013219704,-0.201057059,-0.699319511
0.8575019362898072,0.8924439672596446,0.6090869163521339,2.6507455529368396
0.8600837545034167,0.9321638273994247,-0.649289441,4.095605352000693
3.332460866709561,1.9289066249872213,0.21014143708647534,10.680353016754609
-0.276354048,-0.155203936,1.8314032103279239,-3.077244115
1.546124290748708,0.1848861569049042,-0.456142806,2.058950896885896
-1.43307378,-1.020772679,0.971228745,-5.200444006
-0.18234443,-1.219255902,0.13298551870195535,-1.751147988
1.1095205655431242,0.7224166793272252,-1.656716036,1.399758860575489
-4.666852589,-2.123805097,0.7442490267211953,-3.188321147
0.2664120049374701,0.11939998804035457,-0.799164673,0.20754254741692257
1.1690317919155575,0.8070879343887867,-0.108631062,1.3599768222003659
2.754762477914401,2.399216273546163,-0.38591083,10.612675724974315
-0.126520759,-0.740241155,-2.331843553,0.8835281030266852
2.1500482133730214,0.5363012813137609,-1.562923949,5.404720296947055
0.6237633717643393,1.6221218697876836,2.4288888951870016,1.068010197026966
0.22786066677472255,-0.388672221,-0.419212996,-0.834603214
0.9096333726860479,0.2600848698851042,-0.28020693,0.8016165516864109
-0.460583945,0.816937981,-1.259526534,1.865386729865934
-1.505051925,-1.455268144,1.6304737743234001,-4.352599512
1.236434521846251,1.3413626668400822,-0.452841256,4.668164144406724
-1.768635331,-1.317453753,-0.829227195,-2.918265894
-0.099617794,0.30938021172495034,-0.01660338,0.8539107191656585
4.931615653836723,2.6991353505184743,-1.679113968,17.762954444654152
-1.284102937,0.9094721121569165,-1.693936061,0.9651657060700451
0.41539654668723963,-0.281325377,-0.500082974,0.7378210118775841
0.65614359,-0.381821368,0.2836122869999145,-0.543579669
2.0586606636288334,2.0394673823404794,-0.705066001,7.946490672
0.6262802465121563,0.37608780429068345,0.9594908403683836,2.2554487891665063
-2.857161012,-2.674731497,-0.228853978,-3.906819139
2.4676429033388017,0.8494333481404177,0.6800823857424892,4.8630619638567225
-1.784370318,-0.783923788,1.0970911594883956,-3.437665106
0.6070352993291002,-0.013629524,1.0060489242525532,-1.37367729
-0.80857762,-0.566503403,0.2749153046381339,-1.693552058
-1.995011029,-0.700773922,0.8983441855283507,-4.309461466
0.8835283576300019,0.077571295,-1.769371076,1.708280344
0.49618063195455003,0.6392345891861428,-0.462253453,1.3164201779385716
-1.513744866,-0.250261913,-0.749966115,-1.984528109
1.253458066755328,0.9953697970813117,-0.432851486,3.016224691046063
1.8288204346399901,1.146408069028041,-0.674570086,6.990942533
-0.138535053,-0.02045215,0.044475856274414347,-0.46915247
0.3703787032005349,0.12128536744342101,-1.009809618,2.3032211578824304
0.6445177371898445,-0.035724547,0.027170669,1.729509098323756
0.8389396616745104,-0.020958915,0.327483736,0.8820484769506081
0.7554285295134541,-0.568680236,-0.9608281,0.970811084
2.0791364768464673,1.6957588713734086,0.4646815244083184,5.395878779158686
-1.278107777,-1.297276675,-2.74063944,-0.183969968
-1.552241876,-0.178823291,-0.748230886,-2.591535126
0.819322225,-0.012530915,1.6068411639257048,0.3654837234591243
-0.502564257,-0.064691554,-0.488852479,-1.181564336
-1.349805762,-1.78850267,0.18084989250700614,-2.159845892
1.783902694303131,1.064462044125783,-1.075548969,5.563857105018797
-1.082940997,-0.768853981,1.465449755873099,-1.038567346
-0.749728568,-1.496738016,-1.325382215,-0.047429383
0.6208860965396088,-0.346091083,0.5092315419386991,1.295858703850282
2.339248358012554,2.001778758709983,0.2876306384514686,8.346198460155485
2.663496606322087,0.7053727472219149,0.44296976260464244,5.547404362186619
1.601772281429322,0.9583314863271492,-1.206401259,4.143708590876031
1.1311250884446808,0.9130340999038355,-0.908637054,4.1057251304012405
1.2390643641735923,0.8249580542683403,-1.32587131,3.986343002289476
0.6354513183826084,-0.697965175,-0.67428469,0.5281252132032533
-0.017101178,-0.911227161,1.4632113213031674,-1.957974084
-1.269539148,-0.155378151,-0.627159871,-1.076170238
0.46575589762396363,-0.110633091,-0.550768572,2.0348260105186173
-1.239954462,-1.302728381,0.6536118992382379,-3.55915485
0.5033380792800528,0.596761213,0.337890735,0.7885126910124279
1.714338797998548,0.5075531048381046,0.036268996045661736,2.9563019795391132
-2.021423148,-0.897154893,0.089342532,-2.700545478
-0.04734321,0.5504605549449898,0.5232246739038553,1.1242636668355215
-0.259608966,0.646362867,-0.144124588,-0.264908289
2.2389465463082647,1.5318322572845735,-2.298223095,8.706648649507567
0.9613398281142924,0.7932300056410231,0.602031911,3.063896981593141
2.138723168121502,0.078805915,1.1794695269836761,1.328404913293176
1.9452531580777075,0.7288119744957192,1.1646681028757184,2.9829078697921783
2.554969513435962,2.1250094925229135,0.6547656066069869,9.312395028688403
-0.931716485,-0.460599336,-0.780806235,0.2518357052222129
-0.394167142,0.4624379569332771,0.3489527961521962,1.1658816810089596
-4.260242647,-2.182116652,-0.668143347,-3.334761086
-0.693908621,0.41981414391638744,0.4069916362870492,-1.578341865
0.9512383162880798,-0.175241924,-0.86213669,1.8473867227058536
0.8776889383345392,-0.064390343,-1.926674181,2.453604289206504
-0.507743828,-0.466179091,0.78697787,0.13389231976122562
1.1125033742223915,0.3317689918514326,-0.522594551,1.4282505255316744
0.35874196491291005,0.6631722374018294,-0.29796963,1.665714017646512
-2.876971694,-2.242819891,-0.595576038,-3.036319714
3.134193741454594,-0.090038675,-0.538126473,3.076804818609648
-1.747551911,-2.653809917,1.4920364786147442,-2.985628727
-0.837509062,-0.700790906,-0.216290876,-3.009284641
0.45280057060954354,0.6919626803318742,0.12117654381895018,2.7369651252833664
0.024581750843851613,-0.406703195,1.535173420959466,0.001150356
0.40386911414673354,1.0035538689711974,0.20533425023501375,2.0323362566079646
-0.177580208,-0.518779501,-1.050327829,0.6370080504367949
-1.172089108,-0.223894824,0.4666411870450068,-1.652502941
-1.944014593,-0.488090701,0.7653942351799602,-3.480862969
-1.187736674,-1.034140974,0.9111536023045219,-2.275064148
-0.633904079,0.42676572140852764,1.0160384445350812,-1.933679269
0.044427799,0.6479281932451786,-0.157075044,0.18893750920251717
-0.160838645,-1.084997121,-1.98133845,1.1302255103310779
-1.454104655,-1.402077763,-1.344613927,-1.077802705
0.262857304,-0.824842109,0.8877737568275589,-1.541998458
-1.500314538,-1.554222079,-1.382993302,-3.285376725
0.5068880188691518,-0.523283768,0.28432336555007803,-1.262067505
0.10926914453627234,-0.79084771,1.522026730341181,-0.855384539
0.4716615055243293,-0.518513947,1.8110116726321983,-2.262795872
-0.238464364,0.7846701527861414,-0.598448587,-0.750663475
-1.100989665,-1.137273984,-0.374147688,-3.646775537
1.6490209642245488,1.6217613169715004,-0.218171207,6.116686799202307
1.5598139410234577,1.2030864031508914,-0.568896674,5.170052131538577
-2.070924477,-1.288522341,0.23751094337364098,-4.702295323
0.7896712567135498,0.6343438376225342,0.786880023,1.671981737852813
0.3202033189910885,0.5130512840437509,-0.465906836,1.7686373708093275
-0.716777739,-0.550382232,0.22043716553651294,-2.080201672
-2.490296004,-1.166642273,0.049801871,-3.156606275
2.0501631489979997,0.695937144,-1.426893958,4.33359305
0.9662004863851608,0.1847847174111545,-1.199169061,4.105700754180586
-0.153168354,0.9008474175323828,1.1853183594433248,-1.096028799
-0.284055471,-1.120807613,1.2881500607746765,-0.883962211
-0.355475154,0.7287051579205274,1.3755209290848993,-1.393157244
0.7273445713354515,0.7969670544795905,-0.777196721,2.737501229409952
-2.492034766,-0.722485798,0.8360212170599083,-3.584309198
-1.074340869,-0.283496455,-1.210616585,-1.27612631
1.6077868482632642,0.24281130107906343,0.6496616236500804,2.5785967342589062
1.4515069613188274,0.5711998961431103,0.6735670066325474,2.2613935642994587
-2.663543359,-0.010788976,-1.334542642,-2.049513146
-1.507216475,-0.406704171,-0.860596229,-2.501128612
0.7467726566325218,1.4163195935836377,0.053688544,2.127275612018089
-0.10775237,-0.735234543,-0.235518763,-0.889396729
0.11410786492220104,-0.537178543,0.30896010270487645,-0.439891017
2.9178710739407974,1.7951978526963872,-0.178254335,10.109805571934459
-0.13157003,-0.392541818,1.5772253747927008,-0.551159947
1.0578722726989696,-0.092077203,0.396270537,1.9086451131830584
1.4964117224284945,1.2325174353374069,0.7516524963136821,2.795564519958374
0.1418729,0.9995412007946743,-2.164566798,1.5920359142324236
-0.710456168,0.31520097279604176,0.40049919239698983,0.1830226205452079
-1.653525602,-0.08531248,-0.845143638,-1.511837505
-0.53627425,0.21715022535030606,-0.645696823,-1.815716328
1.4832439329576994,0.26164541599222063,0.21374328276040613,2.861194037853395
0.5648893126842328,1.464902922592082,-1.551788209,2.999574358636343
0.025510499,0.8027992735145717,-0.16886525,0.8082233768091551
-0.38062652,-0.344215511,-2.500093184,0.053658375034808636
-0.436028941,-1.437448955,-0.802122467,-2.460837776
-1.598310333,-1.760026945,1.4204028892717837,-3.998233842
1.9924030456851436,0.7545114570004836,0.27728278448323057,4.251853105879937
-1.067567805,-0.039262217,1.1185233313451333,-0.36371226
-0.526152071,-0.375476527,1.5742238817498773,0.8771455655403337
1.7624751482274625,0.7292404942789307,-0.635204924,4.817047884056475
-1.530204063,-0.039803439,0.2019270208937916,-1.682792621
1.0926189602386995,-0.074426518,-0.321067894,1.2805187474673447
-1.600718642,-1.846740638,1.2342195901266289,-3.821167417
0.6557392979129677,0.9230838152949998,1.7664608245416826,-0.042138042
0.003136686,0.017872789,-0.10066233,-2.163499698
2.1491059383956435,0.5522981546688336,0.26852714656558135,3.0877697549466987
0.767200656,1.8231399787961213,-0.069290973,4.376697306341016
0.1907835776091642,0.5016484394963321,-0.152822295,-0.02331397
1.6278152641341859,0.7616760788869072,-2.181652124,5.932000993706141
0.3605662664634366,1.3644648126723833,0.7908342220817149,0.836677509
0.5399582351702465,0.6922814456075944,2.0880889119904404,1.2994157826654824
0.4010374486952481,0.6125594370963111,1.4388306019679875,0.8853299469592333
0.2016470713186857,0.12141556346625346,-2.13902142,2.2445271052374816
2.208821327069302,1.5128233053632236,1.7623011485102775,6.6370056031348685
1.4345227553296955,1.4310566765928272,0.7927187540136862,3.167796212771676
1.2140518727546412,1.1771194516008623,0.4453140517598136,3.198280100602071
-0.312322981,0.023265664475650233,0.9274407484492813,0.24716687584788977
-1.843264968,-1.337543512,0.06380708,-2.535546677
0.7953914694537749,1.3548463754974591,-0.291170744,4.137869420079067
1.096993881387801,1.2948321364635256,-1.018074857,4.03209066
0.8078248064095441,0.4419899779353621,0.096891043,2.3649248849568747
-0.133080255,-0.32264405,0.4975176025276995,-0.161472019
-0.780115528,0.2970232514639485,0.1728383400222189,-1.189823164
0.929526629,0.075306027,1.1192188866538413,0.20067236569960722
-1.512707723,1.0007906589335847,-1.444270154,0.37744795621946914
-2.599481515,0.045245076,-0.072193403,-1.812951773
2.979837488758526,2.491011329999975,0.6774478652106104,11.261526200303704
0.4170545734186668,1.5751354236291206,-1.903524685,5.322543687247879
0.004538866,0.4169221558338634,0.2121490667194832,-0.444197269
-1.302366772,-0.920846708,0.3756962625283698,-2.630870921
0.24740109442510208,0.38227937700600406,0.40934275898196354,-0.597584169
-1.399899588,-1.163530667,0.6117244398992095,-2.872467175
0.6815430782774159,-0.399978052,-0.028222736,0.7409487197375595
0.23121728741156855,-0.321532348,-1.342619387,2.097534334831378
4.657803417351177,1.6155075320704886,-0.152442619,14.416384433116914
-1.683014192,0.038436271,0.27481439933174145,-1.205815037
-0.024136432,0.7160311860254545,-0.206880819,1.2893013956011343
-1.309045283,-1.680549296,0.27102395966942044,-2.853461234
-0.474044422,-1.521074121,-0.934945366,-2.101010601
0.08750402,0.28426195048589314,-0.117240488,0.6039876019278521
-0.567843311,-1.34541966,-0.485179649,-1.651714064
-1.980294329,-0.548526995,0.8636403413493642,-3.85324551
-0.920020397,-0.923957304,-0.17201623,-2.117351701
0.9686942539513334,-0.21924488,-0.482196574,0.5810581550107669
-1.510062247,-1.273948817,1.0549520910243075,-2.707490478
-0.192866899,-0.640807039,1.5136170673562135,-2.541262962
1.2031618249408158,-0.468197412,-1.156213842,1.6052766035198347
-0.83090528,0.2100434887769874,-0.61512146,0.6114030357965565
0.5329854757375682,-0.320487458,0.337177894,-0.331077599
0.9340094591007906,0.43386185220832546,-0.60267294,0.3828448197994847
-1.722368058,-1.569444693,1.7926112078083485,-2.133180881
0.3269548976389499,0.22259091606651846,-0.414907924,-0.639944411
-0.511857231,0.008442403,-0.742662835,-0.141369836
-0.208544622,0.6843326980249607,0.4322513047498419,-0.448761236
-2.301078771,-1.289549126,-0.247272586,-1.94049432
-0.862016577,-0.225743905,-0.541263615,-1.323385889
0.018935580945966035,-0.505377081,-0.687473384,1.106644087712605
-0.274257719,-1.028728853,-0.878556617,-0.819441769
1.5438501123052306,0.05291605,1.0288560484852303,0.17847538477525848
-0.95074865,0.3449217345565538,0.5853635466120878,-2.569019317
0.6199812989532342,0.522752802,-1.642907632,3.404871884706878
-0.751381347,-0.04600078,0.826078177,-1.105237458
0.37903465064724573,1.186013066542203,1.0121268399602448,2.4724534531551354
0.3906113593528151,-0.349658301,0.00728692,-0.565272884
-0.929541049,-1.26441553,0.530215043,-1.919906912
-0.830808127,-1.657072257,-1.375736403,-1.459026588
-0.026799438,1.2673106263648781,1.4395598511047516,-0.224684121
0.6311178401793057,-0.288167978,-1.793739448,2.3064143202345875
1.3272200986468192,-0.313527913,0.32318978824302413,-0.012187406
0.18601790541105045,-0.795710362,1.2516503423094103,0.644689804
0.6321489838704364,1.7936832689590985,-0.777979932,5.503174553083885
0.7953099723293033,0.5793054671550221,-2.166198821,2.5388520234726006
-1.518487525,-0.980920128,-0.762446799,-2.314295571
-1.133703303,0.094030004,0.012980820115597695,-1.520860085
0.5181412999164356,1.846356815663725,0.5287097518642508,2.6634503695775265
0.8175889164908081,-0.254977472,0.49932656803811265,-0.672856147
-0.022254621,-0.362477528,-3.451429632,3.725767407373553
2.088905118820176,1.0355668527874327,0.076432197,6.562112665451358
-1.23887089,-1.405781101,0.6464001772579331,-3.029300623
-0.097947726,-1.073015736,0.44016309435849726,-2.149275619
-1.311448167,0.894115499,-0.243822495,-1.552131494
0.33492538165092045,1.1796914571615167,0.2801196155039685,1.792834123992395
-0.470270572,-0.358387352,-0.375027554,1.5170161262217137
-1.705326115,-0.036719934,-0.428236565,-3.012912245
3.016591490437178,0.2471880702374175,0.4428701113582391,4.357545349801807
-0.022800508,0.794080847,0.3403133142755611,1.7380535512800435
-0.384860395,-0.0075787,-1.366163781,-0.527092775
-2.325354679,0.09386083,-1.376849527,-1.830912387
-1.693417532,-0.83376888,0.6801900196973372,-2.070572347
1.1072358712528407,0.8698350895324845,-1.066893419,2.5360635156370144
1.5547740590429253,0.4200672306843442,1.8628060500422223,1.7173317049187775
0.23382003158197984,-0.681992823,0.1785645090585343,0.21095619815370437
0.5383457158174594,0.7080177428788632,-1.523549187,1.7628582824609795
-3.095232921,-2.309662911,0.8096078449023721,-3.349738063
0.011663964832672957,0.9012097826954858,2.1757207788221553,-0.5274417
1.9736344324790207,1.2451494449468776,-1.209507236,6.424650085245037
3.8192119172240453,1.6205536615545215,-0.760904266,12.288032609877803
2.2959091891705676,-0.598638991,-1.497221735,4.090036107606826
-2.714720349,-2.015855064,0.7853416697072155,-2.728357006
0.5955720702031464,0.3443603658512763,0.096641925,1.2473442367716265
-1.155673368,-1.416580826,-0.035453638,-3.331409695
0.49540444366853764,0.16528516828097015,1.5621443741836272,0.1459272806850795
0.8773615066807423,0.9110571668932131,-0.281641125,2.946690131693589
-0.087500433,-0.088469131,1.789774897843791,0.9816948255427398
0.25702122058554666,0.28644243829337607,-0.616910244,1.952792267731775
1.8094089845280288,1.3800549944040648,-0.289380236,4.2516126974580555
-1.130408776,-0.060697994,-0.736541663,-2.21981554
2.5041504765608025,1.0556935107225127,0.35543842219114113,5.833078954573113
2.096170470653286,0.17502480589497782,0.05211981,2.0166974316804556
0.2819412789893949,0.5987230956076787,-0.326854545,2.004350363312248
-0.795850025,0.21886344486106435,0.7629378899699647,-0.810029168
0.13603632073678273,1.312401708554201,-0.66353061,2.0179720333689373
0.4724515630116325,-0.547981597,1.0745462906372734,-0.8126395
0.7018227771328984,1.018202401129439,0.038806768,3.9707463648481442
-0.156195679,-0.436778444,-0.587575536,0.11702712082984362
0.6901417572027557,-0.128410064,-0.013764584,1.4471436179317703
0.9494748215706743,-0.239615434,-0.727223124,2.589092965492835
-0.903203161,-0.005411189,0.9231639670318669,-1.94314373
-1.514500439,-0.739190052,2.035915762478293,-3.404033821
2.0898682038508953,-0.085067988,-1.261079672,4.313732370444402
0.071891913,-0.08836034,0.1804049523930779,-0.779095314
0.5326752133148952,0.7727334997317332,-0.952788841,3.371049265025974
-0.135796451,0.4071144045469119,0.8828657826936506,-1.787601843
1.5417274024713423,0.2962950069392001,1.0261081057141586,0.6249689597875112
-0.534309502,-1.491227609,1.5288298106697413,-2.755540452
-0.247889889,-0.542364915,-1.195242624,-0.419183605
-0.48525178,-0.177317895,-0.228367969,-0.222487004
-0.631039617,0.597566575,1.6443494094716875,-1.20341247
1.8586809032730194,0.073353285,0.2962467910463869,4.063466033209862
-0.083490948,0.2731554895002504,-1.697633399,1.6151332533471217
0.4393863553273748,-0.162086133,1.0262786119635832,0.9014023991916462
-0.348012486,-1.190718035,1.4890485763004544,-1.764935736
1.6885145575587306,0.2304517792122956,0.5407190451332076,3.0860995879622113
1.5446472862950507,1.443173224069081,-0.736190916,3.9062356109554406
-1.658102815,-0.89701778,0.059652857,-3.383299102
-0.173363379,-0.042439831,0.058636658,0.3456009338372281
-0.014781281,-0.198322292,-0.524449544,-2.058408203
-0.560095785,-0.17020427,0.6543077774520648,-0.180284953
-1.064401721,-0.259173533,1.4353107844257424,-1.801358696
-0.17049804,0.002954626,-0.541009605,-0.982833898
-1.051564293,-1.125401637,0.015031750168133885,-3.439400868
-0.755920946,0.080033731,-0.846619077,-1.049927296
0.3651456056476401,-0.481325675,1.4226579675057214,-1.17895924
0.2809622690960395,-0.544905468,-0.003003114,-0.150749713
-1.022622183,-0.868195761,0.8540573858401592,-3.471727327
-1.145033061,-0.020014444,-1.041213685,-1.802513944
2.0519989104889595,0.4479636052971345,-1.651428464,7.435076465826668
1.6744882371286895,1.340487257743719,-0.012370429,5.837427992776004
-0.406952156,0.4804897105232139,0.30397943165313507,-1.929866867
-1.269196833,-0.733809087,0.1423300671675905,-2.877336472
4.149220766660536,2.2954658298063295,2.08737796,10.677841712403872
1.4145866395925224,1.768195249882295,0.024155611005114166,6.5644083538871385
-1.646137957,-0.194802262,-0.591365295,-2.460677801
-1.695182063,-0.23810278,0.924543607,-4.16088335
0.51977624,0.4582531549857065,-0.255481482,1.0004789835460226
-0.53556907,-0.760730224,0.3781017410560961,-2.20326033
2.856459539396963,2.113478854643682,-0.06981921,8.364153850056757
0.2111239250540773,0.9346769569382316,1.516840456632646,1.6008509263064103
-0.874054689,-0.685584626,-1.594676904,-0.985584162
0.996639961,0.13933085897536576,0.1435452216553751,2.216632431875112
-0.086005867,-0.147053451,2.0407381898171355,-1.390236749
0.8854430411749502,-0.166892796,1.9585734049312375,-1.041616848
-0.644838761,-0.260360343,-0.557884187,-0.380155863
-2.267439731,-2.462640802,0.5148988561324133,-4.073464422
-0.927885656,0.080534398,0.5449531997753709,-1.490447449
0.9830240120453287,0.288420172,2.8626658064441313,1.2752298774582267
0.9621782233302166,0.5624817247288714,-1.172754256,2.393723533436445
0.22890313856871758,0.25312311953971506,-0.664858788,1.165626878176733
-1.856851196,0.074848394,1.6006444573739367,-3.42047967
-0.977737339,-0.23790746,1.0945571493795212,-2.030343232
1.946367693655572,-0.018300997,-0.935571716,2.9144036032641942
0.076892847,-0.126541032,-0.451679642,0.22685402492040163
-0.947574637,-0.738577855,-0.430343305,-0.707287958
-1.377686138,0.22653591738757511,-1.188306473,2.532552198393369
0.1269304484815652,1.1318648123070512,-0.548660423,1.2091396924086908
1.6156524525813194,0.38158922459995503,-0.336140247,1.3580815573847216
0.8719484620029674,0.9884751210841711,0.15338797201478435,3.103497086068102
2.0079376682832613,2.1193228965029545,-0.462614799,5.951802225999296
0.20271377669336968,0.4313054874351866,-1.176417915,1.2405899883197997
-1.197228098,-0.002323902,0.3877002696599096,-1.694180968
0.8182586178542447,0.5971789809674518,0.7496558816392916,1.8492848843625014
-0.41075163,-1.058250712,0.13843939562331975,-2.673909582
-0.665413125,0.6134265020150445,0.6126912206609467,-1.558676513
-1.132010671,-0.371638129,-0.656393085,-2.042131444
-0.469272968,-0.607660907,0.076142838,-1.745881578
-1.506321659,-1.255006231,1.2810558970475932,-1.123323661
-1.847817646,-0.015150092,-0.811799393,-0.971410319
1.4349448923850177,-0.374462172,1.5311615587448641,1.0733997405655227
0.41195878180056855,-0.170629552,1.6072890289438542,-0.008035301
0.038853448,0.5848131626399922,-0.776442095,0.11008235263731514
0.7583953386040614,-0.305181509,0.8668692989671634,-0.698984182
2.368698279890061,1.3013322414188007,0.7165617667941271,7.531457954046745
-2.435661682,-1.245555486,-0.452867595,-2.285889597
1.1614926411301578,0.6058533599165142,-0.550194787,2.5453611974950436
-1.86360647,-0.083178878,0.23854466713496797,-4.053995842
0.15676674430067886,0.2960709941033113,-0.415831942,-1.112643297
0.34345709871440894,0.5908737637949028,1.066860577899543,1.2895992439559154
-0.861578835,0.721419016,-0.756553866,-1.253937175
0.6549997799744465,0.7826419744228361,0.970514101,1.1943032964289428
0.6582136098983753,1.8013038018292766,1.164417847565992,4.731357423228136
2.024162761602284,1.517697055207454,0.11372368269923348,7.303795649799875
-2.330820588,-1.793019572,-0.866135086,-4.349577245
1.0557440751266896,0.046086792,0.8754289624530782,1.8948172588631023
0.8649443046001893,0.14118466388784537,1.2328421247623698,-0.960421031
-0.089856058,-0.451353947,-0.81487657,0.49637977
-1.431094464,0.3823213277635532,-0.699661568,-0.62570111
-1.196848283,-0.710570751,-0.361001029,-2.717008855
0.10398718000518684,-0.035074656,-1.223623273,3.236984959842075
0.052670547500300646,1.1677476263950883,-0.386418784,2.4153379673407045
0.4388174152690535,1.236861682033053,0.3332150909490149,2.1115507457375187
-2.095788796,-1.272548876,0.11393814457927184,-3.606302959
0.5923751610941275,1.001382415959394,1.180991079543789,0.6981901622592913
2.2014844525023527,1.4441301830745117,-1.481624578,7.582913897125528
2.0855859084612423,-0.336896764,1.0252197210415608,2.244765963050644
-0.732491117,-0.095750289,0.014374182703423983,-0.725510698
2.167435295361639,0.049566915961770645,-1.367944728,3.610428827664613
-1.003791326,0.32328663956822623,0.5745340282759328,-1.177567485
-2.13445083,-0.880052033,0.9213526283497991,-3.415916234
1.0964813035311276,0.6147186220792469,0.5965881506121682,2.7950978657353516
-0.446125882,-0.145687662,-1.325805662,-0.692783672
-3.126478252,-0.645837365,-1.151438864,-2.90889273
-0.033055414,0.068950752,1.7857583985165193,-0.36989735
3.116216928220628,2.506908353243093,0.8349998766549577,10.414209405265435
0.24648166230846769,0.7700972042187509,-0.459076728,-0.142129532
-0.236975392,0.13793940568587415,-0.037163105,-2.121101269
-0.025498701,-0.286615414,1.4183440552025728,-0.376632633
-1.929375559,-2.40336968,-0.949781281,-2.86947018
-1.818890487,-1.284276727,-0.387621041,-1.060718169
-0.730957115,-0.763086861,-0.169202959,-0.35944634
0.11612242480735835,0.40118342407398233,-0.942697819,-0.213251956
-0.871016089,0.028866993048516428,1.6319055616578566,-3.163272585
-0.20303807,-0.001579736,0.930708201,-0.773908412
2.345440668695701,1.4614704932539728,0.5123819994192862,7.463058231488027
0.7698274495894614,0.4370174658523246,0.3281751699475321,0.7551549418249631
-1.091589136,-0.33265282,0.093930472,-0.910710478
-0.186293343,-0.226392875,0.37894423785641934,-1.9896383
-1.082971226,-1.495041619,1.807264680014702,-3.106027445
0.6207686256832927,-0.26110851,-1.641429708,1.3811131263174177
-1.71123909,-0.51843655,0.09210796,-1.425989785
-0.897653133,0.3844028180799483,1.069204121500426,-2.02320819
-1.042785879,-1.87867538,-0.913642788,-0.973395404
1.1651686762095044,0.49184356203702356,0.755419722,1.8534742962681725
0.030501694,-0.082263224,-1.458107567,0.37204124033577346
1.0934444413972173,1.001929168548654,-1.142911633,3.6304271752936583
0.6993853507772693,-0.112352341,-0.13445162,1.378075643429395
0.7642561727118754,-0.426064262,-1.773069213,1.711841561011783
1.822222129,1.4962357077061763,0.645349308,5.906010204802337
-0.900978165,-1.40866096,-1.209902389,-2.051750706
-0.478839524,-0.362318218,-0.386492726,-1.28687277
-3.10281616,-1.915257472,1.3808337263371449,-4.954506801
-0.50820094,-0.755412629,0.16654227703622182,1.031842798067679
-3.07142606,-2.171873012,0.075861797,-2.236567948
-0.350593469,0.9311628838611447,0.8488135753774644,1.8797141377453452
-0.183932743,-1.205832771,0.656627123,-3.458881588
0.8010015686062066,0.6204050552041501,-0.026306513,3.6106764946507064
0.7175620401575034,-0.086367327,0.7404734195618855,2.089461549456794
2.1526066642050727,2.1385862378439873,-2.142894433,8.309808548042403
2.6949120565063844,1.1565248648856175,-0.689943612,7.039458112545285
1.8528795816006371,1.8823781359320697,-0.669213902,5.038657199
-1.118114898,-0.22785399,-0.514146106,-0.213940932
-0.67616194,-1.27100609,-1.193053434,-1.060569022
1.7411452447661222,1.587605541721961,-0.546902423,5.225031402259048
-0.175048519,0.045565963681648176,-0.967753253,-0.566933967
2.1805156696371757,0.6863683706835166,1.6400295689458781,3.848335953652256
1.287691306934597,0.5673012247631408,1.0316145504771643,1.346186523638618
0.9863093179039933,1.3120373233185607,0.3886722527688067,3.7028107880934438
0.133745548,0.3937762675235317,-0.867601143,1.3733124836810782
2.0626321943606776,1.4427514658392793,-1.13860453,6.0521089524450495
1.4741192254001971,0.7180553625680134,-1.306060458,3.052849532889935
-1.389477295,-1.150693365,-1.255479378,-0.758852905
-1.36732748,-1.822617466,0.30111648232086624,-3.123280279
-3.671124002,-2.118473046,-0.791587487,-3.485792976
0.5659897891171946,-0.708768117,0.12932187941707063,-0.072885758
1.0329074830202547,-0.772546319,-0.005594649,-0.052859286
0.37414433379553724,-1.989503563,-0.263428949,-1.138846221
-0.93692937,-0.270956648,-0.308948402,0.228904543
-3.519280344,-2.145224736,-0.439503581,-2.465277345
0.770000781,0.34030506013932754,-0.763074784,2.5537236349918464
-0.575687237,0.37096704714191814,-1.906899013,0.6232269092019425
-0.246384437,0.014981490656761466,-0.719053421,-0.409729628
-0.108827661,0.7091935991294561,-0.55144588,0.38467431986917333
-0.714848283,1.0773476070403818,0.670593448,-0.274555155
0.018432652968238372,0.957916418,-0.775942472,1.709143368470325
-2.319173904,-0.018706705,1.8840955148439085,-4.403931235
0.16697088967006923,-0.050499374,0.29668203155670464,0.6752847202640648
0.17496947193672455,-0.23790501,0.9554174337083268,0.46661876936522884
0.27889566609417715,0.9331151407487527,1.0915012350433515,1.8536473398880586
-0.507748238,0.063470349,0.8341609852059472,-0.267161239
-2.342489102,-1.847802802,0.096847676,-3.604453764
2.1146268281440386,1.8610039940270908,0.17639491576573457,7.405712221212074
1.8149519312706732,-0.227064485,0.3486909473604181,1.6735586537763798
-0.390816047,-0.310752588,-1.439545214,1.024627637102289
-0.698978274,-0.273684994,-1.179692699,0.11781190385716855
-1.114418159,-1.517198919,-1.023339571,-1.893370038
2.8820312145699405,2.442322906322847,-2.049876965,12.920194189885862
-1.268667019,0.8690352752148177,0.6493997337496262,-1.221166008
1.098180106353424,0.44300440500414895,0.5243982324695832,2.4299183966812263
-0.487414746,-0.208496772,0.3618308618500388,0.1101668452503135
-1.684654424,-2.069029716,-1.918703255,-1.74453822
-0.402712129,-0.515385695,0.027970397,-0.649780963
0.5112867928380853,-0.401053804,0.3251378007214566,-0.333830998
-1.292692622,-0.904053419,0.13893672234896917,-2.831668814
-1.24983983,-1.253311066,2.1413041745614274,-3.417990597
-2.136117707,-0.70321069,0.045100997,-4.024058967
0.4154848119629341,0.42563778512517125,-0.190360635,1.863104531341472
-1.204885775,1.3438654566766954,0.9128094970101732,-1.802888013
-0.619784924,-0.147934775,0.048588200684614814,-0.4453955
0.8078139414216898,1.1387358507875558,-1.591241636,3.5153824444446373
-0.114512517,-0.602052621,-0.242435295,-0.867990363
-0.462320599,0.033934108293208115,-0.360995615,-0.050783327
1.3952421722299597,0.4689984734894274,-1.049557976,3.7468037059586337
0.9054656273738405,0.9087649669682624,0.14121063350658405,3.840920632426454
0.9368613600242433,0.6465718633683729,1.9140177273382797,2.219298728888205
-0.117481246,-0.562478763,-0.324674488,-0.694232316
0.3306193310659801,-0.071698478,-0.561633104,0.7419177122379835
-1.338497355,-1.091955009,-0.18692312,-0.998856638
2.0058193449225747,1.151774623970308,2.0964328380379693,3.562108990954726
1.5803470947218692,-0.325608735,-0.351116066,0.9546078204749748
-1.807575711,-0.866409871,-1.670114619,-1.75648962
-2.169262281,-1.723076405,1.1661296189346142,-3.022170104
0.43396621108795586,0.33783526000868325,-1.242645879,1.5939280990745037
-0.994885911,-0.057438301,0.22587525667608116,-3.109600777
1.370759323413345,1.1206974726606564,0.5191044566980443,4.346026856
4.390374296656295,1.6999799887574674,-1.020030376,12.538353053898959
-1.831436883,-1.591917056,0.055320726,-2.28422757
1.219380342325826,1.262851482536658,0.7036469484784802,3.389145904284281
0.9337227033659836,0.878113467,-0.425502125,3.455868665992872
0.4790314499775633,0.8127387189962886,0.061021927,1.6538869372502332
1.859052303639746,-0.810819074,0.8749908357700602,0.6528423749204502
1.4960251595440517,0.5268329830116645,-0.813687455,4.407456304743331
-2.049737649,-1.889992538,-0.879195432,-2.923277377
-0.246056719,0.1810339886737898,0.3164885485106118,-0.78612523
-1.272332289,-1.224882174,1.5867036505182173,-2.789162143
3.544381102045549,1.7979843266970732,-0.490539262,11.37369830931771
-1.224445266,-1.447422536,0.275303618,-2.528153786
-0.528638068,-1.040426967,-0.350558728,-1.046207645
2.982964296,1.7167136892608053,-0.632052651,10.33166230907801
0.4541336062748105,-0.356206664,0.46296969300898444,-1.150899259
0.5855098025326109,0.18322404356070054,-1.64869548,2.163502286406339
-0.341782781,-0.326970904,2.2388158865766807,-3.005573414
-0.147149723,-0.106389806,0.153441183,-0.05254424
-0.048072581,-0.582098456,0.5302958044734004,-1.428736337
-0.487676229,0.1357938601881898,0.7828514073540969,-1.072503706
0.24667447418651833,0.22310395760608281,-0.479976358,1.1195766454427847
2.543641871,0.7668189336881639,0.5293396404866675,3.3695975758904595
1.305089104802268,0.6686367503091873,-0.55686231,2.910604748148485
0.28371028944908105,-0.312765492,-1.426364647,1.218476252381358
0.4750845451080604,-0.251922473,0.10748079916687192,0.4411524801597141
0.2879427416346074,-0.606316176,0.18572428869631213,-1.670103669
-2.27792795,-2.499134678,0.9768573864021091,-2.90369925
0.7510322599339762,1.6134928214520818,-1.510882596,3.3475086146292323
-2.569542348,-1.266900593,-1.038548789,-2.305238223
0.5742278916778196,0.8650340266245259,1.0458919700792004,1.7560006433380082
-2.309241065,-2.047202324,-0.012651979,-4.220180878
-1.839225371,-1.102040516,0.7987615634801132,-2.468059215
2.4695670408467794,1.398922590289991,-1.258518849,8.369094769199835
-0.402936988,-0.654473951,1.2396220936548838,-3.206713122
0.8569579440112651,0.1595333092758056,0.8715911353110952,0.9708028828404421
-1.91228578,-2.357916583,-0.785774071,-1.379930253
0.5017129732451602,0.4469137473421787,1.483619126490294,1.2471153951573517
0.6523056573716461,-1.255484012,-0.100400618,-1.089859879
0.6903823205737418,0.24211018927160627,0.061459105,2.362252501161811
0.45769138788649205,0.1643327670589667,-1.455606849,0.37522547770681225
-4.531669962,-2.724192361,0.23893598381013542,-2.66736348
-1.49436699,-0.430365064,-1.235093305,-2.394450326
-0.574588031,-0.035631748,-1.205431907,0.1470415750533656
-0.813058618,-0.970508585,0.1316915730486712,-3.424833524
-2.76472858,-1.611043719,0.8809831621260629,-4.786254905
-1.464974426,-1.5396353,0.23364943030128812,-2.846469486
0.5387442835130902,0.088616209,-0.58081633,1.6075968083215648
-0.582690853,0.9182987881753863,-2.041139431,1.1931609216308205
0.3792892186915642,-1.017919942,0.9738832673168807,-2.524177475
-1.140213845,0.3281235458523244,-0.615109102,-2.016749635
-0.267345743,0.6149966575397758,0.40316953951093815,1.0379704546808812
-0.601088273,-1.029218816,1.720547266328687,-3.112632647
1.4492196947347793,0.3653340825777024,1.7412544792705504,1.9900052430996689
-1.115013461,-0.490034568,1.099594373751747,-3.540757771
-1.974934419,-1.665578494,-1.280067743,-2.556565585
0.06430594,-0.248691416,0.8947208341000022,-0.466343109
0.43341026687463335,1.6169998876258498,-1.102156258,2.727372327079357
0.11687306909119628,0.10944813833962978,0.006154974,-0.806915582
-4.132801142,-2.130145363,-1.132536664,-2.145304227
-2.454156067,-1.234838008,-0.692012096,-4.104237938
-0.443708338,-0.178276112,0.9027063722054794,-1.186786321
-0.23390481,0.048132153,0.5167563116067708,-0.782834882
-1.614003212,-1.235936346,1.1825650477360234,-2.897806466
1.291611741964164,1.0076708939698547,0.6924788902050218,1.4752797870639762
-0.956581907,-0.172007527,0.59805922,-2.017882924
-0.025325606,0.9535947132085939,-1.751941283,1.8059049294312848
1.1402051337708647,-0.016570237,0.1437697186123985,1.5806378229141482
0.20463634773685857,0.9664668899494484,0.5489890170496764,1.0396368382384007
-0.64330901,-0.44716424,-0.828975099,-0.370925357
0.3849938022402066,0.3659886492726366,0.5678970185146217,1.8665537242105592
-0.615217375,-1.513892452,1.264551832748737,-4.70495378
-3.406544039,-2.625213369,0.019940360317078836,-4.606688549
1.247697183395607,0.17784276123590206,1.2486370595008232,0.13179390564150295
-0.342772117,-0.511877708,0.5676198690068565,-1.712243994
-0.481141254,0.2010860217559761,0.4949499134158159,0.26477232830438846
2.1826830019841283,0.9843138440941271,-0.376428857,5.189113496109569
0.9059009463442272,1.1042905709977793,2.189501703396781,3.4517639095474273
1.0770541462170127,1.2044463924572042,0.9411144375775932,4.005265724103145
-1.168189452,-1.662937324,0.8985561604244022,-5.046777595
1.585295250667214,1.4638450171165434,0.15914733410707788,4.715080202
-0.643199095,-0.561692707,-0.614927257,-2.503648387
-0.890465612,0.7414757850232103,-0.342197383,-0.053953712
-0.19560687,0.6051946387183167,-2.483748318,2.844774678626012
-4.130628064,-1.888628572,0.34441997117122936,-4.86700135
-1.051765518,-0.507974889,-2.357133255,-0.79012988
-1.734260288,-1.156467332,-1.749441192,-1.199384809
-2.691908658,-0.598509877,1.4604866986124334,-3.613106029
1.3023253887236645,0.7897422508441749,-0.535964208,2.935900693598746
1.9475763402589106,1.052775278949247,0.6128229849877062,4.4332712955982485
0.8717979084701561,0.015450216749563228,-0.038311922,1.9397079760177136
-0.359748341,0.4245909527899216,0.12890670225356407,1.2321948056172403
1.2889198437932934,-0.436009765,0.4852216212376917,-0.129760222
-1.263930137,-0.82216054,-0.472176052,-2.458510065
-1.878537241,-1.0656389,-0.647055691,-1.261117533
-0.188818556,-0.762245126,-0.534946404,0.7515453312575151
-1.115611635,-0.329850598,-0.207883509,-2.112980691
2.0393184399338096,1.7603484419020967,0.6185255720770595,6.155999325062388
-0.125483191,-0.670709023,0.1973044344425431,-0.327536387
-0.636236617,-0.160296017,1.8969288078747553,-2.724899626
-0.889269025,-0.716400614,-0.331606516,-3.556580158
-0.447959514,0.069697227,-0.485368418,-0.479564286
-0.940698817,-0.416241651,0.7849134588091825,-0.52705703
1.1471204532882773,1.2610284146150448,-0.337058516,4.193849946
-0.937010897,-2.420128254,-0.463500678,-2.765801012
-1.067982204,-0.217605186,1.3354779748262224,-1.716408595
0.37487289396027756,1.263308686,-1.828738674,1.9727360480260576
0.12901435005454237,-0.465047381,0.857850533,0.8357468008722304
-0.366080829,-0.974840794,1.9720088638179814,-3.190718777
-1.492768785,-1.141860524,0.5320823831802249,-3.710691276
-2.380485298,-0.518264657,-0.220644642,-3.770914727
-1.075189742,-1.240378778,0.2644060707136509,-1.569912963
-0.174241322,-0.500151052,0.44989255056481897,-1.434631631
0.5912421938635148,0.7548561673875134,-0.232906344,1.6380122648744921
-0.940554148,-0.505071142,-1.359077333,-0.568437321
0.22176851048268043,-0.59413754,-0.804809395,0.18275426551357235
0.1676284608439851,0.006450855,-1.44639182,-0.548687838
-1.541705758,-0.892422718,-0.484757866,-3.40817453
-0.395252045,-0.867147303,0.6301695756995563,-2.001260716
-0.632747325,0.39574820439341757,0.5139996409155448,-0.941953464
0.5015225712069962,0.015430345906407168,0.019452186932321612,1.06682822
-1.444219473,-0.910465385,0.496390784,-2.10500624
2.4407072123212465,1.7111727395094876,1.3311240598238268,7.352946280394634
-0.21802995,0.11151744114412966,1.6843450457955222,-1.788790912
0.30129698502147806,0.16618965774342445,-0.424902858,-1.159151379
0.15455074760103213,0.3279089645324835,0.011833115,1.6066417589208706
-3.197296582,-1.510722806,-0.079459386,-3.510825959
-2.207795289,-1.226523114,0.7882426588919628,-3.576728152
0.2649665766534097,-0.676847684,-0.265645754,-0.887798621
-0.528081212,-0.781010968,-2.21360399,-0.085344881
-2.730304315,-1.233506282,1.2257806142919745,-4.984910736
1.8866694184259778,1.6883250811401702,-0.043754297,5.719645951274782
-1.016106739,0.26066949870884126,-0.93185542,-0.913242539
1.5667863282103844,0.6009098430244472,0.23832161005409724,4.831621153861033
-2.700602224,-0.625027979,1.2695804437893639,-5.194181628
-0.404336695,0.010234344964285531,0.33379584521405914,-1.651137592
-1.520209096,-0.958181795,-1.513146246,-2.157680862
-0.453139173,-1.500934019,-1.253034287,-2.713197043
-0.501566797,-0.764200011,0.0834292,-0.658902303
1.1651472001567618,8.508187281617062e-05,0.7733887894523335,1.3625640372264893
2.089548665089356,0.7038300550358471,-0.2857501,4.657469203386414
-0.033979077,0.48959427033327924,0.074419489,1.6906220869512174
0.6401791306818345,0.6953586719927255,-0.317212181,2.7651425105811636
0.49280002938528567,0.489465905,0.7120768986767405,-1.459823119
-1.959537216,-1.025919196,0.557742459,-2.955448205
-1.97189311,-1.216578221,-1.793736017,-2.507273602
2.2497645478152895,1.926151595482046,2.6744711118887508,7.334212012
-2.004697433,-1.969040125,1.9919644609374512,-3.800629329
2.510252761218377,0.8413158483411775,-0.476298414,6.273700523635805
-1.946879905,-0.402590906,-0.127478737,-1.963170616
-1.362473195,-0.470095887,1.2390459608677202,-2.88964129
0.46070834709074693,0.49250024440295703,0.632540564,0.46024582652005064
0.8553144033200265,1.727427492614409,-0.470345637,4.543934135171962
-0.829838903,0.18528521163944484,1.8815942270964896,-1.258009706
-2.471531763,-1.001498513,-0.606448874,-2.850509534
0.316011183,-0.906044419,-0.49527054,-0.184289775
0.5145387671924764,-0.394233029,1.503666699896176,0.3781469306250125
1.5075975362698857,1.4368030308507376,-0.11856302,5.241864988909785
0.19492586616257745,1.348812355385342,2.076528876298101,1.6403144830262746
-0.468850834,-1.704027154,0.32762758282957843,-2.877427977
-2.133654914,-1.899284959,1.676602706193995,-5.125588259
-0.825329525,-0.951448392,0.22044655298448432,-0.109532216
0.12099932471138819,-0.29932455,-2.256549253,1.0311510415752319
1.5793445536488449,1.186262940210287,-0.749180109,5.796377698004093
-1.288330337,-0.794103467,-1.060819197,-1.36333724
2.3096617560359065,2.215217809027685,-2.423120724,10.905419736625126
1.2244798704110427,1.0523423214974292,0.6786064465719903,3.5212125824483262
1.8823935755298629,0.488629733,-1.055180376,2.952390688602412
-2.102020421,-0.744042007,0.70742047,-4.165504103
0.4016957858673842,-1.509619871,-2.376213227,0.4195470687123884
-0.655353729,-1.774446795,0.25576738396610366,-1.666489315
0.3049189698958227,-0.556705269,-0.890391153,-0.145528728
0.21484595965108333,0.4728491716412281,-0.740518099,1.8256903718461246
-1.494332071,0.602282426,0.8914300362569524,-2.671488455
-0.702559957,-0.468437498,0.097413372,-2.093064495
-1.503073427,-1.600496439,-1.420957281,-0.027201679
1.777056086423049,0.36395351982350777,1.1219241681623886,0.6166410722936533
-4.807786113,-3.675430084,-0.046663796,-2.219835047
2.116621629347959,1.1087505001363311,-0.697768247,5.677042046871157
1.005483433,1.6575275087585652,0.287211192,2.5012773919028186
1.4565227321228527,0.5375469918871773,-0.20664701,2.127397879768137
-0.189786305,-0.114109448,-0.77597501,-0.61561876
-1.601900408,-1.25522486,1.2802222323228711,-4.080091398
-0.861680555,-1.905542137,0.20039330455807164,-1.439189216
1.4464075306741633,0.8390355216321679,-0.800219817,4.056499110513401
2.822980904341387,1.202008773,-0.165822383,7.785188491259399
1.2122337144725153,1.2225055206920048,-0.866196576,3.099660887310465
-1.489272801,-0.906586163,0.8884268267692007,-3.991403105
3.4308836841993497,2.2575318079269664,-1.246727916,12.675038723020469
-0.387282474,0.5749868279454771,0.253078806,-0.131657775
-0.858604619,-0.692775121,0.7536107144541682,-1.535214394
1.2019678561329015,0.9399121560042859,-1.235300969,5.683165884381858
-1.796738812,-0.916326167,0.3270920500217267,-3.550302977
1.3758855415905114,0.1759181484908653,0.3861265026336468,1.6967049249694084
-0.905279976,0.049330112739814067,-0.823168191,-2.133093696
0.6303122765322379,0.6466887308317455,-0.213142837,1.6584168020672514
1.3052481772194124,1.4651798900313873,0.27234017454081494,6.217942230391451
-1.205935521,-0.048478012,-1.456913827,-0.420612593
-0.28607306,0.039843701513095846,0.7238614009193227,0.12945818729317082
3.0256582182464817,-0.253754959,0.31227330622907395,0.8840073701453521
0.6877608251617224,1.4484198792164777,-0.878812982,4.841884132233119
0.5974563195906561,-0.010896601,-1.252293267,1.5779015311773577
1.0678691515289107,0.4361946410445042,-0.007452472,2.4210673293354152
1.3253717771756048,0.7585862482105927,-0.268218662,5.689121470000821
0.086550088,0.6303171361630601,0.5748797222325057,0.3025335876533981
-1.063203978,-1.568054298,1.221394191827948,-3.590890694
-1.507694923,-0.98328826,-0.532556324,-2.446841417
-2.234770951,-0.651136417,0.11113891694332545,-3.740023689
-0.445869632,0.3486849485595345,0.097990601,-1.218944774
-0.654716719,-0.941996947,-0.22206342,-2.414370111
1.196644803783403,1.3573623006074331,-0.182443659,6.739698004
0.06247666,0.541704552,0.8386133030317889,-0.159259812
0.4506103173461607,-0.076578753,-0.22760726,-0.280436182
-1.878735029,-0.430038135,0.5367851782567054,-2.473987598
-0.375556894,-0.202909419,-0.760926445,-0.528808484
0.090401116,-0.058979023,-0.364915181,-0.181089491
-1.949840455,-1.354473212,1.0169515635677755,-4.652049517
-1.793651338,-2.841824196,-1.427430908,-4.210607639
0.5747851181681761,-0.001164192,0.7102946649128558,0.9069451831553272
2.124332192314395,1.7878386374701665,-0.376420318,8.693438195528055
1.9879250859331745,0.25607730184850486,1.0999264469982954,2.8536714246018686
-0.858799169,-0.005710316,0.2846740447973436,-2.191716893
2.640963580743546,1.2570284053296763,-0.902370913,7.551354376219009
0.1950167825100545,0.6188488816824407,-1.082758959,0.4664890989110573
-0.886352768,-0.303239111,-0.08996184,-1.316644531
-0.138225409,-0.697032654,0.9470524490056473,-3.333723004
2.477391069074664,1.592363391962803,0.6856225,9.062104295119521
-1.429139927,-0.393890386,0.14387659569809552,-1.943418843
3.1231333572432325,1.2347292068218165,0.004862389,6.191933104196441
1.9631246323715965,0.28713991153355495,-0.275788231,5.052747653450597
-0.789231784,-1.491226667,-0.857549263,-0.266538082
-0.007196737,1.154039819991253,0.16991843028284656,2.0981446249937914
-0.502406967,0.5396452263042093,-0.196001666,-0.589518129
1.8733304928838812,1.2873424235932391,-1.210894872,3.634113643330283
0.6529823339191826,0.17074742252428318,-0.583027847,1.04657606
0.8098253531606993,0.798890822,0.8370521873746645,3.6749053929884283
-0.320448868,-0.362672443,0.072723553,-1.632222333
0.740720289,-1.086896346,0.39153601776140506,-1.735246649
-0.36934462,-0.38504542,-0.839426538,0.065317902
-2.017658641,-0.808021182,1.1660766828098204,-5.015250413
-0.674873743,-0.449477174,-0.479419058,-1.517291133
-0.703735244,1.1319644437794014,1.1853222451713592,-1.729409693
-2.940338849,-1.49593009,0.9667474264200062,-4.992563374
0.603760214,-0.318528626,0.094616996,2.0625445698485043
0.7388503195730844,-0.659449008,0.9999685258255185,0.19731911219011922
-0.255095874,-1.222323996,1.1086373527329754,-3.724237871
-0.565120502,-0.549869993,2.5456309100570467,-3.273331616
0.14912988340848443,0.8400032759943544,0.15907388657925808,-0.530351879
-1.460894335,0.7485017201903129,0.31008304443421875,-2.298261653
-1.282246177,0.33279325449258906,1.250631540290125,-1.907217037
0.6132017865910837,0.33472068202296934,-1.596896209,1.896551149832006
-0.555659399,-0.922089585,1.0458776493141975,-1.911913804
0.9635748801021667,1.0866427891708814,0.6567270028794548,2.9496332572979456
1.2450845572774822,-0.865998151,0.41250738374649326,0.1834823619503978
-0.765278309,-0.14622393,-0.513027649,0.13291052853355023
0.19521248593041535,-0.452267108,0.8492313895367635,-0.243489029
1.8710803177543287,1.4890607303734817,0.5179143182634832,6.563654814536985
0.32111990863098466,0.7397474855191758,0.19076474523704331,1.143103994509304
1.9940769416441904,0.4383839290224606,1.4098894164571583,1.7028891175338166
-0.807073576,-1.173291481,-0.086379042,-1.915706603
-3.695901178,-1.60586717,0.3226211473435844,-3.037806135
-2.36096093,-1.491507009,-1.701219324,-2.363121763
-1.225994425,-0.424868387,1.573540547852434,-4.270654218
0.503268811,0.31757920183490235,-0.411011302,0.022011269
3.1572200067612837,1.9348088760161952,-0.997309627,9.686747191595353
3.5569757402999733,3.0615983722687177,0.7719054262732695,12.841148206074948
-0.83422558,-1.162624639,1.5885783472909676,-4.748494857
1.9738469486969539,1.1478553065317898,-0.220916803,7.152125721929254
0.4474329481296119,-0.321020305,-0.21225821,0.30136382283218716
1.9251408105984678,2.447622754333303,0.8317893407712766,7.2713225706579925
1.167292589336734,0.22487491665381942,-0.188220025,2.3730351636906533
-4.054819797,-1.77716865,-0.324513149,-2.758069697
1.058430005977219,0.70220144,-2.236618437,5.496529206683766
0.5268962040647132,0.6131690811952916,-1.156172723,2.226640673733282
0.083596712,1.6249188891959883,0.027178062,1.7148587102406274
1.3787316674292858,-0.652640468,-0.601724876,0.7712889774556273
0.5667326844368443,1.0193864855463135,1.5454134273176459,1.7055222064035616
-1.150362712,0.5068313762070922,0.9396613779657566,-1.659136901
-2.767589263,-1.422937011,-1.350081134,-3.252321072
0.33101566914040254,-0.398768132,-0.06460295,-0.628378733
0.354613607,0.3210084477681786,-0.241289242,2.0261356400608816
0.38949114291867193,0.43737507704282297,-0.583054517,0.5551454223768004
0.8478178598271148,-0.92166553,-0.135853853,1.0302258470432144
0.1883522397845353,-0.537806796,0.28029166920375176,-1.496172452
1.6139271418070775,0.6410790433041834,-0.267802162,3.3908818783474715
0.3822509143818032,0.48409646795193007,0.038197717,1.4229734248890475
-0.141187674,-0.087002781,0.27231544354260684,0.130209049
-0.047658965,0.25996643219575205,1.3195039375266793,0.3741803436398943
0.45051681542932986,0.9731224309531715,-1.294374201,2.352852018507624
-0.153927803,0.7430665574408422,-0.801329286,1.2889706067847402
1.8259228477183684,0.6569471657911343,1.489768652011773,2.4707503671817235
0.6645426931968884,0.27877383096246694,-0.562931605,1.1970921369503582
-1.18824225,-0.886824586,1.4413371717264845,-3.519155672
0.23140643011817502,0.4796772127306106,0.8380858930390358,0.7652676603201851
0.098069326,0.14591502840682063,1.1112328489905945,0.1950675894696467
0.7332484101225887,0.6726725325233665,0.6391147466706792,0.9047386973362944
2.3615787274749374,3.0114970617258066,-0.310419522,11.450013183849851
-1.390708326,0.2054411874179668,2.4594024030519854,-2.481092516
-0.487202801,0.7322968029820752,-0.138341169,0.7533433610369571
1.4561008874613774,1.2766609049943312,-1.332309275,5.527445062871079
0.6819295929830931,-0.115082591,0.4799754080303188,0.7017828125122142
2.2377916529744795,1.9973036097607615,-0.473861176,6.744187684
-0.564094801,-0.938091543,0.20041911127519493,-2.133788694
-0.217288297,-1.245204169,-0.252491352,-2.544078686
-1.127750318,-1.22168671,-1.07519784,-1.234416389
0.20351660345804357,0.2435432602787049,1.8516619722607073,0.13336393757918785
-0.237692819,-0.50878307,0.12495568485122976,-0.50340685
0.7981995553919679,1.0000178727722175,-0.810295719,2.833157019565181
0.28244854387244334,-1.021860227,-0.094032474,-1.090554927
-0.614046483,-1.394538876,-0.238873167,-2.402203356
1.1160085727459417,0.12775230554868963,2.372699291115511,-0.612241082
-0.90486077,0.4003236680027973,1.2290415660033085,-2.26612942
0.2702420874720287,-0.572040262,-0.509268811,-0.937476244
0.5672138046247013,1.0691645472530045,0.3745076490277743,3.469749914
-1.070732307,-0.616033946,-0.118604704,-1.575074292
1.5824119586282035,0.3625647334033611,0.8463872404019849,3.279858608891587
2.1658324058039518,0.5171351859190444,0.9692190601616147,3.0033816833131732
-1.149068066,-0.703098236,-2.933930134,-2.143038502
-1.304808158,-0.341345241,-0.017166779,-2.970088589
-1.865748773,0.29185889651469477,0.43375739822700965,-1.711670421
0.7467735929234468,-0.92093117,0.9627643272026075,-1.709359292
1.667937349380443,1.0508736443688258,1.4818827403806358,3.9276406818264236
-0.405220325,-0.58644171,-0.80114407,0.5833081295017702
0.6761040994461692,-0.281358141,0.8391820070293078,0.7692699524013943
1.070552412436532,0.265998685,-0.996519872,2.987587956709405
-3.51228727,-1.055850895,0.9877954106030898,-5.958312417
-1.145554235,-0.883111667,-0.190685577,-0.043330276
1.4872805120297041,2.4405923773186107,-1.080222596,6.022758979408436
-1.630895903,-0.925900373,0.074253004,-2.614874534
-1.58035738,-0.226386063,0.595296789,-2.616020585
-0.631746065,-0.024951467,-1.499504027,1.0838431140710627
1.6352128012820142,1.3347839572552602,1.2940951691947566,4.766465761623702
0.49280053675359836,0.4538907565274575,-0.237023143,1.8883407269813464
-0.335083092,-0.15018213,-0.408904251,0.11405632145643213
-2.037198031,-1.645492087,-0.553065048,-2.89135889
1.7881002001099386,1.3594692588546657,1.1088136070201535,5.722055586872869
3.9449935873954787,1.2084323040729754,-0.219308644,10.154533788422038
1.332422708560439,1.1015503958722879,-0.952786895,2.843015432646656
0.5925909230974434,-0.083703422,0.31293206510700516,-0.68043265
-1.096562139,-0.053557289,-0.488853353,0.000528012
0.46054923631393296,0.26962430212342653,1.122403744228208,0.6943328417172376
-0.265152264,-0.038365485,-0.138789458,-1.134203288
-1.967226667,-0.475358651,1.4742514949070467,-4.01105757
-1.116255754,-0.166143016,-0.608083684,-0.927379254
0.9900591418623286,0.39670969769135955,0.915711314,1.7046036753114475
-0.875205402,-1.051945797,0.6759993130372984,-2.566372846
1.1949800620655098,1.0563576073644825,-0.38040002,2.8564862734663623
0.9458840851505089,1.349205416606942,0.310107076,2.4184684097793427
-4.113466477,-0.627958565,-0.667906516,-4.300781167
0.3367493317097372,-0.747708755,-1.816216041,-0.33991982
-0.116777456,0.2285075444488038,-1.327570068,0.082459596
-0.149302746,-0.08387668,-1.168466804,0.8252621073764403
-0.754457253,-1.05992647,-0.303258568,-0.927603972
-0.918210772,-0.425092676,-0.741737093,-2.20614407
0.47359260355932536,0.6716791605788588,0.8624595820326104,-0.058484598
2.496588179958292,1.8768749725895877,0.6436331019466444,8.000810108069755
-1.288924817,0.058154455,1.298893812155096,-3.962175106
0.1880419058127036,0.301411773,-0.497941215,0.8951352622854916
0.8191500351764376,-0.273706754,0.539461997,0.37139653878109086
-0.843265759,-0.618205624,0.033811113,-2.432812016
0.015496632348902306,0.688536332,0.3863812845368633,-0.352232177
1.0421468742654478,1.3295824405584846,0.9048371469990564,3.892578688120853
0.3852407640841191,-0.088440582,-1.028522647,0.4361153088966636
-0.783413911,-0.402105455,-0.499262263,-2.141583905
0.6406837711756705,0.34734340232830296,0.8760227571699394,0.035758217
-0.198053039,0.45519664948587213,-0.561677804,0.6828787961507207
0.6004285636026192,-0.473195894,1.273713904227211,-1.143387835
1.5709514239559748,-0.308485364,0.7759069692646745,1.7690449645766813
-0.838014637,-0.470155988,1.1164673577351456,-1.697824588
0.475110628,-0.033044975,-1.138019908,2.027532412654373
0.29224300253704827,-0.513108894,-0.528092348,-0.743696808
-1.279384028,-0.052882752,0.604329295,-0.871136452
0.2559568998897024,-0.381434349,0.1406224743613579,0.18170726060173875
-1.547792588,-0.95230551,1.3370882516819607,-3.553201144
1.682030798350536,-0.098759588,-0.650206229,1.8894682944115129
0.8358214127008584,0.8125247889292756,0.098355663,2.938835243635646
0.19686425498853483,0.47950936499707497,0.24177953276379305,1.278846594115297
1.6821489202855378,0.9193301179373484,-2.889831922,5.379259651250877
3.036522251420907,1.2805393208100089,0.49039803765222806,6.729821030043299
-0.061093452,0.4285838143169611,0.8362068346008815,0.8388119714606405
-1.975362834,-0.225740045,-0.440488577,-2.626721235
-0.440486098,0.8592273013047198,-2.062112369,-0.073249871
1.104086925919093,1.3694097292864467,-0.417640556,3.579695289032798
-0.848932259,-1.393898684,0.001880663,-1.412370328
0.5628649094999857,0.63031038,-1.284806299,3.958514953809024
1.831025203,1.8853109746603216,0.6261347375479712,7.777955180981543
0.8088176662819779,0.7672334843054006,1.944861082667671,1.0149436741906803
-1.701424563,-1.342068393,-0.341068979,-5.479636049
0.8825481237713688,0.9161024007749401,0.5138737376808378,1.6834023911841087
1.7607489553136304,0.14521677785097029,-0.816043048,3.1488045261296937
2.064381220015273,0.71787101,-0.139223272,5.289065080996791
-0.595747661,-0.121275915,-1.161703858,-0.132553456
0.7683099582949433,0.8071873096940909,-0.388751107,2.1904180666777004
-0.813874252,0.2641386771579024,1.3275661004976953,-1.398265271
1.5437721034969132,-0.318182018,-0.473951253,2.6234272516458317
-0.586419256,-0.32832838,0.067897635,-1.816161945
1.0475680834266925,0.26091264362326194,1.480069122867548,1.3928461689654654
0.12571440921180854,-0.047075025,-0.954525119,1.2217730073334363
1.076104284931621,1.944203026153323,-0.470758825,4.412392948914061
-4.835318115,-2.515804357,2.676751552002626,-5.149250711
-1.307832401,0.2869701290233351,-1.371511028,0.19594328292570007
0.25603871489252766,-0.078159579,1.7779579431885015,-0.26193053
0.039518982215519194,0.20736170294595915,-0.858442719,2.3520393962099484
-2.087299157,-0.254611695,-0.793866859,-2.919344019
2.3198694937490134,1.6993001782335149,0.5167419417544818,7.089269443737799
0.7938251638549427,-0.210120697,0.48981970666634195,0.3557926924422309
1.0549969982167051,0.6288176827824975,2.1454113880146584,1.148044050671665
0.435574235,0.1809073193619095,0.7074311774549552,0.6186868009109063
-3.81404183,-1.568157182,-0.716802916,-3.547450365
-0.986368907,-0.873703376,1.5140623271113434,-2.270928302
-0.576154459,-1.011294714,-0.841548572,-1.362199327
-0.937453275,0.6248419288299003,-0.834894176,-0.625037763
1.6540545402254478,0.2817194886528274,-0.196574338,3.3437707519264155
1.194562873209342,-0.584158204,-0.147250552,1.547814295859883
-1.729806922,-1.37728192,0.2528922731268641,-2.809348588
-0.494609398,-0.258258097,1.1517789849505282,-0.867827771
-0.365893249,-0.494554641,0.35680922687362565,-1.150464766
3.0250911959107474,2.5941859167575334,-0.24016009,11.766013112247391
0.5999227794415272,0.12369365352020809,-0.87137531,1.2891911446282118
0.092108253,-0.23542594,0.6965183370361107,0.3731840826076577
-1.350530681,-0.162591928,0.3785735596450899,-3.264957008
-1.172180916,-1.314835429,0.8298732404265242,-2.723863291
2.1333374351330203,1.8127170474715744,-0.051511951,7.893058102981424
-0.876710308,1.1106563744238473,-1.324554226,0.34548786974210033
0.811883965,0.2962483959800055,-0.929098231,2.3315587953339345
-0.209400371,0.8999980736894433,-1.042208703,2.546793012039327
0.14544085510490978,-0.697250372,0.1850050965728125,-0.951676417
1.7237268869630418,0.12610535687869373,-0.578472623,2.5868687663149026
1.2081037981428984,0.43308200129394403,-0.423410932,3.987423590997743
0.5819514495884799,2.156766560274103,-2.442655609,7.188332917219416
-0.61436212,-1.374404119,-0.922315176,-1.442526027
-1.011406453,-0.780959444,-0.171775228,-0.67500439
-0.286127757,0.5214967606737008,-1.664135847,2.4669064146387423
2.383383919321087,1.2935020849360186,-0.087045079,6.585936382741154
1.3185184408425794,1.6306771933923767,-0.135420796,5.486870522558859
2.0577747504553727,0.8436327003768469,-0.258433585,5.1174294923692125
-0.414214333,-0.02464586,-0.46733074,-1.44597625
-1.060099041,-1.224149074,1.8764429498939696,-3.378057299
0.1696117182269372,-0.247790371,-1.808477615,1.6214631618092183
1.0150610107595188,1.1878644391647564,-0.080942478,-0.675166424
2.0042557060592383,1.0732628815560699,-0.374394883,5.143828132
-0.25945394,-0.103623911,-1.40285898,0.009288302
1.8425507718403065,0.6824454549792981,1.7513523313894317,3.3708877645556856
0.9587932302678752,0.5835372647275521,1.463158511648629,-0.390817673
2.285790881,0.8824183339202486,-0.545058552,4.764402924499379
3.0784711153778694,3.263137012810601,0.5673310107353443,12.251648353254815
0.11135479266390151,0.17820653230299519,0.8648157800415114,0.26963091218872826
-0.091082558,0.07926383,-0.184439883,-1.259466494
-0.309517642,0.5145667823116032,1.207388366762559,-0.542254835
-1.289730255,0.1719001018091842,1.0635530569590383,-1.557301071
-0.701624461,0.44640078532789473,-0.459942804,-2.001070132
0.1649637785110973,-0.008401169,0.6413851145470413,0.3661618929756514
-0.539699602,-0.537286111,-1.496687833,-0.639575401
-0.799438817,-0.468184669,-0.877958636,-3.694915106
2.470224090888104,1.6196287430344791,-0.173699304,8.028582428122172
1.5342592327211264,0.43791933353270157,-0.449558592,3.322984179051095
1.6544656230057662,1.2342499686543364,-0.350375854,3.6453940568704444
-1.767920056,-0.713295729,-0.682416542,-3.115798494
1.3141331774958673,-0.162124621,-1.554142358,2.217701071800179
3.2532117241609555,0.9705788736717846,-1.091671028,8.306031568
-2.690866137,-0.681959207,1.4266302,-3.776505908
-4.722466709,-0.907909899,-0.178355757,-5.010058832
0.2816299628248532,-0.668712007,1.3191839651382802,-0.37488743
2.5677328623230045,1.4743243852502779,0.085416655,8.157672238970054
-2.086248779,-0.1209021,-0.462269442,-4.625964315
-0.688521863,0.5750464233184139,1.1462542437751706,-1.965534469
-0.416422088,0.24676036003378674,1.164521326298138,-1.967884931
0.9031227,1.043630358723296,1.234522865,3.795676615679721
1.952549127016983,0.9888145248519917,1.1327351881162528,3.6518497155688276
0.7822724701594683,-1.64965354,0.2502139648949099,-2.103634572
-1.34308877,-0.847513072,0.12494210701591645,-2.510588971
0.15271106309528093,-0.18443786,-0.940974125,-0.621501465
-0.758967705,-1.410565385,-1.986514799,-0.536751037
0.9252481662101428,2.111115593329833,-1.174186485,6.243494416058934
-2.155861133,-0.504380991,-1.799943512,-3.359613565
-0.902911765,-1.427027745,0.8068228627070596,-3.598935624
0.7500837513455171,-0.494861247,0.36766938829271095,0.16311396670989453
-1.144855326,-0.4855895,0.8341092973072584,-3.030833658
-1.192931932,-0.320443724,-0.333958548,-2.10239663
0.610612783,0.9733348656001464,0.48684748320749094,1.4302603227503097
1.220789406452512,-0.012619729,0.40120994747180977,0.9639106219200151
-0.855631978,-0.756141314,-0.271554469,-2.032777163
0.9006864649702983,-0.750197774,1.6657418813573321,-0.063305812
-1.149411556,-1.000521053,0.34821146172643663,-2.580399263
-1.277922959,-1.212137255,-0.283648227,-3.066504301
-1.842300587,-0.31579623,0.009941383,-2.054336144
-0.217897389,0.8683365677328204,1.227470329735538,-1.800317544
-2.501594647,-0.536463345,-1.385428749,-2.338180709
2.316812659916615,1.125557650689548,-0.044462662,6.129124986713201
-0.211798004,0.3117642165001556,-2.568059187,1.5314863501876685
-2.271084524,0.1299354966304639,2.4820776717659765,-4.301424695
-0.135698777,0.6459695117709356,1.201760823079562,0.086729537
-1.667151347,-1.690799457,1.4372406940895557,-4.290353801
1.6176414551341145,0.055088578,0.7098628821896583,0.9086464402990346
0.11568392360837632,-0.222712227,0.40739818886859186,-0.642628904
-2.020769626,-1.314140029,-1.344294191,-3.494258091
2.2748039280019796,0.8587054108370826,1.411227096,4.211924868423724
0.3210345502473312,-0.161423574,-0.796576844,0.3114189798995133
1.2547440141926869,-0.25542516,2.069111066,-1.037170651
-1.780280942,-1.83844546,-0.80180748,-0.619106093
-1.941732035,-1.161368982,-1.009082681,-4.188554459
0.2068315088187463,0.516203304,-0.43558595,1.833619671129651
-1.874927787,-1.83740686,-0.966066342,-1.825172162
0.9865307721063623,2.1175315540606645,1.1175599302343275,5.076115631321624
-1.054032257,0.069079012,-0.24829709,-0.429834423
-1.581737359,-0.5340562,-0.9918094,-2.929818437
-1.622384148,-0.683835313,-1.340376742,-2.086106771
1.6412511527416287,0.5435117661195444,0.087167514,3.1203538803604123
-0.813669662,-0.693956597,-0.220874016,-1.509343374
1.543093396502549,1.016887786862486,-0.572727345,5.058802626007256
0.6852358123649159,1.1352759621782653,-1.115085083,2.240249292878297
1.2593424237790138,-0.776125125,-0.229792058,0.4187500759126749
0.4734294425990033,1.3252375820035047,0.43259499176981575,1.350634398
-0.248083204,0.5023210608686891,1.0670043178156547,0.37737052734145693
-0.367722957,-0.570752586,0.48943805206563984,-1.842341493
-2.264146589,-0.826338718,-0.244575483,-2.362322469
1.0617618107640687,0.659627524,-1.193357503,4.402538201357336
-1.612265647,-0.416323174,-1.343248908,-0.78402452
-0.748029268,-0.844490757,-0.974549122,-1.595084302
1.4523260479894176,2.5322205024178754,-0.546829413,9.461032323190905
1.1023641800330064,0.5075439476555118,0.8764039047935832,2.021409101776649
1.5599096513099586,0.16185394816057655,-0.312800295,2.203888884098697
-1.285600976,-1.368277068,0.5656062112151299,-4.340994436
0.30182871093068286,-0.101511892,-0.335335735,1.3792947888317644
0.1989860093690176,0.22126078382588998,0.7084103899844918,0.047335729
-1.645615432,-0.163390136,-0.764643653,-2.543489716
-0.348110214,0.2645444087995501,-0.67320668,-1.850463634
1.850834636353518,0.25297154219315715,-0.496409053,4.3896887127831405
1.3388184518430533,0.6184015712456737,0.1109100497408002,5.241713104501395
2.3475378403384113,1.4826839347889247,-0.463566551,7.714191800094698
-0.8672487,-0.259777655,0.18912552208813677,-0.468632043
-0.504924243,1.175080778409087,1.2325770348553955,0.4388021286983464
-1.579155861,-0.142225289,0.8199047673260829,-2.232342144
0.3720621788189578,0.6357435644660067,0.11545059430648363,0.8551171648405957
-2.850656928,-2.111746004,0.850025462,-5.25321841
0.48242859253259085,0.14876069818509355,-0.204943985,-0.742853196
1.240240873,1.2160993268708096,0.6259915808261813,3.3203672547703205
1.163619850476663,0.3867541168957711,0.7888093300102457,1.8642888905043264
1.6192677557830113,2.029542423187073,0.21303266582810393,6.970181846630629
-0.855426691,-1.27312848,-1.572729247,-2.311081817
0.289431578,1.4756765121444577,0.369382906,1.5059956403614219
-0.504784967,0.7889541135732805,1.282761790389545,0.048739603
2.002157973220383,1.8603247469164648,-2.257583759,8.663334256426639
1.253759935004947,0.085605141,0.9445619399649408,0.6654263095975703
-0.189748706,0.21231530513353336,1.6270792143068353,-2.597336639
-0.683753718,0.038077028644461094,1.4000148428736963,-0.62397915
-1.146489294,0.26290414586831684,-0.097142481,-3.384754579
-1.269253907,-0.209697209,1.8852860220290832,-4.069607756
-1.986236495,-1.299709724,-0.522979584,-1.902488898
0.13002935638511748,-0.875327493,-0.762248085,0.4617384799589533
1.974278525844582,0.5973813594438278,-0.645629611,3.8818230333772346
-0.43809505,0.1103701035844167,-1.31080081,1.5976966400335026
0.1079838088897679,-0.015286613,1.9391143893428737,-1.150788784
-2.259210843,-1.799683976,-1.277279236,-2.796575598
0.018504014710950423,-0.468332003,-0.077440072,0.4935875552031381
0.24222613158911266,-0.721587012,-0.881705689,-0.936984706
-1.603412807,-0.107843943,-0.790961249,-1.297034171
-1.546643442,-0.173722791,-0.25204367,-2.753763636
-0.604361124,-0.090470204,1.1042897684024162,-3.261045457
0.7016906114083443,0.49399938327986137,-0.468258408,1.8467113562567044
1.3032651154992196,0.7334872500153031,-1.636205785,3.6816736057679975
-0.391752536,-1.081430262,1.7629803368774555,-3.203032831
-0.292397788,-0.515946699,-0.71883243,-0.422526388
-0.630138925,0.8611793398469554,-0.281683272,-0.470821749
4.545578227,1.7593816220034757,-0.068755845,12.78549121922206
2.1660559499330705,2.6139463032622436,-0.351314495,10.100174988683216
2.1696938889750137,1.601510334975012,-0.548965307,6.387454778094389
-0.38384236,-1.174178153,0.2678833142600188,-2.550488159
1.302062128667062,0.42607088552558087,0.4073780721374934,2.409332561563455
1.1655954823519634,0.8025099465608561,0.5168645682834614,2.0089666177102243
-2.095962622,-0.458162398,0.37825556806095534,-4.683482249
1.0804910600277693,0.34264347714793153,-0.023460397,2.9536870628597924
-0.724578527,0.5410932668118096,-0.297313062,-1.151024767
1.8636960714583268,-0.331238291,-0.526518571,1.4962214525168862
-2.474187916,-1.16323738,-1.43928004,-2.412664225
-0.832300224,0.4010287098700455,-0.240943909,0.31486232804655734
-0.957782203,0.041536009,-0.848927729,-1.437415118
1.5875848669533923,0.8118129870546072,1.0940749631094056,3.006196595404708
-0.906018152,0.3006985696794321,-0.971913159,-1.019564423
0.7311328146141173,0.5514111029087677,1.2909667922119028,1.518856927586869
-0.357830287,0.6436078732475249,-0.981207835,0.1413821318654095
-1.039355918,0.571591137,0.5683985385634109,-0.630633809
0.7829344554081487,0.28552634772102997,0.8026340425588454,1.735129481087509
-0.030543734,0.1019423539165197,-1.296825765,1.8716392075790729
-2.081618791,0.38150306971631187,1.6080518911082744,-3.813407045
0.7444738107890291,1.2501801148000606,0.14242023451298985,1.8832489934146774
-0.307275776,-0.245435545,0.3877532716448076,-0.214482903
1.0250221197041816,0.42649182564757604,1.0357260769128078,0.10438556818962463
-2.517564265,-0.257229345,-0.206879364,-2.766812003
0.4535867753252849,1.0420031640684675,0.4475107510404331,2.1274111279848835
0.6487333809763515,-0.749847604,-0.4047519,-1.300806805
0.21297766261751971,-0.11025213,-0.847575221,1.1120994846547643
-0.64679832,0.7356917310693555,0.888999269,-0.282038809
-1.783692866,-0.241276936,-0.228909781,-1.847825067
0.8936305271765241,0.29021616919786697,-0.075673298,1.553936974
0.48825234315954197,0.4261487463674972,-0.825865745,1.654771040170813
0.5502691870503911,0.7708737835684503,0.7652069398833505,2.7139803649748115
-0.113078583,0.1696878159009965,0.13043666679471183,1.5949343505381832
-2.183615484,0.2381948742667896,-1.158657928,-2.849573723
-0.822838359,-0.135238208,0.10268720586496372,-2.649317278
1.4290206430686765,0.6814000251822377,-1.688506783,3.5071795409545325
-1.722793608,-0.325372632,-0.651365143,-2.262967259
1.0292260846196863,0.9942794656851062,-1.148798722,3.081858274
1.629079754003503,1.3453203344644793,1.999621142666019,3.4032615241158846
2.4034922350013477,1.4307387600519665,-0.578403868,6.880963291830963
-0.226077223,-0.970457088,-0.411337505,-1.726703256
-0.781936538,0.17504168937970563,1.432875196741821,-0.777602284
1.4302796193846181,1.0436264557051271,-0.086318603,4.638284863154571
-0.470244294,-0.266461126,0.8929870246965357,-2.882485928
-0.026443713,0.24625866105535976,-1.496285422,3.994724931620925
-0.04951561,-0.065847113,-0.172361996,0.380035385
0.7607710126825209,1.2028734818171871,0.632013179,3.915114805371183
-1.606915753,-1.523945073,1.4928976869650639,-2.303024943
-1.353218298,-0.683918519,0.4896580076933691,-1.893240883
-0.088317432,0.2132914499523645,1.3965109963603513,-0.763326677
0.3927204024948508,0.8606403527808549,1.5370877764400157,2.9046513355416694
-0.801145683,-0.17732585,0.016367680965102938,-1.429435437
-0.769531209,-1.272413871,-0.306512411,-1.876063915
1.195137242333389,-0.744852524,3.013777080816104,-1.857321457
-0.286352918,0.2324285732071226,0.7049068346096671,0.8421473961068591
1.907343688055374,0.4355190402737455,0.9883573149764212,2.7971657210028065
0.5109486447984677,0.087398496,-1.670777113,2.784746218305606
1.4843749132001023,1.3245941091881772,1.0175682328657558,4.594775750363098
0.965954057,1.3462426728443921,-0.444395205,3.675409915686158
0.14586845662207654,-0.25559872,1.0157552617892018,-2.133535745
1.5299546842435645,0.5327689768657221,-0.24724795,3.4773490609702353
0.007243635,0.6190044762964689,-0.10828961,0.4518873432229153
0.22540660029019216,0.5143226315246745,-0.669806642,1.4879065758349619
1.4072321789487168,0.918195862,-0.119873769,4.321951563739163
-0.62997472,-0.056199887,-0.422211384,0.348329445
-0.082094075,-0.824611935,-1.429631943,-0.040618844
0.787751185,1.0778354592738735,-0.816340751,3.013178079974355
-0.48874689,0.5177711670776418,-1.158776723,1.8038569173215036
1.8598331505881696,1.2149822187250034,-1.616599632,5.882853705309089
0.5919678549420029,-0.105984636,1.3598301703994313,-2.031629758
-0.414690924,-0.176236387,0.19351080149569375,-1.417594597
0.22727966400011324,-0.511643102,1.4022117356895891,-2.292936654
1.9317019152070627,1.2612172073143628,-1.024815996,5.014071898274432
-3.091057594,-2.188609099,0.3977483613911315,-1.238468674
-1.387166678,-0.807762588,0.071840422,-1.698369398
-1.068369695,-0.227548516,0.666032854,-4.412783078
-0.779206033,-0.967213851,-0.960556987,-2.57524757
-0.412732712,0.4924079592448929,-0.114571541,-0.259844244
-1.996431792,-0.552086289,-0.274859206,-4.101569546
0.8489980013645009,-0.824622396,-0.09301073,0.7938249002878977
1.1431783357680738,0.2056820226430036,0.41959789809936665,1.103207681930531
2.987024662439791,1.3948192656871379,0.9735260048204369,8.366758571880737
0.6584408654592955,0.9343348656572633,-0.68967723,3.2921867684749184
0.7834969176134424,0.6038418252787915,0.11982555100447681,2.4652788554870138
-1.38300826,-2.879318025,0.16663371795094825,-3.168182563
-0.185363093,-0.1441864,0.003150387,0.555432382
0.6417328805187321,0.25195576147738885,-2.115347735,1.9695112715508338
-1.948145758,-1.445776986,-1.576664657,-2.807170281
2.450722844941927,0.9275150063684408,1.3734563050211088,4.053734811
-0.403561782,0.5477866820175981,1.0183337983545218,-0.522858336
0.7539198408472519,1.1537428635500186,-0.870334219,4.006124716782757
1.1332149296459326,0.1026076996060055,-1.187678037,2.086055795504044
0.5065695563220802,-0.45252456,-0.164747065,-0.248270691
-0.962553658,-0.906160646,-1.060903141,-0.585028486
-1.292264121,1.0371106263488716,-0.138326891,-1.431334226
-0.687647266,-0.241957339,-1.154707942,0.7984195900488902
1.6139280069049637,0.4377237544220339,-0.713550931,3.797153039842647
-0.237222025,0.4308909426444841,1.4855009264375667,-1.5924646
-0.19040504,-0.915715695,1.570083426800245,-1.904266959
-0.269828957,0.7598941672520994,0.063075744,1.5126689088743515
-0.96140684,-0.247411552,-1.718400848,-1.481875065
-0.655611369,0.24914993111250858,-0.300609168,-1.495722865
-2.052202835,-0.223707332,-0.692283188,-4.676217768
-1.579467698,-0.428704381,-0.586065099,0.2506600718972982
-0.227502311,-0.707729008,-0.985489416,0.39632646123100046
-2.545833271,-0.488372059,-0.273411769,-3.729730318
-3.715348096,-2.464112865,0.053500412,-5.572723849
-0.198960246,-0.760323759,1.2177923201560592,-1.396655333
-0.949598112,-0.5084061,-1.394122224,-0.194777653
-1.726116353,-0.403504862,1.1359332806114129,-2.453688823
0.8648245648899251,0.8773781563141457,-0.661383545,2.144144529153333
-1.441757595,0.20756091324770848,-0.317372557,-3.091205819
-1.39577174,-0.917547304,-0.934097081,-2.409819415
1.6347041547698198,0.9523465330262013,0.9601160376748129,3.409298307590023
-1.159738559,-0.694033504,-0.734045061,-2.361112528
-1.888727031,-1.116874927,-0.778407056,-2.367001197
-2.979356706,-1.043065291,-0.591935394,-2.542745465
0.3173463735826141,0.8701692336725199,0.11467322216801339,3.5802059660949803
-2.296724821,-0.950083445,0.34408225072263265,-3.532065458
3.1425509981252024,1.4026523116307266,-0.655320992,7.792673188856136
3.1201098971998213,1.5586172305838861,-1.161322697,9.934941663980927
-1.98510719,-2.110714114,0.8905010945543309,-5.104482852
-0.534101347,0.23429194948675486,-0.478126912,0.8456725512379554
-0.572829222,-1.41684082,-0.138363183,-1.951597335
-0.392709272,-0.593753221,-0.992296742,-0.753251109
-2.115655106,-0.09929399,1.163255941869389,-2.664570225
-1.997973369,-0.42922691,-0.138649271,-2.947428667
-1.054659069,-1.172894128,0.116836077,-2.484106592
-0.346490242,-0.397955141,1.344319052424421,0.6677758876171058
2.027531858589911,1.058870633051527,-1.562977646,5.042524843484426
-0.411715434,0.23483809999003485,-1.452089126,1.924177914857601
1.0273545495856202,0.6781732888586672,0.4493259320298655,2.876311364309422
-0.889912587,-0.447275475,-1.663115385,-0.03856919
1.5822662612336251,2.163101314291339,0.096889603,7.9193937254260405
1.9476892996627673,1.763905826750743,0.6514146689714724,6.199334084612113
-2.080312382,0.2691888643642693,-0.055620141,-1.195270924
-1.350463487,-1.226863118,0.4974955911941319,-2.446616402
0.9745827484292704,-0.108697685,-0.532089701,1.726650580745783
0.9676357484224409,0.4079848482617741,0.296945486,1.6494982270415361
0.1450381047692308,0.2949663384607432,0.7107160392627977,-1.427200188
1.1951084645942645,0.22404144930210007,-0.547960385,1.1044910088545388
1.7879611496454355,1.3020742066159197,1.139026444376176,5.654899103856096
0.8238984881499141,0.008583946,-0.435644909,2.348820007099628
-1.83519316,-1.573367953,0.8792227984469706,-3.351528575
0.22220420061670437,-0.045380446,1.1352802611862431,1.5506493182628946
1.2376287880575685,0.5088667101545051,0.3071364313401266,1.3193294596770673
2.8898964167426415,2.322543122169555,0.3513310929241399,10.441250272934722
-1.411086424,-1.635483705,0.8325758966947076,-3.905378845
1.1075153990743138,2.422141610407546,-0.194741255,4.649257835217564
1.0980547122264719,1.2195140721316018,0.2445897274230133,4.148848127931639
0.602774587,0.1947590709625484,1.0379290121608307,0.6134225070102883
1.451270176577991,0.6186173332212671,-2.308299146,5.307072588388117
1.7981603501306656,0.6904532693954655,-0.3600811,4.217122593925616
1.1975845652157424,0.7247827800013458,-0.474007837,3.3357993459310973
0.5511161567480666,0.50558192,0.7417607098541007,0.5933132812675317
1.5414569127661306,0.5911025282697618,-0.737301479,4.326438206827997
0.28158699245806446,-0.454529327,-1.621634058,1.6838754368602966
2.9760103812258807,0.069303507,-0.293934558,4.665347965350902
-1.16753128,0.28467357330784665,-0.369954337,-0.434645284
-2.152017024,0.063482038,-0.460409826,-2.573336341
1.7937658487010486,1.356451983598719,1.4231467208532624,4.443180228826907
-0.283007681,-0.12460122,-2.728745088,0.861738973
1.6666148707276063,0.7732406610224688,-0.223731692,4.668923980777556
-1.061140834,-0.00292366,0.11569255101006319,0.3914158651722073
-1.341217036,-1.669863975,-0.97411204,-4.098110677
0.074289056,-0.216003237,-0.286040658,0.6336534194102308
0.1662769420818635,0.7419771913487139,-0.608145006,1.2816208952875172
-0.541610152,-0.556104585,1.1002726509733143,-2.144730016
3.8897049298459914,2.9240371177591986,1.1238737359952022,14.758192454885515
2.216215261551843,1.4202977743489147,0.5719814532425335,5.343694490774114
0.2539072417852112,0.9614234907650179,-0.03369159,3.9837334815329903
0.20624903263219194,-0.001922151,-0.730947997,0.3113340775264522
2.0974601903452266,1.5081530351987757,1.5240466662837928,4.932263247792305
2.6930507502575187,1.3797295857928402,0.2472904925785348,5.7468201370842795
0.12053619992853348,-0.911902449,2.2967373188529905,-3.237635438
-2.191164617,-0.74811676,0.1124831300976728,-2.996749177
0.41790150726101893,1.1623943087351505,0.21485175108014182,1.129712919452782
1.302410820812355,2.050965086513266,-0.060172138,5.802624119352633
-0.71175652,0.38962822992944307,2.3108830363933213,-2.022625325
1.928802540393085,0.8425465250271144,-1.069427959,4.894124729
-1.068246032,0.5197150629129688,-0.680366278,-1.803796406
1.8190323359209866,-0.072397087,0.308648013,1.4632497994284703
-1.185395375,0.8385338004341931,0.39211349552839014,0.7273331087299886
-0.235455015,-0.616930764,-1.38213219,-0.17089125
-0.656960898,-0.483662143,-0.899156385,0.31509057460133094
0.5638296635355033,-0.42796963,0.9627933787797626,-0.398785202
-1.706554805,-1.542921431,0.8678994011458989,-3.325548266
-0.471510268,-0.544568567,-0.374172284,-2.046282156
-3.586601934,-1.957817341,-0.439353819,-3.611043837
0.2820699324414334,0.4754690721811521,-0.556026347,1.3207719935161366
-0.734982398,-0.562835426,1.0030345268160628,-2.53757494
0.5827938157011838,2.1884317528975563,-1.106989451,6.205202770569075
-0.312576879,0.16726958519725937,-0.362439545,-2.080318234
-1.598845198,-0.449726747,-1.1507206,-2.241972564
-0.987954893,-0.247991265,-1.46885191,-1.189277497
1.9680765494933392,1.4763556528473945,-0.447842429,7.111879975069177
0.3723994179198178,-0.060694993,1.672423754029128,0.36113359310140847
-0.409948044,-1.222522818,-0.583896739,-1.735596964
-0.647180849,-0.262409207,2.1258345450336997,-5.083852019
-1.320099472,-1.382819106,-0.766435634,-3.394435357
-0.017155745,-0.679686456,1.0540581913439648,-2.475869944
-0.153355774,0.7482682110120293,-1.364088133,2.3365667702392505
0.14756787001143656,-0.475374642,0.14391204140574848,0.6389000427542498
0.5677471525247733,1.9407423746481347,0.8678470457841947,2.5440233376771584
3.5449885857021712,2.3764688672465124,0.6893622217242336,10.799838181950626
0.21192574278403153,-0.752929434,1.0300980627518863,-2.015653799
-0.553896713,-0.8306367,-0.965462663,-1.245745992
-0.820527602,-1.77602837,1.2849695046655718,-4.092685448
-0.435200917,-0.275788449,-0.658591265,0.5856500533371092
-1.101592308,-0.54228946,-1.348841834,-2.390400428
-1.138564496,-0.225448726,1.7803365729988638,-2.479920447
-1.986498886,-0.469465296,1.2914062450311672,-2.875849427
0.1460216405298813,-0.32297859,-0.395116908,-0.513341399
1.1899190018585444,0.24668569294776363,1.209313156229387,1.8340026374508056
-1.247286526,-1.140069036,0.059561243348202106,-2.350028632
-0.702020558,1.2334512026954456,2.042382861520106,-0.533671863
-3.685087814,-2.765188271,0.13733831924640727,-3.727893563
0.27476692430634486,-0.134080991,-0.793704179,0.6642112980369482
1.4525297680145504,0.7642927742412087,0.6758283462066622,1.4766582566781337
-1.730281464,-0.925307039,-1.230092647,-0.498863572
-0.999267073,-0.529717337,0.27309283956841907,-0.702782006
-1.04809446,-1.46864837,1.5126907849226932,-4.275461705
-0.471388044,-0.489418631,-0.473234014,-3.567756458
-0.265748083,-0.021581412,1.4229768917143053,-1.432442512
-2.1674009,-0.772590038,0.4160249067314521,-4.074651124
0.8565786973819998,0.0014263,-0.780887962,1.6991415734231048
-1.207487262,-0.971982719,-0.233716945,-1.661413886
0.38171755913262295,-0.189541403,0.6868655825845933,0.21359660164264785
-3.071191631,-1.719328217,-0.477859209,-2.542704415
-0.084644735,0.16350910293669532,0.10385486514757465,-0.345576384
-0.898627803,-0.237489427,-0.615164355,-0.359046323
1.326263664580718,0.390432775,-0.622807494,3.452234431080757
1.0347579294192462,-0.167744957,-0.775235965,1.941911117914892
-1.388696446,0.20663670730758343,-0.433925356,-1.038506967
1.4116573398011532,1.8702623201914836,-0.808914594,6.1230714710645096
0.15973479232218613,0.5390287952022684,1.1251637727697685,0.3747192789433014
-2.961585028,0.032316338570818545,-0.732505104,-3.532789875
0.006716919,0.3841138606620608,-1.182918659,0.30850467702302553
0.481466145,1.1947621055969964,-0.597350514,2.758263639034603
0.8332434088653979,-0.387285631,1.2580033543730476,-0.528975536
0.9712789130290762,1.4409138020113257,0.16340249506941731,6.518394528207265
-1.540194447,-0.864672805,-0.494591323,-2.450483226
1.1175311234275456,-0.472677682,0.2673283362783099,0.461479325
1.9757117132735806,0.9884471570891797,-0.036425048,5.506166836400644
-1.936817524,-1.203465493,-0.341747965,-3.72281097
-1.214670235,-0.658515041,-0.658035257,-2.007314508
1.3466830819287978,1.0196204780282216,0.091490926,3.842737432801445
1.1228729060846452,1.8482524729755259,-1.048291839,4.741297988080958
0.5331261525747938,-0.752680312,0.24600272260851336,-1.581420329
-0.386757687,-0.531994764,0.5691077137893459,-1.946568505
0.5806202701922911,0.7785215523368556,-0.971574244,2.6643011548010684
-0.86087374,-0.769278625,0.3723104085890629,-0.992715401
-2.288762943,-1.00997741,-0.271616544,-3.166978563
1.2222714200324165,0.066744472,0.049286797,1.1111008005913723
-3.723091741,-1.405633828,-0.432553459,-2.98215769
-0.354058654,-0.579842361,1.1891648538708053,-1.536794336
-1.544261813,-1.556003562,0.096182712,-2.093687511
-1.068880741,-0.748222834,0.9345384215224175,-2.402093716
1.1615584738450369,-0.292743555,-1.176285757,2.2070156721736804
-1.288598862,-1.241826512,0.15923508809443587,-3.012818321
-0.298100782,-0.711034139,1.165320277178743,-1.853028541
2.120966176270291,1.2103695501834957,-0.736658592,4.699195284449196
-1.827937619,-1.248242318,1.0003893498433938,-5.152584427
0.060289686125400366,-0.385627976,0.4854150784632315,-1.245850576
-0.622184045,-0.384392427,-0.354680016,-0.688680022
-0.830492325,-0.834330636,-0.897848562,-3.278854121
1.8818048951570587,0.49865836564251304,0.12468216330023879,2.947733796
-0.438749071,-1.668765012,0.4308068475099345,-2.04962819
1.1027519290249743,1.8186773534263396,-1.487173254,5.740526203821225
-1.416891395,0.06780693,-0.362096099,-1.581992708
-0.955049853,-1.085083401,0.6455755539391447,-2.901989577
3.015200072460954,1.4344060501802303,-0.171615049,7.818056795579223
4.981571669,1.2120176071578488,-0.04391057,10.005116471585385
1.2499191547364965,1.3636201805349317,-0.49474379,4.854313651855364
0.3815863553168066,0.23703673442049064,-0.649375724,2.179291346
0.5895756831318574,1.253031012774066,-0.982321548,3.018224729031577
-2.8653741,-1.169900477,-0.916273185,-2.564721325
-1.885112016,-1.499303626,-1.87012903,-3.029710351
-1.30363481,-0.643988299,-0.624879081,-4.159345708
0.6230634757977049,0.7229114908745706,0.031366817,3.178185347494686
2.267116945098462,1.3457356630993342,-0.962426486,7.991293744470546
1.6558212847184237,1.4288110781807832,-1.179329613,7.436856549550296
0.5338923290820449,0.27314055342520777,0.3951051588098872,0.9463945499080173
0.29264909818613843,-0.019009608,0.37496882922842717,1.3381364100976159
2.1887380449230682,1.915739831820774,-0.361764854,7.637140806645197
-0.344830628,0.21854648880349978,-0.592131047,-0.88566629
-2.490183871,-0.72688826,-1.870182982,-3.449779107
-0.234312975,0.066988833,-2.601744642,1.0678139244007139
4.441444055,2.4160986676173124,0.9768524290899001,12.510200326736804
-0.936092534,-0.172886335,0.5358876255295648,-1.969133864
0.7740499611373912,-0.108336604,1.180060086658434,-0.818968208
-0.118975927,-0.006290819,0.45919495692779555,-0.070396727
1.027033477164662,-0.155739541,0.3984975684566244,0.6439182870612796
3.4738877295023536,1.6892234232492418,0.04893404,11.742327749229277
1.7425144824073133,0.36970969940143356,1.869861726960397,1.9586473777928792
-1.217207736,0.3100555803019982,0.8602288077089126,-2.23854057
0.6267514265036718,1.0567896089952111,0.079342015,2.4260097873361457
-1.18979015,-1.103596139,0.6214012816794163,-2.043377918
-2.094511065,-1.339840813,-0.538527176,-3.11695967
-1.315023121,0.7451364316367454,-1.900844343,-1.759778793
-0.924595625,0.532141445,0.3144571542504494,-0.234587587
0.056542118,0.016622699316315777,2.2425648403543326,-1.440836336
-0.645447216,-0.886047725,0.7654454498722629,-0.890827326
0.8145494814325159,0.3960150979900412,-0.180299767,3.433714637275178
-0.77950826,0.005929153,-1.369804947,-1.724647341
0.4076724985411013,0.11090212331504722,0.9506539669387961,-0.317635818
-1.841033939,0.006117286,0.578747212,-3.478819133
0.687792629,-0.088157626,-1.377359272,2.635494134924219
-0.537142752,-0.49000989,-1.041707478,-0.173735475
1.3359356152213093,0.038964192,0.9427270972856965,1.9237703009317786
-1.396536511,-1.00613261,1.6579983300865015,-4.342970023
-0.700576047,-0.471772875,0.8604133036659019,-1.483531964
-2.497525473,-0.781545619,0.14997040242278922,-2.143469326
-0.889038869,0.15921389939405356,0.4368361649728586,-1.107178356
0.3614931700217159,0.5730438799365178,1.7676969103615048,-0.836002836
0.6380980899224706,-0.396182576,0.6559887054447103,0.16150898135789504
-0.781095675,-0.880573733,-1.519697699,-0.871151664
-2.250211846,-0.782729878,-0.112202243,-2.33226123
0.8894440781546903,-0.989340334,-0.678520709,-0.527498513
2.1713067628092357,0.4901263679039226,-1.184007146,4.4320691824220315
0.077320176,-0.16071805,-0.672914616,1.8226658838479248
-0.645383779,-1.430004075,0.7636394975266088,-3.347304304
-2.462858554,-1.890733305,-1.739675896,-2.977453805
-0.742522836,0.5667492446737343,-0.289341247,-1.398986606
0.6720587099966584,-0.875622497,0.17238575142893311,0.7732796379287279
-0.303947477,0.3524834962972717,-0.927458611,1.1170525773173416
0.6513398948874611,0.1579628064924243,0.075581441,1.3234209531556902
-1.660544525,-0.837016982,-0.535584858,-1.559692189
0.7754454470909495,1.8644820187702453,-1.016237885,4.809568410861567
-0.386800114,0.2909004335494819,0.30434196141280284,-0.640524248
0.5564870674352956,1.4109935107395832,0.40215289908606544,3.065526921590371
0.065696169,0.3586956399847454,1.4324654633918348,-2.068629499
-0.249464213,0.84637912,-0.082396875,-0.722594122
-2.095643968,-0.260124197,1.1401224290272114,-1.343764901
0.12206643298187586,-0.073875312,-0.374713609,0.4398605963717203
3.070465543982216,1.2922006989876271,-1.332450907,8.922054715595577
0.11285545689041743,-0.191293018,0.4789877032635776,-0.537240615
1.5314905670189143,-0.690625858,0.7344578318974542,1.309723662394802
0.2448409620780816,-1.075974523,-0.28639516,0.5512744234398246
0.22691367445246313,-0.119026843,0.16008455056919838,0.24471351127203841
2.5510433720822854,0.7489832475301322,-1.275118481,5.431098859285439
-1.288678872,-0.656918641,0.278750205,-3.138886194
-0.34950334,0.35263074679909684,-1.174863827,1.5592951153425865
-0.53001846,0.09225494,0.6608149568447307,-0.680021864
-3.122901576,-0.929332406,0.063024068,-2.515807346
-0.553054556,-1.393882081,0.846178048,-0.891242506
-2.114685772,-0.772382289,0.3203875110522973,-4.824886719
1.1307950200078416,0.05164198,0.4682133929487088,1.0238242894840894
-1.355123643,-0.468537017,-0.154324764,-3.752655632
0.5314894600094726,1.1340675967098723,0.029904467109435826,1.9597322145955287
0.21279347868495652,-0.096211022,1.1593967377830747,0.36593855981368906
-1.514974315,-0.619172801,-1.457340244,-1.003450991
0.3778919178428262,0.3412131357707429,-0.097146937,0.8478394471057958
-0.48253346,0.386054169,1.102519013190719,-1.107546326
0.1173269932567865,0.035794385,0.2034821970765983,0.8280859193044968
0.567573304,0.21349184738802957,-0.131088765,-0.985245443
1.602325720771961,-0.472908131,-0.114161055,0.8218313949666293
1.0254332058463178,1.1489666811162738,-1.254567668,2.660203958106146
-1.257245918,0.9753624532878711,-1.707781346,-0.987678266
1.8590548207404929,0.4026346232757544,0.40890187358968766,3.539882915771249
-1.709541863,0.22686221291571215,0.5409333531942792,-3.580417577
0.23782156529328713,-1.344642137,0.020761553468089583,-2.620178744
0.18155041520163107,-0.121655805,-0.526426978,0.8277843203191138
0.1381689789810781,-0.42725822,-0.572630849,1.0827533770834463
1.7260096274727328,0.611827783,-0.949617026,4.271246202464876
0.8027013710047601,0.3037168270539068,1.0154489075417088,1.7774791143891142
-2.040237908,-0.538379074,0.11510503941191681,0.11267490993674967
-1.335183424,-0.186978842,0.40645768846957697,-2.273623795
-0.960503321,-0.989625321,1.676986542760841,-2.716582938
-0.833117804,-1.341160468,-1.218919656,-1.7406855
0.9794191267331667,1.4143660351507223,0.37601731062242355,2.074109496
2.7270008902427523,1.509726083,1.0316428675384277,5.998583528449503
-0.538400316,-0.298401001,-0.520552577,-0.25702078
2.737811555159687,1.526872976923443,0.7998619393674907,7.895554214865555
0.38819677255218776,0.6223249480250372,0.3003090534944021,3.236680169203242
0.010538797882220674,0.9043850973357703,0.8716603939744664,0.27879432652524516
-0.24949178,-1.268124162,0.2935381676954083,-1.494810082
-2.532386355,-0.745589699,-1.401723253,-2.116425391
-0.846858727,0.040951531,-1.093701135,-0.022479605
2.0256888448894905,1.8823289429583676,-0.869558179,8.541229928272632
0.20109800742101402,-1.419757448,-1.292641699,-0.944273345
0.7596347498263598,0.6780585333933646,0.9818326026832067,2.2210113672165552
-0.006192535,-0.765983439,-0.956176242,-1.409867373
-2.281493543,-1.486182898,0.1415980299797566,-3.546544897
-1.241381664,-2.085740302,1.0853683744894966,-3.544352413
2.372946791504091,1.0301990565862396,0.6756671708779133,6.265098476283822
-2.037692124,-1.283610885,1.0359585871598198,-3.779976727
0.9051257085228908,0.751950138,0.9620794711961792,3.390400464670546
-0.403269934,-0.401587195,-0.552961607,-0.774055444
-1.036446213,-1.251896235,0.38622584106629143,-2.629162285
-0.3885776,-0.225741576,-0.25764152,-0.614647448
3.6465897372720617,1.2974906798997874,-3.015564615,10.868126292731242
0.9856070311214641,-0.571069377,0.7928202957945703,-2.290294397
-0.534489723,-0.705271763,0.26185179792842506,-0.623263959
0.11351646276445548,0.6077031698000142,-0.0493365,0.2332349365056694
4.200274168,2.8671397331319457,-0.712384604,16.70144264822938
0.4146717217476895,0.9928127998311637,-1.030878651,2.9723089478170466
1.7111723783428394,0.6935439578295992,-2.02174955,4.831187213261786
0.9255423362772457,0.4586354972200458,1.2205905150707754,3.5570229476754163
0.7321521739067597,0.17875936129021328,1.1391639419821393,0.316341274
1.3992432671753858,1.2257215502350631,-1.251794408,5.696203584100614
2.515298758623331,0.33333941309245063,0.8528958219974329,2.7738728695210266
0.10668211979672776,-0.247479688,0.9681852830963226,-0.901674292
-1.397037255,-0.213783058,1.3483118879212597,-2.861411515
-2.679325302,-0.308892112,0.5712586798278785,-4.437086587
1.5643449823336666,1.1790870748016902,-0.390456877,4.5324484759409565
1.762283805139214,1.1345925146421478,0.23792203493197261,5.442597057925711
-2.919987059,-0.821466647,-1.160745736,-2.921398565
-1.555568851,-0.009521741,1.2548880693932905,-2.618905247
1.1634378605597802,-1.145107529,0.13655352684529057,0.12119794343025403
0.45159973635491824,-1.138193239,-0.955161272,0.5022978424760745
-0.840831851,-0.650007142,0.14364193983744267,-0.953780363
1.0975503480921396,0.8521722652843197,0.6904176246373009,0.894646203
-1.26465283,-1.003493339,-0.825586525,-2.783899708
-1.687788465,0.6341627321099975,-1.573684263,-1.221166651
-0.465275174,-0.495564375,0.2603367199572906,-1.043288693
-0.041618701,0.3349068678539043,-0.640975401,1.5825530575646618
-1.194200715,-0.507416761,-1.058414178,-1.618898694
0.18370556837923405,0.001617356,-1.222885586,0.28090479931969914
-0.716268652,-1.204785485,-0.538945959,-1.456270586
0.16212693434302775,0.19924672607665678,-0.308573333,-0.953427113
-0.527160053,-0.322949328,-1.870869247,0.5063702191933178
-0.24667971,-0.269251389,1.239000634637867,-2.579462985
2.926097547193031,1.259307806757721,-0.653895293,7.833769877362411
0.075473804,0.038351284,1.853631542,-0.144636526
-1.573049564,-0.748379282,0.9772138812000567,-3.616009771
-0.106970626,-0.236463987,-1.87776031,-1.404211424
0.20713267163640736,0.10512284007161864,-0.397163084,0.6871406115740023
1.358951885761154,1.8722887174288538,-1.592439825,5.022292190858417
-0.029596935,0.15654759726566256,1.2984662141344803,-0.560034455
0.015930392,-0.608547775,-1.291393627,0.035744468
0.9273668822670116,-0.189953032,-1.039530666,2.938120920009335
-1.244027366,-0.695314933,0.15606653739416504,-1.738774461
1.7102682588995262,0.614129508,0.8155086631219027,3.823476317771899
1.2335814713153903,0.7986904319006548,-0.7160268,3.7230805728712344
0.7280387036316217,0.37048916088231526,-1.495197425,2.5894765735346215
2.895089767137787,1.6410162230190246,-0.352624978,7.946769014276352
-0.322697586,-0.678597093,-1.27353784,0.8252214599809375
-0.824769413,-0.113772248,0.18390102442582063,-2.112278161
-0.760226697,-0.632666528,-0.186889569,-3.565076358
2.6955353944877936,1.1125940435081818,-0.13283039,7.3205629636297305
2.4156359245874555,1.3145133633943165,1.2416914879583547,7.103466193890287
-1.227564826,-0.657175963,0.29886686228132353,0.019269422661777114
-1.737578989,-1.589760185,0.4001834292744226,-2.984498703
2.9587261277936183,1.8662811421192584,1.1025748940014908,10.580726435662804
-0.232609274,-0.910505816,-0.876954567,-0.142805643
0.39917684907280737,2.027884852,-0.704484261,3.6430056391562613
-0.37266584,-0.854123616,-0.139414426,-2.557080033
0.2809240708168709,-0.26767318,-0.640361314,-0.089235264
-1.110473778,-1.320619594,0.41208775882587545,-4.148403297
-0.105778977,1.0314694333523895,0.28244431923393926,1.7398792240243268
1.322925457376649,0.6103717422945214,-0.400450035,3.8729820315667762
0.767299516,0.6869206669447684,-1.918823284,3.125923789187577
0.3360485868970472,0.2579228216257067,-1.071790863,1.822981143141443
0.5948967209252838,1.5322856913135852,0.9843019275444852,2.6370424279931863
0.2655944665228476,0.008484791,-1.221832368,-0.132480228
3.3633565545364688,1.5378272785366043,-0.848251562,7.987944333721019
0.3292984291439136,-0.269503164,-0.636882862,0.518595387
-0.579672661,-1.284165456,0.079587899,-0.617815505
1.220359389728737,0.6958675284712713,-1.826730953,2.9985347032373584
-1.227084137,-1.150170795,-0.612910627,-2.014417909
-0.665560208,0.48775140233862324,-0.515812964,-1.654906858
-0.188066062,-0.379857159,0.599636665,-2.970412408
2.028001646451895,1.3568260681998394,0.5582433798688089,6.817000321658132
1.135440457406676,-0.503651274,-0.322339759,0.2781083351985303
-0.656185044,0.9881783296157545,-0.852878363,-0.804829836
-1.633958852,-2.068289676,-0.327662464,-3.905400114
-1.770317731,-1.617034339,1.0561806267337086,-4.069698726
-0.871463871,0.7741177847485633,-0.653570974,1.5440641234422712
-0.345425404,0.717566482,0.39635218086793716,0.8375033682385098
-0.095350752,-0.548142311,0.6290444564413427,-2.048100372
0.2708727831303041,0.19609453392145765,-0.312422957,1.917900545457504
-0.670124204,-1.025069685,0.6975384949471038,-1.504211329
2.2917980764778583,2.0200176733535042,1.088177361520347,6.764220976649848
-2.282309211,-1.402570626,-0.41481045,-1.861607591
-1.626814351,-1.109890611,-1.306670842,-1.854122382
1.7159850040054645,0.6758347481276281,-1.44279936,5.116302498
-1.295235267,0.2813324045002054,0.5756526265783318,-1.670955925
2.8548543877181776,0.5192868633676376,1.2803203467124051,5.993308734960117
-0.465910881,-0.060575147,0.20687868277855442,0.10827202586865514
-1.315245149,-0.6382449,1.212261469332664,-2.5494104
-0.35790654,0.5131157802414665,-1.625795363,-0.026633961
0.5204852879132152,1.210794747771641,-1.849628751,4.261583001599924
2.3718297617214392,0.8314348549074327,2.3063547795134096,3.909322108632228
0.3118777999455735,-0.521481952,0.2086449126489617,0.300064545
1.5984101863504914,1.3675158998197101,-0.552112577,5.372774627196382
-1.314583721,-0.158422188,-0.300270379,-2.428197663
-1.601190322,-1.432097627,0.34784593719426704,-3.007480892
0.9362773226674476,0.8377207403019463,2.5025500834079355,4.2881620861481675
-0.310566445,1.0480391872269135,-0.249770154,-0.49843765
0.251842372,0.7762565628454863,-1.275016365,1.820215523776162
-0.471004861,-0.516337505,-0.834330125,-0.551841208
-2.206972243,-2.427857511,0.11211877329246221,-2.567653389
-0.061850839,-0.352366251,-0.218813531,-0.678093382
-0.285989349,1.5670149855589692,-0.919544645,1.4007558209274003
0.48006207420014224,0.591188569,0.8853620084945025,-1.265765097
-0.298167738,1.252152385,-0.804290592,1.6897916280889995
1.5816009432634635,-0.103131614,0.8036395317170895,1.7335285432406549
0.089304547,-0.117565072,0.43047099024671726,-1.627105221
0.28828897348989924,0.35480533631643846,0.2792690088583424,1.3454548963727613
-0.490168953,0.35430681919305546,0.908986884,-0.534251002
-1.806243925,-0.760687604,1.6709038108062872,-5.619822409
-1.871199986,-1.202222103,-2.118230434,-1.234059573
0.097189178,-0.886176779,-0.688622361,0.8227537955318284
0.833631535,1.0651359686464879,-0.624646129,2.0466241709011026
-1.297107669,-1.226311437,1.748970390051987,-3.830065693
0.5361506494227511,0.983288094,-0.941603436,4.466478929072224
1.7605368934659125,1.3570925908083074,1.9957926289005723,4.370695689
0.7354189055655852,0.24783499216700916,-1.402063046,3.4443643318260335
-0.652967185,-1.025026113,0.056296841642995164,-3.31450966
-0.767033252,-1.574268139,-0.836702896,-3.107500795
-1.618282129,-0.564840992,0.505226692,-3.21767904
0.043257332,0.9155753253289045,-0.486402977,2.696267910751974
-3.492341412,-1.79025063,-0.118917906,-3.801990503
1.6559277418881535,1.178131996093397,-0.860219866,5.1432810154058695
-1.939239247,-0.154692081,-0.055445051,-1.99980755
1.3242295305447025,0.33031534393597867,-0.829710189,2.7290051144468395
-2.499105876,-0.428006789,0.3248273542050126,-3.983245642
0.6198773662006394,0.48009340692241564,1.0649995533736547,0.5580999665092989
-0.064391971,-0.199358789,1.3077384450686442,0.5982143837717384
0.075592187,-0.803187241,0.6811431462781361,-0.137183899
2.0604456008966596,-0.156003288,0.5808350443297571,1.2759617745530958
1.9421432473487688,1.4858460045326598,0.834017011,4.430467642707038
0.7426026183405652,0.2793063802088465,0.34425292881949104,0.8802944938577033
-1.001297415,-0.486929886,1.4163905545863995,-2.267140917
-2.229702249,-2.157203743,0.9766687476802602,-4.227404498
-0.262861046,0.8571635944874562,1.0080319436555598,2.091654609292113
-1.044797575,-0.505298602,-0.582998523,-1.470849368
-0.151892647,0.10995078985996252,0.051657091,-1.340013742
-2.9509276,-0.997810231,-0.892193693,-4.26679092
-1.386170187,-1.257747585,0.6454658373712993,-2.050949049
2.267392136797168,2.437083014208397,1.072121597108819,7.548726471370959
1.730973564468845,1.0196873525502916,-1.139232504,5.569949227184065
-0.045735697,-1.072103402,0.024614965064849302,1.6596291213840808
1.5741614289189034,1.723465920055279,-0.712811913,5.699440167187144
0.35078155745134676,0.7432378,-0.408551886,0.3840633981298396
-1.46461697,-1.752668884,-0.500359539,-1.59509222
0.682254406,-0.019036223,0.47896550350145145,0.2537427637747407
0.1941105232627302,-0.365563543,1.135327575635708,-0.872534581
1.2557868082523698,0.27316301072544713,0.19878719899894529,3.4132161643506196
-0.181870816,-0.004486513,-0.313308729,-0.264350943
3.080405418729791,1.9036953966592292,1.3593005183507816,8.542469058
-0.100307639,1.414975569659477,-1.448595318,3.3619870921722694
0.6138708472851782,0.8354382324951266,1.1785804846772994,1.0618842666161847
-2.867095604,-1.674834708,-0.396078773,-3.236948825
0.7731761679894219,-0.746283297,-0.115626667,-1.452181558
-0.180980686,0.827580906,-0.932031064,0.41427209063495807
2.6039334514341563,1.1120171111447115,0.574869382,4.952160872351558
-0.251057022,-0.512307551,3.6981199213387828,-3.647693727
1.0450811907714577,0.97371047,0.22873292271105347,4.412944583888583
-0.271124879,-0.560697376,-0.439434097,1.4163019577375446
-0.01664359,-0.659637569,-1.501137282,1.4039721632049518
-1.118679797,-0.47431084,-1.587003487,0.28521451577175105
-0.617095212,-1.28928717,0.7040272239912516,-3.834704773
2.504094653080046,1.6500674014284262,1.8695014440569209,6.957679744
0.023889692482033986,0.906351343,-1.751704122,2.924131769692567
-1.362693108,-1.653481714,0.30398461958617123,-3.011710642
1.2075894364916206,1.5691895035589254,1.879105017146334,3.4378033889204276
0.8858335573978005,0.12654375763705858,1.665614827690688,0.7120876218017119
-1.358099772,-1.158937306,1.0654841480520123,-2.532639402
2.3140733263624167,1.4426773182394295,0.12343746635124943,4.774213578090135
0.16454654866694246,-0.09957901,-0.837199105,-0.502771488
-1.360140351,-0.197848523,-0.226221523,-2.255670816
-0.755370387,0.5843589443375717,0.9368108080880448,-0.952413286
-4.283446721,-2.19935489,-0.909280762,-2.00409973
2.7676269937073337,1.8981507686855557,-0.610488484,9.451329973388674
-1.314833159,-0.418635724,-0.403734577,-0.395413194
0.10791773479890465,-1.190959027,0.6869810665021224,-2.088063688
-1.2022798,-1.376499587,0.33275796242236333,-3.612280804
1.4370319841484678,0.5936457253719831,0.3959596913207276,2.993318072364355
-0.668815619,-0.437284174,-0.631472382,-0.653303726
-2.7170449,-1.517458226,0.49160099829272924,-5.672279732
1.233571088204025,2.335686325098146,1.5954792553728345,4.989012647623597
0.6744622683423978,0.4771286154886681,1.5936719907317707,1.0074947405688366
-1.745516601,-1.374493561,-0.653224388,-1.927804008
-0.754705065,-0.705858764,0.5381287708938322,-1.464093342
-0.801016692,-0.444718856,-0.796497202,-0.021609226
-1.103289043,-1.431667891,-0.198140198,-3.703930356
-0.321787931,-0.549598033,-1.465202315,1.150642436065942
0.6017382572256452,1.3193071447370721,0.30805444737343496,4.178900293820082
1.1291895651552721,-0.505829949,-1.534039994,2.270910098109012
-0.764684581,0.6964527550051635,-0.97648119,0.6266549998277495
-1.219353113,-0.848461565,1.00731531,-1.379317734
1.5390746371648507,0.06924072,-1.944730394,3.4958492626448803
-1.847373196,-1.359470177,-0.27776113,-3.0393446
-0.961030533,-0.40638262,-0.129142496,-3.168627262
-3.199241828,-1.213282745,-0.43049138,-4.916482069
0.28019136939345063,0.11477643619652178,-0.102242732,-1.488454556
2.900213878,2.032842281305891,0.012091183529160325,10.050064991751412
-1.248756847,-0.731314812,0.432424354,-4.246873111
-2.113690507,-1.53852218,0.18084486818991263,-1.876780945
0.8849390521542011,-0.250536752,0.5532840113282097,-0.090045166
-0.558565348,0.071579117,-1.380676563,0.3283110110919787
0.12785496455655299,2.383086806843968,-0.69735876,5.2306035538418065
0.584471574,0.001613175,-0.719326817,0.12195323646993894
1.1994544888341705,0.24864202459766693,0.8683844013555813,0.5947604856302069
2.315977940147676,0.6910222453818378,-0.419470339,3.881811549
-0.063396142,-1.028933009,1.6808348580898076,-2.488071321
-2.578491627,-0.7938316,1.6735094158906025,-5.078256102
-1.646460253,-0.701667095,0.31575667685776393,-2.480369296
-0.262148043,0.29716463385364295,0.5617850650621075,-0.521341659
0.4502863051721624,1.2975471189315637,-0.839499084,1.7334346959049707
-0.145491954,-0.137577004,-2.21007114,1.2830717143254984
-1.975900302,-3.178831835,0.3762281246133522,-3.883070681
0.24191262598841545,-0.726749152,-0.771559822,-0.389653861
-2.207440199,0.6779817690404919,-0.059509514,-3.42080191
-0.257465617,-0.526432478,-1.549700783,0.3512636812932057
-0.688551692,-0.112926018,1.587774684,-1.266569457
0.1638023311050893,0.092822244,1.4732419301697552,-0.919958219
1.1909586579327716,1.2363763994412895,-0.926279098,4.787662204473721
-0.405243528,0.40980626823141225,0.8789323892894123,-0.776623121
0.36563916883143693,-0.000552429,1.279355909719332,0.4382948343749906
-1.187924663,0.16557145853759528,-1.343787513,-1.380748608
1.363352616570456,0.6729239787288048,-0.666761204,4.340794687191273
0.6411242429190828,0.5318387072789992,0.44866857237468827,1.7103329322906107
-0.384051666,-1.599949667,-0.22059288,-2.743573335
1.1765862239388505,0.1893470594926149,0.036333976,2.54901242
0.14440797348950263,-0.341482828,-1.980392868,0.783757382
2.0670111814947663,0.4828606534186323,0.4635809773541571,3.588854077974175
0.5140265513338684,0.44966670738488634,-0.131075577,0.14743314427727605
-1.540862568,-1.130241389,-0.038082878,-3.042703309
3.0167967208309476,0.6850530733947572,-0.713258984,6.404442593518739
0.9213146225681061,0.5691628176081206,0.012696618377520988,3.7815279680375395
1.5157599594411726,-0.577744608,0.2608966717280526,0.9241025546664206
1.3793219728344372,0.775820232,0.6024369546325717,2.543276324979649
-0.148686762,-0.003827433,0.5179550568624007,-1.582204843
-0.701516589,-0.0977739,-0.572428509,-1.27667878
0.8925039128717462,0.5128216976256397,-0.007311129,1.511355562396926
-1.813239537,-0.492006753,-0.498803242,-0.766765808
2.5924718511994325,0.8785214937249964,-1.36979449,6.051937552015343
-1.640850392,-0.70863487,-1.094745308,-1.947091639
-3.654821171,-0.70661164,-1.765686669,-3.787635509
-0.881939932,-1.319151926,-2.145643883,-2.235992466
-1.63178002,0.2323839021321321,-0.219154476,-2.434784941
-0.512185462,-1.214555103,0.7803828496405801,-0.984252878
-0.675331111,-0.59242895,-1.258964884,-0.578078322
-2.503530935,-0.227016026,0.37441819106641394,-3.982271304
-0.582294415,-0.417179143,1.465444100697411,-1.690753108
-0.359169419,1.662667566543641,0.8096797821021268,0.7149777848892624
0.29788590730484843,0.16357255350424124,1.2314054232653813,-0.37225525
-1.386772634,-1.454985825,-0.386948301,-1.812966228
1.3288536629435899,0.3148829036552415,0.2028802453396535,3.050980330929895
-0.625013046,0.6816122901528582,0.47764659896882056,-1.730407433
-2.37853091,-1.909552445,0.4035355205023198,-3.440795208
0.9291597362119082,-1.364601423,0.274872515,-0.54321288
-0.633422412,0.15417561893825568,0.5202111915908882,0.085792305
-1.882258722,-0.521233587,-0.661946005,-3.506534895
0.067817038,-0.356603202,0.19548331620086665,-0.410857086
-0.278165161,0.2337838848518833,-0.411535585,-1.649242251
-0.703476384,-0.538080884,-1.011062923,-2.715220643
-0.664924685,-0.774150822,0.43837321742429414,-3.052172468
-1.073882519,-0.74047139,0.043790377089832015,-2.10825197
-1.488517138,0.2995236292763645,-0.580287974,-2.626458662
1.279084553824206,0.15894246189721342,0.2023560760490542,1.255338369981969
-1.415766152,-1.971705345,-0.595872252,-3.788552764
1.737188879244796,0.6289037978002896,0.059020803,2.4961427515843297
0.7144159055699284,0.10929270037714203,0.8321649274405208,1.5652934529271931
-1.354004224,-1.26921433,-0.691085535,-3.021367678
2.8175131188960396,2.1796581958936336,1.5056498879764104,8.140894486
0.8782414100128292,-0.043011047,0.7906608083520308,2.057312443062899
-3.327442326,-1.298487133,0.23783124711353631,-4.582413422
-1.037171959,0.2871535060802567,0.8886832926938446,-1.239302775
-0.325617552,-0.61899197,-0.650896327,-0.181633327
-1.715550012,-0.115236744,-1.074575783,-1.478967334
2.814649459201357,2.8648665576040706,1.4126766788809948,9.476222139
-0.450987532,0.688727404,2.1654517477325497,-0.461190229
1.1750976288996033,0.058845286,0.589206506,0.17200418182038124
0.19160122916499445,1.2530043348504483,0.18297914891873943,2.080546325073869
-0.082380095,-0.609337414,-0.925397866,-1.791105799
-2.210992635,-1.686984981,-0.0699615,-1.580831444
1.1200485076200477,0.3132067519907878,0.9733288311220322,-0.046249878
2.541745765171602,1.5394344360161356,0.40100611290577765,8.232784380413237
-1.850406615,-2.261650711,0.2976694691975538,-3.834570318
0.030363097738047684,0.6275532989673321,0.028980713949486512,1.1955258009828431
2.780443325397327,0.7697425908016984,-0.496738728,6.629349115006156
0.9062140911200187,0.6653553399475409,-0.715961315,2.3603152002041017
0.23613466681977874,0.4392082067876767,-0.20989134,2.4707266349856676
2.2971465826508504,0.2863216256099504,-0.444741083,4.363304864
-3.162037124,-1.12969281,-0.537071297,-3.238276377
1.5287945405337768,0.070445712,-0.923988471,4.990017151649974
2.847854588014811,2.3798520496255757,-0.25405338,9.323871089328486
0.5392989788241831,-0.497294704,0.10087477586183527,0.596131861
-1.088471777,-1.587553795,0.9365257556161638,-0.666723389
-1.210894707,-1.126084321,1.3949220615386277,-3.4270725
-1.160419554,-1.500003504,2.5749276157736043,-4.349249946
0.8329119031688264,0.5002205678748035,0.3064131988022981,1.300342271898879
-0.64232115,0.5395000690774994,-1.448233468,-1.631119312
-0.891611266,-0.3854004,0.7176289783486478,-1.050974205
0.4056826989179117,-0.475299887,-1.040756937,0.5816799263768941
-3.484018833,-1.065266803,-0.333964261,-6.038455751
1.0386292880430232,-0.300419791,1.0886065732285406,0.12258353313991105
0.8129590479078799,-0.196316511,1.556304590535166,0.3134795165687629
-0.24174139,0.6594326859708217,-0.56088249,-1.273199957
0.30253323692294676,-0.542748762,-0.568330129,-0.661014725
-0.808821745,-0.233615382,-0.223172991,-0.740202649
0.4406873682817824,-0.369293359,0.6216779014338788,0.10689122019597935
-0.64348598,0.11111137281433033,-0.203540814,-1.346025352
-0.646934939,-0.432157095,-0.208907922,-1.804527567
-1.034965882,0.016265822563627134,-0.265367601,-0.935234294
-0.092021638,0.39089838995435555,-0.064187715,1.0800523057933122
-0.930141951,-0.179843493,-0.226751386,-2.150775243
-0.31457219,-0.209766408,-0.977512271,-0.928042278
-0.013317362,-0.195209239,1.2240670000596616,-1.119213673
-1.390567039,-0.518982339,-0.924550172,-2.207758037
-2.233056377,-0.556314697,0.43873626592772474,-3.393270166
0.3856044506156851,-0.495651958,-0.583776927,0.046480178
1.432379360064774,1.4972089094729928,0.758869839,3.7111459663192172
1.0299816818878822,-0.330557393,-0.265875208,0.12479015060519971
0.8343660756043891,0.19134845977131984,-1.164265075,3.0474823270859193
-0.844788953,-1.534435913,1.1246915465477467,-3.877749481
-2.988933353,-0.769362016,-0.70107213,-3.607077838
-3.578568714,-1.867397057,-0.985375369,-3.808810843
-0.768543715,-1.199969894,-2.657579119,0.7599685185141459
1.5796746928501326,1.1048062199275843,1.1444518165052202,3.7061153874553665
0.2679608122291974,0.38392373269197416,0.25489132297835826,-1.711665105
-0.489732531,-1.941278293,-0.798466358,-1.476924832
0.29584311941205693,-0.198048074,2.775710214879021,-1.785727635
2.5068059211355953,1.456237069532302,-0.372838147,8.522690329
-1.639605202,-0.677127186,0.8897743694887854,-4.33985124
0.8743997995849945,0.6435936574905593,0.19793079422189022,0.8423700727430055
1.0200153852525873,0.8809136061138768,-0.271924298,2.6920625949170875
-1.64498538,-0.886455643,-1.188488842,-3.37284473
-0.450382961,-1.224514173,-0.796950089,-2.054356407
1.3241493923889593,0.5726756011579215,0.316585039,1.1953977189775322
-1.546824044,-0.994504716,-0.685109043,-4.13943592
1.3351031966802083,0.8607347766310869,1.0537767378513232,3.187612936124604
0.8939092059109279,0.23302382641032854,-1.760016388,3.847412495099271
2.4276850917857424,1.1429048122130219,-1.656103913,7.367955577165647
0.45370885211930156,-0.159410594,-0.718457991,0.8977652408897967
1.2249522111412687,1.1901651141273346,-0.962641583,5.451241743744679
-0.370488184,-0.669808337,0.6287417519350241,-0.841839419
0.1375507588985267,0.5225096556784674,-0.426643452,1.8623640625195703
-1.08569289,-0.38456837,0.7003134990110715,-1.786383255
1.425636193084212,1.8321873607528771,-0.884479259,6.748658089667956
0.4439274133366199,1.2740587984192238,-0.935395885,2.675367656166948
0.10377960608188563,-0.744830535,0.8931188193863283,-0.873473852
-1.693250911,0.1615721768697696,-1.097867115,-1.133555261
-1.281707793,-1.510936747,0.5289433839358438,-1.556130513
-0.795371514,-0.206534244,1.149209479999933,-2.119171028
2.2189680595544052,0.8275420038909038,2.097562887285288,1.2197761125822462
-1.226665835,-0.510142362,1.1703467586665672,-2.233312376
-1.141440302,0.3345308735257672,-0.002549091,-3.273079576
0.7861390366464973,-1.327289802,-0.994666437,1.4572796493740197
-0.394968232,-0.579852576,0.4779375806275564,-1.005123929
-0.485922413,-1.130349623,0.7172070875935173,-2.18498793
-0.104693007,-0.609141182,1.0648537286848232,-1.894619645
-3.237842636,-2.121319443,-0.154956988,-4.588262982
-0.876825418,-0.976314685,2.3792019112105947,-3.059231159
0.6853229109854955,-1.242593272,-2.355324267,0.16555737440040114
-1.839958643,-0.612999632,1.120753269018296,-5.570895934
-0.220368315,-0.474244132,-0.994113784,0.605667315
-1.556421419,-1.13561584,-0.870260393,-2.459323704
-0.133274418,-0.841907434,0.004134104,-1.905039058
-0.22700191,-0.703983154,0.37698036009594077,-0.588326136
-1.386614666,-1.006223033,-1.057872695,-1.913980103
0.26292939758562595,-1.106872736,0.5886149734547109,-2.017643619
2.6687540143251325,2.2247474617483225,-1.014415035,11.943826599753402
0.6120052409383805,-0.135396679,-0.044760021,0.8674032266527869
-3.048415968,-3.421374424,1.2986294741012314,-4.891863195
-1.496290356,0.9242985922558017,1.3070312571106169,-1.030685857
-2.388896187,-1.853613009,0.36003932188433463,-2.198999011
0.8623882426181816,0.8651179932825738,-0.909663073,4.318186480656376
0.14383825814629436,0.43401792569432085,0.15430194881056727,0.8019298680053766
2.4520559968804934,2.217421290863658,-0.185779872,9.782657339537423
0.6508006157485886,0.30513351244443065,0.032654616,2.782924025148257
-0.329150053,0.24599854564484308,1.6923537159622917,-0.914317351
-0.187103685,0.6411169706354537,1.1047459996006654,1.2647559555074634
2.4627515864757217,3.0273621983265726,1.1992265946664662,10.568247761340823
-1.447347172,-1.239513847,1.2897082464975882,-2.716343785
1.410052157452332,2.832222337582872,0.14879689637312157,8.088320912765518
1.3475036745879836,0.16134083471295324,-0.592223248,2.339990017963855
2.9683121775578396,1.326655843467553,0.5312080064916795,7.056098854057043
0.3799906874067848,0.6900820955793191,0.7340675386390124,1.8262198380841221
-1.489344569,-0.751987376,-0.38936052,-3.010603506
1.953993036883641,1.4357667412721944,2.039658421155155,6.452390074
0.6948834090238949,-0.289977516,-1.425731582,1.870144226500734
-0.121219707,0.03973551,-1.041779322,1.89527289
0.43732566208574136,0.8559576922026243,1.265022250023551,1.872505615198256
0.5052000389083929,1.0111011712938935,0.20382592690589482,0.5134806465755803
1.2807453807313127,0.9294543691799084,0.5277946971811968,3.5601064152061914
1.3300526676106768,-0.69129533,-0.043002164,-0.022521389
-0.12915082,-1.276564652,-1.344378984,-0.958726479
-2.30214284,-0.53410674,1.1125058710832978,-3.537485899
4.158352951658638,2.685528584392971,-0.464934999,16.575198369548083
-1.787401553,-1.271686681,-0.595599656,-2.178711221
-0.027947311,0.29445481242653276,-0.601145961,-0.661745008
1.7699937184387164,0.6544101222504982,0.7513273875731394,3.316778481671171
0.025387098327096902,0.47515384473435557,-0.697635929,0.8678131072885357
-0.223244179,-0.311139962,-0.26253787,-0.757627936
1.5879115695536026,1.8053773948192304,0.23250355,4.738433744545086
0.8994493724230939,-0.424254884,0.6133122485616025,0.2209066018703123
-1.199745693,-0.964230631,-0.857302896,-0.560639348
-1.128278171,-0.483335077,-0.112616105,-1.419901319
0.3449531621989974,-0.281726187,0.20377685481525976,-0.42151621
-0.298382523,0.6637042066804889,1.1238804303742373,-1.904207846
2.158491895548081,1.7422780217921294,0.6095460370168948,7.032723094105253
-0.29386196,-0.230263101,0.5850217149136655,0.22695611576891417
-1.129647155,-0.379524755,-1.060035085,-2.329662741
0.598965229,0.1977694894261942,-0.189832286,3.108264353821422
0.12638959877796863,1.2525469505008227,0.3121196687226156,2.2799087495923946
1.0587701743942932,0.7746353729761752,-0.112285016,4.223585608406598
-0.411498378,-0.252058617,-0.075712751,-0.620739592
0.033188056,-0.345365257,0.033303242652549685,-1.234751656
-0.151385024,-0.635071838,-1.038665862,-0.481237438
-0.846558233,-1.198762227,0.5803915558000688,-2.666478335
-2.511332494,-1.256411036,-0.025935712,-3.925836709
0.254877315,-0.153916519,0.8592414295833845,0.5404531156797594
-1.274457173,-0.628241348,1.9775452068955395,-2.259077629
1.582626549151255,1.352367252424397,0.9452876147456889,4.680696084921325
-2.162225119,-1.563200988,1.2563817313487147,-4.118663449
-3.428535987,-2.89094833,-0.485312147,-3.719729793
0.37409766442979303,0.10928804250930729,-0.48081916,1.3682599559553634
1.2793613914957722,0.471341234,-0.776485239,2.9044007407618335
2.2421441567355815,2.226014319092803,1.8129178666973005,5.759893948252279
-1.570042734,-0.835699837,-1.095873557,-3.150096048
0.1070239567274567,-0.082317865,-0.367557172,-0.087849328
0.048480962,1.4779138144960453,-0.334193988,0.1176023861659865
-0.987663495,-0.823272169,-0.537518016,-0.9143981
-0.454131431,-0.770420666,-0.544175258,-0.626389409
-1.527974663,-1.078719129,-0.584023994,-2.934898743
0.11501292768955607,0.9029913660392235,0.20331755013853925,2.1592003045157084
-1.244860549,-0.908752658,0.6886395335909026,-2.277453861
0.892208069,0.066541613,-0.805445421,2.262288550769578
-0.992988624,-0.891059511,-0.139878012,-3.078862759
-0.834078726,-0.777303342,-0.290828107,-0.926822656
-0.040641801,0.2646779191211535,0.5368982754411576,-1.897875818
0.5606751846009354,0.38155650936722346,-0.434449629,-0.777038893
-1.222611262,-1.071725982,-0.159402985,-0.602565462
0.5852558253217692,0.5514329126350561,-0.036395951,1.1253926438645623
0.4612159208089703,0.015154351879749428,-0.216548522,0.3257508083809647
-1.850289931,-0.135578243,-1.918045507,-0.555010396
1.5153700482479762,0.5856155567597768,0.2579704713770907,3.691276204980506
-1.054056313,1.2805076415654644,-2.049277632,-1.507199109
2.6069868047709313,-0.340555326,-1.214813102,1.4246817655101172
1.2315676834920466,0.4664642000339674,1.5243474525768963,2.0347266537923065
-1.219625635,-0.91547277,0.5619251671362326,-1.637556866
0.6606460700806103,0.99298963,0.021079579134297158,2.4919996988621205
0.6263549377015143,0.8378188031586695,-0.073804228,2.770388163170738
0.1791649190964969,0.7208669793530726,-0.292201373,1.3875486808512234
-3.115623643,-2.046100151,0.021057484964922945,-4.297497213
0.48866117207226994,0.5747526704165256,0.3530144146914447,1.146532290911823
1.6659112007908188,1.7651044645334422,-0.804609242,6.548075714343761
1.5329838446131479,0.2672940383402948,1.5133771530728333,1.9429506981293003
0.44455474384324334,0.7111623486456539,-0.351828304,1.2391900857814258
-0.578799568,0.058531321,-1.063028222,0.25679447646703085
0.569216242,1.2110176820310858,0.8905089182432798,2.0951526626819335
-1.415665273,-0.963460051,0.8764930785895971,-3.412810449
-1.209984034,-1.506240715,-0.307204722,-3.271607601
-0.721913072,-0.911673658,0.8529155056457972,-1.687905978
1.4996717110233353,1.6538043764690935,0.4821380177362344,5.411612042402859
-1.337474886,-1.574088166,-1.656160138,-3.028136022
0.39429800759183997,-0.452889278,0.34721781800088897,-1.405510874
0.4237200935706176,0.14034617959072965,-0.037738793,0.054532155
0.6717466004220556,1.531312637449977,0.768840777,3.3927390050410113
0.44555235301811813,0.1014329314980481,-0.778490585,1.4879090398635517
-0.51951722,-0.306430479,-0.861504578,-1.521166558
2.221830675227511,1.7070576606390793,1.038381145597645,6.937379107005501
1.5133492925843137,1.4752713704827691,0.7120411865743121,3.7656670883657926
-0.807959062,0.41239366031953156,0.1393153959220686,-2.886821781
-0.634319128,-1.254491054,-0.162000015,-1.528095896
2.2338927818149195,0.9122771239473934,0.7213266630536815,4.021217189042032
-0.686950161,-0.651793023,0.4412022642322631,-1.466579959
1.597389529,0.48941278545007594,0.4732034587777182,5.560696540282658
-0.810104198,-0.185437597,1.114653201,-1.701126908
0.9248963496764059,-0.258536232,0.6015108637326982,1.2483503511226761
0.2865079550528914,0.14372744354496092,0.940641889,-0.477746236
-0.542825211,-1.582198672,-0.458231466,-1.890964859
-0.880842193,-0.328470279,-0.426029378,1.3271356303866493
-0.453503386,-0.763620576,1.8694824945229307,-3.41491316
2.0020860117404027,1.3916830828252844,-0.713252771,3.8094838734576433
-0.179710188,0.037266957,-0.532158274,0.605242172
0.7299625242537408,0.22407340832538883,-0.036651121,2.223518287686802
0.26731618425653614,-1.45551632,1.216979930434177,-2.859403513
1.7662291499676783,0.8103155845264389,1.793639585239406,1.0641542686151926
-1.977084542,-2.576156907,-1.137107927,-2.370895823
-2.040028354,-0.343127116,0.8511754126328046,-3.447213785
-0.004314063,1.279226959868027,-1.555983746,2.0441300467648666
-0.131137712,0.5443045215725507,0.2329355772111938,-0.032999388
-1.610972296,-0.242520866,0.7738996322724581,-3.719740072
-1.300314676,-0.735636043,0.1925376924774084,-2.353712499
-0.750598455,-0.97803522,0.524661697,-0.567615892
0.5871219815414752,0.8730616984163838,-2.125622679,2.8843713244362257
-0.630401704,0.4013579709735336,-1.375575884,0.3670874308846147
-1.215257833,-1.074725473,-0.463195292,-2.487243822
-2.659063151,-0.764287487,2.1673440724056308,-5.634141764
-1.49830581,-1.042333967,0.526491838,-2.954623251
1.3108983763008693,0.9841784217077332,0.5366981956657458,2.841493608707765
-1.176909782,0.29910199959988076,0.16317223562463878,-2.121143304
-1.087517396,-0.581888994,0.34524901121561746,-2.388077653
-0.573844765,0.14988882821855778,1.077239082488926,0.7198454720555301
0.9925647861858768,0.5908238910183761,0.26209188133726213,2.5810102297351354
2.8814249999483974,1.400376751811081,-0.233383165,8.739780362202346
0.9112301953682329,0.043618002380209915,-0.086552789,1.5621346522992734
-0.834197359,-1.074767901,-0.009817331,-1.691075331
-0.362740906,-1.32379317,-0.831793041,-1.470864537
0.45392614984769564,-0.916833728,0.5594432266240079,-1.183688767
-1.158800277,-1.267280589,0.098092388,-1.238218686
1.078652438295195,1.3067809445237706,1.8455185986350748,1.9482449688719874
-1.811258249,-0.212965128,-0.140733947,-1.006264342
-1.315381691,-0.347905334,-0.878230531,-2.16954115
0.33143900316740993,-0.548811214,-0.713231641,-0.152513199
0.8952769330851915,0.6813689078627513,0.013275436815738626,2.819323578219838
-0.755437218,-1.709000034,-1.065325082,-2.018428222
-0.701293794,-0.346123348,-0.047660548,-2.406902181
-1.004204767,-0.967565854,-0.493395839,-1.321580638
1.4219087429545927,0.1919878837972262,-1.054496483,2.9966102551130476
1.3303055589891544,0.7332297070464896,-1.409841091,3.5361262097738453
-0.136461563,-0.124353788,-1.063600963,-2.133959221
1.5249705797049415,1.6016704642407302,0.067876072,4.575907914212171
-0.331016522,-0.512383618,-1.150608899,-1.264002088
1.9812311229066863,0.5602687286051363,0.7565420929425073,3.950040918478321
0.8414527540985565,1.0564053431050084,-1.039491277,1.9034517503416357
-0.394891437,-0.342791513,-0.46144746,-1.702983157
1.9374436899606633,1.2144547646893464,1.0689013037777437,4.547332436597237
2.1669707127268762,0.7873824509969319,-0.396794814,5.779430666414248
-0.279154247,0.8619585273776575,0.11569276084557771,-0.446249892
-0.037548351,0.5357829025125574,0.5753949712010403,-0.572476294
0.8360035022404005,0.7351382465124114,0.083090789,3.269164972574676
1.1278896022199179,-0.179875567,0.588911541,0.8420335550174458
1.0793608088364213,0.21570440017287373,-1.184800813,1.9111122104470954
-0.103813498,-0.81091776,-0.140859234,-0.538201696
-0.190426063,-0.443273821,1.348810881,-2.238441409
-0.92715211,-0.603482198,0.21774607234153684,-2.988989025
1.6857528855792154,0.4664791007171791,-0.513117963,4.0208928
-3.125005353,-1.481087167,1.7221664013175368,-5.042737182
-1.649286358,0.15994794946359273,-2.123564895,-0.434525792
-1.62022416,-0.989802829,-0.051598945,-3.067709205
-0.154882317,-1.37570784,0.7090081089352894,-1.575696807
-2.019459202,-2.333296419,0.3126155872188862,-4.255730654
-0.100237668,-0.242490348,0.33993180805149537,1.2136633561021246
2.810828312834779,1.7023316976689404,-0.355158926,7.962032766932901
-1.148877322,-1.375714852,-0.56797282,-0.194652229
-2.17659929,-1.617602742,-0.267638555,-4.468471229
1.2413397132602546,0.8192907562964563,-0.369197669,4.180410905465081
-1.767356351,-0.558516722,-0.030713716,-3.328701223
1.3212952476164683,0.5502539281180102,-1.412000071,4.732611790144617
0.990703798,-0.517946478,0.48964556567616985,0.8656984133330299
-0.391302491,-0.329293877,-0.548342738,0.22015674633870597
-0.340445863,0.047723951419737114,-0.324816175,0.6999276394875682
0.5967876922851595,0.5315378625703341,1.3217459259244837,0.32775466685387455
-2.028800229,-0.015183414,-1.92005499,-1.395599793
-0.168657077,-0.987049349,0.4830794084433678,-1.611884189
2.0592175573351037,0.6598528230691012,0.70006443,3.9006601791273448
0.15772033083291592,0.7413529787083756,0.039907135512243896,1.3159123199869638
-1.166699262,-0.535453449,0.3100901174932415,-1.707643609
-0.984993343,-0.032529364,-1.431768059,-1.367730732
1.815493671696291,1.6640588422499927,-0.907261396,6.089900607927122
-0.283861467,0.7151837767376327,-0.427158571,-0.633724119
-0.278772105,0.2741487982916844,0.090078089,1.0031083856106067
-2.028401921,-1.602251004,1.1818488849604187,-4.058561667
0.37085275382689353,-0.80184013,-0.706318252,-1.134603081
0.20573912804614336,-0.993946171,-0.391064534,-0.46930429
-0.019543064,0.9715432767905661,-0.067124539,0.3831853165649358
-0.770163148,0.31814337125731723,-0.432253922,-1.247409871
0.4518447014624808,-0.126738642,0.48280982873783246,0.6737228072770121
1.084526973,0.1986639830194111,-0.491513922,2.8528687955153154
0.1409899894187957,-0.219023201,0.3690287700038138,-0.335530068
-0.328903474,-0.084787453,0.410761235,-0.814653717
-0.554620151,-1.089286794,0.7686923195845323,-1.987827
0.005850818,0.30932713437615744,1.318934186459134,-1.164531823
-1.287588827,-1.708124899,0.8215039023790333,-2.92915493
-0.805497304,-1.000849235,-0.166834421,-3.379079296
0.8474589738096957,1.485537269980017,1.2169348301146214,4.298084331297481
-2.082465844,-1.233225423,0.043062702079954523,-1.506136126
-1.194380062,-0.741146039,-0.780075681,-0.151460838
-1.07085966,-0.010875517,-0.210632161,-1.049233344
2.0471836781827246,0.7619400779910361,-1.186667184,3.818878894706849
-3.0775996,-1.279043965,0.23753489362632957,-3.874257539
-0.069519833,-0.243136348,0.7387813229399631,-0.991699891
-1.160599116,-1.286810183,0.3755052608836056,-1.281554189
-0.83343956,-1.518394443,-0.247962243,-2.852993952
-2.837238986,-0.423969638,-1.983179375,-3.162613441
0.6593977542857268,0.49378950811147027,1.2282308014552232,-0.473223465
2.2605474824351957,0.8265579723082281,2.1637440916542117,5.709188792530148
-0.237773925,0.7162552004580701,0.41533582070798636,0.7221449219534815
0.3358816171283207,0.7288252121447442,-1.817690111,2.9759154547775237
-0.370004074,-0.990713903,0.5550541370055437,-0.733423134
2.5061532214443387,1.3688343603217306,-0.684084979,6.216505186367127
2.5699340783158933,1.233619559246453,0.9304674128475504,6.1887834552729455
0.1901503187981778,1.022163942972617,-0.0151512,0.6971865600552805
-1.184465361,-1.475928951,-0.287056074,-1.575303169
-0.121285555,-0.914356577,1.7062370771153739,-1.809818528
2.830206848916343,0.8259989021699481,-1.154575535,5.173403011562492
